-- phpMyAdmin SQL Dump
-- version 5.2.1
-- https://www.phpmyadmin.net/
--
-- Host: 127.0.0.1
-- Generation Time: Sty 12, 2024 at 02:20 PM
-- Wersja serwera: 10.4.32-MariaDB
-- Wersja PHP: 8.2.12

SET SQL_MODE = "NO_AUTO_VALUE_ON_ZERO";
START TRANSACTION;
SET time_zone = "+00:00";


/*!40101 SET @OLD_CHARACTER_SET_CLIENT=@@CHARACTER_SET_CLIENT */;
/*!40101 SET @OLD_CHARACTER_SET_RESULTS=@@CHARACTER_SET_RESULTS */;
/*!40101 SET @OLD_COLLATION_CONNECTION=@@COLLATION_CONNECTION */;
/*!40101 SET NAMES utf8mb4 */;

--
-- Database: `wypozyczalnia`
--

-- --------------------------------------------------------

--
-- Struktura tabeli dla tabeli `flota`
--

CREATE TABLE `flota` (
  `id` int(11) NOT NULL,
  `marka` varchar(30) NOT NULL,
  `model` varchar(30) NOT NULL,
  `rocznik` year(4) NOT NULL,
  `kolor` varchar(20) NOT NULL,
  `przebieg` int(11) NOT NULL,
  `moc_km` int(11) NOT NULL,
  `dostepny` tinyint(1) NOT NULL DEFAULT 1,
  `nr_rej` varchar(15) NOT NULL,
  `cena` int(11) NOT NULL
) ENGINE=InnoDB DEFAULT CHARSET=utf8 COLLATE=utf8_bin;

--
-- Dumping data for table `flota`
--

INSERT INTO `flota` (`id`, `marka`, `model`, `rocznik`, `kolor`, `przebieg`, `moc_km`, `dostepny`, `nr_rej`, `cena`) VALUES
(1, 'Volkswagen', 'T-Roc', '2016', 'czerwony', 236985, 193, 1, 'WRQA6RP', 700),
(2, 'Kia', 'Ceed', '2019', 'niebieski', 110332, 176, 1, 'WR8FLRA', 700),
(3, 'Dacia', 'Duster', '2020', 'niebieski', 91457, 110, 0, 'WRTKVTS', 300),
(4, 'Skoda', 'Kodiaq', '2014', 'biały', 90359, 146, 1, 'WRSXB1H', 400),
(5, 'Renault', 'Captur', '2019', 'czerwony', 20971, 180, 1, 'WR5DZIW', 900),
(6, 'Audi', 'Q5', '2015', 'czarny', 261130, 168, 1, 'WRP6YX6', 400),
(7, 'Hyundai', 'Tucson', '2013', 'biały', 60455, 114, 1, 'WR435SR', 600),
(8, 'Toyota', 'Aygo X', '2014', 'srebrny', 157143, 167, 1, 'WROF702', 900),
(9, 'Ford', 'Kuga', '2012', 'czerwony', 67441, 153, 1, 'WRSZBM3', 400),
(10, 'Audi', 'Q5', '2019', 'czerwony', 133577, 115, 0, 'WRUYT3D', 800),
(11, 'Skoda', 'Superb', '2013', 'czarny', 36599, 143, 1, 'WRCCA0R', 300),
(12, 'Renault', 'Trafic', '2013', 'czerwony', 108096, 167, 1, 'WRCE3NW', 200),
(13, 'Volkswagen', 'Tiguan', '2020', 'czarny', 216177, 169, 1, 'WRMBOPL', 600),
(14, 'Kia', 'XCeed', '2012', 'błękitny', 194597, 175, 1, 'WR1Q29W', 300),
(15, 'BMW', 'X5', '2019', 'błękitny', 101740, 182, 1, 'WRKSD3W', 500),
(16, 'Audi', 'Q5', '2015', 'biały', 86334, 112, 1, 'WRF30WL', 300),
(17, 'Skoda', 'Karoq', '2013', 'niebieski', 87889, 150, 0, 'WRQ24K0', 300),
(18, 'Skoda', 'Karoq', '2014', 'srebrny', 210529, 155, 0, 'WREC8MF', 900),
(19, 'Kia', 'Sportage', '2015', 'czerwony', 135840, 99, 0, 'WRJY6E2', 200),
(20, 'Mercedes', 'GLC', '2017', 'czarny', 149237, 120, 1, 'WR3NP1J', 500),
(21, 'Volkswagen', 'T-Roc', '2015', 'niebieski', 122593, 117, 1, 'WR6EM1S', 200),
(22, 'Toyota', 'Yaris', '2014', 'srebrny', 113201, 111, 1, 'WRCZVCL', 200),
(23, 'Volkswagen', 'Arteon', '2013', 'czerwony', 167086, 194, 1, 'WRHD0CD', 900),
(24, 'Hyundai', 'i30', '2019', 'srebrny', 64505, 128, 0, 'WR05F7T', 700),
(25, 'Toyota', 'Yaris', '2019', 'biały', 194945, 164, 1, 'WRCZ91L', 200),
(26, 'Kia', 'Stonic', '2016', 'błękitny', 182841, 145, 1, 'WRR17OF', 400),
(27, 'Skoda', 'Kodiaq', '2016', 'srebrny', 34569, 189, 1, 'WREOBEH', 1000),
(28, 'Toyota', 'C-HR', '2012', 'czerwony', 178687, 109, 1, 'WRFEHN9', 900),
(29, 'Mercedes', 'GLE', '2019', 'czerwony', 212346, 104, 1, 'WRTQUTP', 500),
(30, 'Kia', 'Ceed', '2017', 'czarny', 23755, 109, 1, 'WR7KVOT', 800),
(31, 'Renault', 'Captur', '2013', 'czerwony', 89574, 191, 0, 'WRLCGVO', 700),
(32, 'Renault', 'Trafic', '2014', 'czerwony', 189278, 100, 1, 'WRP4R43', 600),
(33, 'BMW', 'X5', '2012', 'niebieski', 261279, 189, 1, 'WRI7W4W', 600),
(34, 'Audi', 'Q5', '2014', 'biały', 187684, 128, 1, 'WRMR8XP', 200),
(35, 'Suzuki', 'Vitara', '2017', 'niebieski', 70703, 190, 0, 'WRV5FPE', 800),
(36, 'Skoda', 'Kamiq', '2020', 'błękitny', 293267, 126, 0, 'WRY3U1B', 200),
(37, 'Toyota', 'Corolla', '2019', 'błękitny', 232012, 157, 1, 'WRRT8EP', 1000),
(38, 'Skoda', 'Superb', '2015', 'srebrny', 71896, 119, 0, 'WR2S5K8', 800),
(39, 'Audi', 'A3', '2015', 'czarny', 19311, 124, 0, 'WRCZG40', 500),
(40, 'Volkswagen', 'Passat', '2020', 'srebrny', 39481, 176, 1, 'WR2MTCK', 900),
(41, 'Skoda', 'Octavia', '2019', 'niebieski', 165462, 100, 1, 'WRCI56M', 1000),
(42, 'Dacia', 'Duster', '2012', 'czarny', 96225, 185, 0, 'WR6KZVG', 400),
(43, 'Fiat', '500', '2017', 'czarny', 51955, 105, 1, 'WR39Y2S', 200),
(44, 'Skoda', 'Octavia', '2017', 'błękitny', 9649, 135, 1, 'WRPTZLR', 200),
(45, 'Skoda', 'Karoq', '2019', 'błękitny', 274629, 133, 1, 'WRAVVZR', 200),
(46, 'Toyota', 'Aygo X', '2020', 'czarny', 240343, 152, 1, 'WRIOMIA', 200),
(47, 'Hyundai', 'Tucson', '2017', 'niebieski', 219541, 115, 1, 'WR7TQH8', 800),
(48, 'Toyota', 'Corolla', '2021', 'czarny', 20527, 160, 0, 'WRPMEDF', 1000),
(49, 'Audi', 'A4', '2014', 'czarny', 265261, 138, 1, 'WR5SHMM', 300),
(50, 'Suzuki', 'Vitara', '2021', 'czarny', 256975, 103, 0, 'WRNGSOU', 1000),
(51, 'Volkswagen', 'Arteon', '2021', 'czerwony', 191470, 148, 1, 'WRLB0CK', 200),
(52, 'BMW', 'X3', '2018', 'biały', 80448, 132, 0, 'WRHJXTM', 200),
(53, 'Nissan', 'Qashqai', '2016', 'błękitny', 80563, 184, 1, 'WRBUBA8', 800),
(54, 'Ford', 'Kuga', '2018', 'srebrny', 42248, 177, 1, 'WR2QY6B', 300),
(55, 'Skoda', 'Kodiaq', '2017', 'srebrny', 249232, 130, 0, 'WRCMYZW', 300),
(56, 'Renault', 'Captur', '2012', 'srebrny', 241716, 109, 1, 'WRPQP6C', 900),
(57, 'Skoda', 'Scala', '2021', 'czarny', 78320, 176, 1, 'WRP6JE8', 200),
(58, 'Skoda', 'Fabia', '2019', 'czerwony', 237189, 98, 1, 'WR3QTVJ', 300),
(59, 'Toyota', 'Yaris Cross', '2021', 'błękitny', 266343, 125, 1, 'WRSCWJE', 600),
(60, 'Volkswagen', 'Golf', '2015', 'czerwony', 178832, 173, 1, 'WR0DB0C', 400),
(61, 'Kia', 'Sportage', '2018', 'czarny', 233576, 166, 0, 'WRNH795', 800),
(62, 'Volkswagen', 'Golf', '2012', 'biały', 11892, 135, 1, 'WR5IWXM', 400),
(63, 'Suzuki', 'Vitara', '2014', 'niebieski', 263757, 145, 1, 'WRBNP0E', 400),
(64, 'Toyota', 'C-HR', '2016', 'czarny', 267827, 184, 1, 'WRDWYYR', 500),
(65, 'Renault', 'Arkana', '2020', 'błękitny', 96473, 159, 1, 'WRJFXJB', 600),
(66, 'Volkswagen', 'Arteon', '2020', 'czarny', 208687, 103, 1, 'WRUMF02', 200),
(67, 'Hyundai', 'i20', '2013', 'biały', 167550, 98, 1, 'WRBRMQK', 400),
(68, 'Dacia', 'Sandero', '2017', 'błękitny', 14197, 93, 1, 'WRVRMDH', 700),
(69, 'Skoda', 'Superb', '2015', 'srebrny', 233052, 179, 1, 'WROME7R', 200),
(70, 'Mercedes', 'GLC', '2012', 'niebieski', 134478, 147, 1, 'WR1TFM2', 400),
(71, 'Skoda', 'Superb', '2014', 'srebrny', 108336, 190, 0, 'WRV441Q', 500),
(72, 'Ford', 'Puma', '2021', 'czarny', 75188, 139, 1, 'WRS7YCK', 500),
(73, 'Audi', 'Q3', '2017', 'czerwony', 54869, 170, 1, 'WRZDQCW', 700),
(74, 'Hyundai', 'i30', '2021', 'czarny', 282907, 143, 1, 'WRT596P', 800),
(75, 'Skoda', 'Kamiq', '2014', 'czerwony', 294760, 126, 1, 'WRD38YZ', 700),
(76, 'Renault', 'Arkana', '2018', 'czerwony', 115639, 179, 1, 'WR3K63W', 500),
(77, 'Mercedes', 'GLC', '2014', 'czarny', 114161, 130, 1, 'WRPMNPG', 600),
(78, 'Cupra', 'Formentor', '2016', 'niebieski', 130639, 113, 1, 'WR81UKJ', 700),
(79, 'Skoda', 'Scala', '2020', 'srebrny', 75658, 118, 1, 'WRST6JZ', 800),
(80, 'Volkswagen', 'Tiguan', '2018', 'czerwony', 231253, 112, 1, 'WR6MIH0', 800),
(81, 'Volkswagen', 'Arteon', '2014', 'srebrny', 51362, 135, 1, 'WRS0LCL', 500),
(82, 'BMW', 'X5', '2019', 'błękitny', 273900, 117, 0, 'WRLOW2T', 1000),
(83, 'Volkswagen', 'Tiguan', '2019', 'czerwony', 51752, 135, 0, 'WRCCP43', 600),
(84, 'Audi', 'A3', '2012', 'czerwony', 290338, 192, 1, 'WR6V87M', 600),
(85, 'Toyota', 'C-HR', '2018', 'błękitny', 141556, 159, 1, 'WRNDS3N', 800),
(86, 'Audi', 'Q3', '2020', 'czerwony', 78601, 161, 1, 'WRHL6M6', 600),
(87, 'Renault', 'Arkana', '2013', 'błękitny', 88499, 104, 1, 'WR14XOU', 1000),
(88, 'Mercedes', 'GLC', '2015', 'niebieski', 111612, 132, 1, 'WRI1Y72', 1000),
(89, 'Volkswagen', 'Passat', '2019', 'czerwony', 170715, 103, 1, 'WR5Z7MS', 700),
(90, 'Opel', 'Corsa', '2014', 'niebieski', 120630, 114, 1, 'WR7TMO1', 600),
(91, 'Audi', 'A4', '2016', 'srebrny', 125573, 187, 1, 'WR4N9MG', 400),
(92, 'Audi', 'A4', '2017', 'czarny', 244678, 145, 1, 'WR2RKXN', 1000),
(93, 'Skoda', 'Fabia', '2019', 'czerwony', 131921, 151, 1, 'WRWD2PJ', 1000),
(94, 'BMW', 'X3', '2021', 'czarny', 181205, 147, 0, 'WRED5PB', 1000),
(95, 'Toyota', 'Corolla', '2019', 'błękitny', 246544, 173, 0, 'WRHYBLK', 400),
(96, 'Toyota', 'Aygo X', '2014', 'błękitny', 145510, 146, 1, 'WRFTSND', 400),
(97, 'Audi', 'Q5', '2019', 'srebrny', 204342, 104, 1, 'WRCDOZ6', 400),
(98, 'Volvo', 'XC60', '2013', 'srebrny', 130339, 130, 1, 'WRS5SLO', 700),
(99, 'Mercedes', 'GLE', '2019', 'czerwony', 149779, 146, 1, 'WRASDAF', 400),
(100, 'Volvo', 'XC60', '2020', 'biały', 24228, 167, 1, 'WRGJYLN', 200),
(101, 'Kia', 'XCeed', '2019', 'biały', 100822, 184, 1, 'WRLNZ4S', 800),
(102, 'Skoda', 'Scala', '2020', 'biały', 37391, 160, 1, 'WR27B7X', 200),
(103, 'Audi', 'A3', '2019', 'biały', 188330, 124, 1, 'WRWOAC9', 700),
(104, 'Volkswagen', 'Tiguan', '2015', 'czarny', 284206, 100, 1, 'WR9ZUUG', 200),
(105, 'Kia', 'Stonic', '2014', 'czerwony', 86388, 137, 1, 'WRB49SV', 800),
(106, 'Toyota', 'Yaris Cross', '2016', 'srebrny', 236273, 95, 1, 'WRCGC8S', 300),
(107, 'Volkswagen', 'Arteon', '2012', 'srebrny', 48533, 114, 1, 'WR7H643', 1000),
(108, 'Skoda', 'Kodiaq', '2019', 'czerwony', 251409, 199, 1, 'WR7ZK9K', 600),
(109, 'Dacia', 'Duster', '2016', 'srebrny', 12732, 155, 0, 'WRZD95N', 200),
(110, 'Volvo', 'XC60', '2019', 'niebieski', 235510, 133, 1, 'WR3SGQ6', 500),
(111, 'BMW', 'Seria 5', '2016', 'biały', 33012, 101, 1, 'WR8MC4E', 300),
(112, 'Toyota', 'Yaris Cross', '2016', 'czerwony', 253439, 115, 1, 'WRX30KV', 900),
(113, 'BMW', 'X5', '2021', 'błękitny', 110209, 197, 1, 'WR4TJS5', 200),
(114, 'Kia', 'Stonic', '2014', 'błękitny', 176207, 137, 1, 'WRKYFDH', 1000),
(115, 'Volkswagen', 'Tiguan', '2016', 'biały', 101510, 167, 1, 'WROSYNB', 400),
(116, 'Volkswagen', 'Arteon', '2021', 'niebieski', 250071, 160, 1, 'WR7XX5W', 800),
(117, 'Renault', 'Arkana', '2017', 'biały', 9913, 130, 1, 'WRQR5NA', 1000),
(118, 'Mercedes', 'GLE', '2017', 'błękitny', 217839, 100, 1, 'WR706NA', 800),
(119, 'Kia', 'Sportage', '2015', 'srebrny', 190809, 136, 1, 'WRQEJEK', 200),
(120, 'Ford', 'Puma', '2015', 'srebrny', 239370, 159, 1, 'WR85PZH', 300),
(121, 'Skoda', 'Kamiq', '2014', 'czarny', 184396, 193, 1, 'WRX1L8J', 500),
(122, 'Mercedes', 'GLE', '2012', 'błękitny', 165241, 152, 1, 'WR3845L', 900),
(123, 'Audi', 'Q5', '2013', 'srebrny', 61045, 199, 1, 'WRBND29', 200),
(124, 'Renault', 'Arkana', '2013', 'czerwony', 220790, 168, 1, 'WRMA8FC', 1000),
(125, 'Hyundai', 'i20', '2021', 'błękitny', 48437, 189, 1, 'WRUPRCP', 600),
(126, 'Audi', 'Q5', '2021', 'błękitny', 62895, 104, 0, 'WR5IVEV', 700),
(127, 'Renault', 'Trafic', '2012', 'srebrny', 50746, 177, 1, 'WRPTJ0B', 600),
(128, 'Ford', 'Puma', '2015', 'biały', 270715, 193, 1, 'WR5ID7Q', 400),
(129, 'Audi', 'Q5', '2021', 'biały', 272425, 166, 1, 'WR4JNNH', 700),
(130, 'Renault', 'Arkana', '2017', 'niebieski', 60686, 91, 1, 'WRBF4EB', 600),
(131, 'Nissan', 'Qashqai', '2020', 'biały', 107755, 149, 1, 'WRT2RC6', 200),
(132, 'BMW', 'X3', '2015', 'czerwony', 59735, 111, 1, 'WRQP161', 900),
(133, 'Hyundai', 'Tucson', '2013', 'czerwony', 297077, 90, 1, 'WR3B53H', 300),
(134, 'Skoda', 'Superb', '2016', 'błękitny', 29449, 115, 0, 'WRNGKQ5', 1000),
(135, 'Volvo', 'XC40', '2018', 'niebieski', 153783, 184, 1, 'WRT6ZLZ', 700),
(136, 'Mercedes', 'GLC', '2018', 'czarny', 132919, 158, 1, 'WRKR0QV', 500),
(137, 'Skoda', 'Scala', '2012', 'czerwony', 208965, 112, 0, 'WRHA8VP', 600),
(138, 'Renault', 'Arkana', '2013', 'srebrny', 178850, 190, 1, 'WRI7M88', 1000),
(139, 'Renault', 'Trafic', '2016', 'niebieski', 91374, 177, 0, 'WRGTGYU', 600),
(140, 'Skoda', 'Karoq', '2021', 'czerwony', 30169, 118, 1, 'WRAYZKF', 800),
(141, 'Volkswagen', 'Passat', '2015', 'niebieski', 7731, 200, 1, 'WRGDOOT', 400),
(142, 'BMW', 'X3', '2015', 'niebieski', 199030, 198, 1, 'WRQ17TD', 900),
(143, 'Renault', 'Captur', '2015', 'czerwony', 177494, 137, 1, 'WRD3RQF', 600),
(144, 'Renault', 'Captur', '2017', 'czarny', 152620, 174, 1, 'WR3ZJ25', 500),
(145, 'Kia', 'Sportage', '2019', 'błękitny', 157922, 139, 1, 'WRGUZ29', 600),
(146, 'Hyundai', 'i30', '2015', 'niebieski', 285297, 110, 1, 'WRBH6KW', 500),
(147, 'Toyota', 'Yaris', '2012', 'czerwony', 77642, 173, 1, 'WR1FO1D', 500),
(148, 'Toyota', 'Corolla', '2019', 'srebrny', 192938, 111, 1, 'WR9E9JA', 800),
(149, 'Skoda', 'Karoq', '2014', 'czarny', 78031, 105, 1, 'WRU4CV0', 1000),
(150, 'BMW', 'Seria 3', '2012', 'srebrny', 135425, 133, 1, 'WRZFHBH', 400),
(151, 'Ford', 'Kuga', '2021', 'czerwony', 247550, 92, 1, 'WRXWJPL', 1000),
(152, 'Cupra', 'Formentor', '2019', 'biały', 137746, 120, 1, 'WRW5MNX', 800),
(153, 'Audi', 'Q3', '2012', 'biały', 118241, 136, 0, 'WROSUNS', 800),
(154, 'Toyota', 'Corolla', '2021', 'biały', 213048, 118, 1, 'WRWO6CS', 1000),
(155, 'BMW', 'X3', '2014', 'błękitny', 260032, 172, 1, 'WR15NT4', 700),
(156, 'Mercedes', 'GLC', '2013', 'srebrny', 73668, 193, 1, 'WRJGQAB', 200),
(157, 'Volkswagen', 'Tiguan', '2014', 'czarny', 60897, 177, 1, 'WRCCXS4', 200),
(158, 'BMW', 'X3', '2016', 'czarny', 167576, 124, 1, 'WRUIYX4', 600),
(159, 'Volkswagen', 'Arteon', '2020', 'błękitny', 198337, 194, 1, 'WRLFNUP', 800),
(160, 'Dacia', 'Sandero', '2014', 'czarny', 283565, 163, 1, 'WRY5ZGV', 1000),
(161, 'Skoda', 'Kamiq', '2019', 'srebrny', 74421, 110, 0, 'WRYYSSZ', 300),
(162, 'Audi', 'A4', '2017', 'czerwony', 5492, 159, 1, 'WRQ9GRC', 700),
(163, 'Hyundai', 'i30', '2014', 'niebieski', 226938, 164, 1, 'WRXOS2A', 200),
(164, 'Audi', 'A4', '2013', 'niebieski', 146411, 131, 1, 'WR6S17O', 200),
(165, 'Audi', 'A3', '2019', 'srebrny', 256266, 123, 0, 'WRIT5UR', 400),
(166, 'Hyundai', 'i20', '2017', 'srebrny', 155678, 189, 1, 'WRHW2JY', 700),
(167, 'Hyundai', 'i20', '2012', 'błękitny', 127654, 163, 1, 'WRIUJYA', 900),
(168, 'Volkswagen', 'Tiguan', '2017', 'biały', 169653, 169, 1, 'WRIATT8', 400),
(169, 'Skoda', 'Kodiaq', '2018', 'błękitny', 88093, 187, 1, 'WR9JWTR', 1000),
(170, 'Skoda', 'Karoq', '2016', 'błękitny', 84294, 151, 1, 'WRH1BZP', 1000),
(171, 'Hyundai', 'i20', '2014', 'niebieski', 139192, 149, 0, 'WRC4WXK', 1000),
(172, 'Ford', 'Puma', '2020', 'biały', 185966, 130, 1, 'WRN8JKA', 900),
(173, 'Hyundai', 'i30', '2012', 'biały', 122736, 170, 1, 'WR1ATKJ', 700),
(174, 'Mercedes', 'GLC', '2017', 'biały', 47479, 190, 1, 'WRD59RW', 800),
(175, 'Volvo', 'XC60', '2021', 'niebieski', 55153, 98, 0, 'WRW0J1I', 300),
(176, 'Volvo', 'XC60', '2021', 'czerwony', 168126, 142, 1, 'WRSLTPK', 300),
(177, 'BMW', 'X3', '2016', 'czerwony', 284966, 128, 1, 'WRX39SR', 500),
(178, 'Volkswagen', 'T-Roc', '2018', 'biały', 30134, 166, 1, 'WR8SDZF', 400),
(179, 'Dacia', 'Duster', '2012', 'czarny', 147417, 136, 0, 'WRDZ9CI', 200),
(180, 'Volvo', 'XC40', '2017', 'czarny', 138793, 158, 1, 'WRIMGVH', 500),
(181, 'Nissan', 'Qashqai', '2019', 'błękitny', 75896, 175, 1, 'WRWXO2K', 300),
(182, 'Dacia', 'Duster', '2018', 'czarny', 41390, 166, 1, 'WRST0C1', 300),
(183, 'Opel', 'Corsa', '2018', 'biały', 292651, 188, 1, 'WRKHDWI', 600),
(184, 'Volkswagen', 'Tiguan', '2020', 'błękitny', 64085, 198, 1, 'WRKJ1TF', 600),
(185, 'Audi', 'A4', '2019', 'błękitny', 254518, 156, 1, 'WR0R3N6', 300),
(186, 'Toyota', 'Corolla', '2020', 'czerwony', 228070, 144, 1, 'WRIVOLH', 200),
(187, 'Kia', 'Stonic', '2015', 'czarny', 213207, 105, 1, 'WRVJUGW', 900),
(188, 'Audi', 'Q5', '2021', 'czerwony', 272025, 163, 1, 'WRUG5A9', 1000),
(189, 'Volkswagen', 'T-Roc', '2012', 'czerwony', 21088, 90, 1, 'WR6ZEDC', 200),
(190, 'Renault', 'Captur', '2015', 'czarny', 201444, 104, 1, 'WRLOSLW', 400),
(191, 'Kia', 'Sportage', '2019', 'srebrny', 76340, 164, 0, 'WREZ5H5', 800),
(192, 'Volkswagen', 'Arteon', '2016', 'srebrny', 240581, 187, 1, 'WRHAGQZ', 900),
(193, 'Skoda', 'Superb', '2017', 'srebrny', 268686, 121, 1, 'WR026JT', 300),
(194, 'Audi', 'Q3', '2014', 'biały', 288314, 160, 1, 'WRUG1DT', 800),
(195, 'Kia', 'Ceed', '2015', 'błękitny', 166306, 166, 1, 'WRCXRPH', 200),
(196, 'Dacia', 'Sandero', '2013', 'niebieski', 146295, 101, 0, 'WRONSVV', 500),
(197, 'Toyota', 'C-HR', '2012', 'niebieski', 146072, 118, 1, 'WRDN6JZ', 200),
(198, 'Renault', 'Arkana', '2016', 'srebrny', 193652, 197, 1, 'WRPCRXR', 900),
(199, 'Volkswagen', 'Arteon', '2016', 'czarny', 182278, 119, 1, 'WR8FBII', 400),
(200, 'Opel', 'Corsa', '2018', 'czarny', 35501, 121, 1, 'WRJE94P', 600);

-- --------------------------------------------------------

--
-- Struktura tabeli dla tabeli `klienci`
--

CREATE TABLE `klienci` (
  `id` int(11) NOT NULL,
  `imie` varchar(30) NOT NULL,
  `nazwisko` varchar(30) NOT NULL,
  `nr_tel` bigint(20) DEFAULT NULL,
  `email` varchar(40) DEFAULT NULL,
  `data_ur` date DEFAULT NULL
) ENGINE=InnoDB DEFAULT CHARSET=utf8 COLLATE=utf8_bin;

--
-- Dumping data for table `klienci`
--

INSERT INTO `klienci` (`id`, `imie`, `nazwisko`, `nr_tel`, `email`, `data_ur`) VALUES
(1, 'GRZEGORZ', 'NOVAK', 48307311451, 'grz7746@gmail.com', '2005-11-04'),
(2, 'JULIAN', 'BARWIŃSKI', 48581111862, 'jul2780@gmail.com', '1993-11-26'),
(3, 'BARTOSZ', 'KNOPIK', 48895965608, 'bar3144@gmail.com', '1990-04-09'),
(4, 'MACIEJ', 'WANG', 48972225357, 'mac8578@gmail.com', '1964-06-16'),
(5, 'NORBERT', 'PODLASKI', 48754329722, 'nor2512@gmail.com', '1952-04-18'),
(6, 'MAKSYMILIAN', 'RYBA', 48940984274, 'mak3154@gmail.com', '1984-06-10'),
(7, 'KRYSTIAN', 'MARCHLEWSKI', 48729280484, 'kry6713@gmail.com', '1963-02-14'),
(8, 'MARIAN', 'CAŁKA', 48120828118, 'mar8884@gmail.com', '1988-09-15'),
(9, 'JAROSŁAW', 'KACPRZYK', 48239807346, 'jar7087@gmail.com', '2003-01-08'),
(10, 'WOJCIECH', 'GÓRNY', 48326250835, 'woj9222@gmail.com', '1940-04-03'),
(11, 'RAFAŁ', 'BŁASZCZYK', 48767835817, 'raf9758@gmail.com', '1990-04-24'),
(12, 'BARTOSZ', 'FRONCZAK', 48699337179, 'bar5893@gmail.com', '1960-05-12'),
(13, 'LESZEK', 'WALIGÓRA', 48600277220, 'les5182@gmail.com', '1960-11-10'),
(14, 'PATRYK', 'KASZUBA', 48816270746, 'pat1281@gmail.com', '1989-05-15'),
(15, 'KRZYSZTOF', 'CHLIPAŁA', 48237036456, 'krz9041@gmail.com', '1975-06-14'),
(16, 'DARIUSZ', 'PYREK', 48945641596, 'dar3423@gmail.com', '1994-05-02'),
(17, 'ZYGMUNT', 'STALMACH', 48367383471, 'zyg6851@gmail.com', '1967-04-14'),
(18, 'IGNACY', 'MORAWIEC', 48373590082, 'ign5487@gmail.com', '1971-08-28'),
(19, 'KAMIL', 'KOWNACKI', 48728957239, 'kam6082@gmail.com', '1973-01-26'),
(20, 'JAROSŁAW', 'JARCZYŃSKI', 48414916520, 'jar6558@gmail.com', '2002-09-10'),
(21, 'CZESŁAW', 'KORUS', 48233420006, 'cze7555@gmail.com', '1992-01-26'),
(22, 'MIŁOSZ', 'DONIEC', 48358501482, 'mił9186@gmail.com', '1999-08-09'),
(23, 'FILIP', 'CZAPLICKI', 48507985501, 'fil5428@gmail.com', '1991-03-21'),
(24, 'PRZEMYSŁAW', 'SHPAK', 48877658561, 'prz6175@gmail.com', '1942-01-07'),
(25, 'MAREK', 'BUREK', 48620479838, 'mar6803@gmail.com', '1957-06-12'),
(26, 'BOGDAN', 'WLAZŁO', 48372022782, 'bog3368@gmail.com', '1983-09-11'),
(27, 'MAREK', 'STANKOWSKI', 48636022797, 'mar2530@gmail.com', '2005-03-22'),
(28, 'ROMAN', 'KUFEL', 48306236136, 'rom7203@gmail.com', '1994-05-11'),
(29, 'KONRAD', 'TROCHA', 48982471397, 'kon1992@gmail.com', '1974-11-07'),
(30, 'ANTONI', 'BARTNIK', 48650835862, 'ant4225@gmail.com', '2000-07-01'),
(31, 'RAFAŁ', 'IDZIKOWSKI', 48672002520, 'raf5594@gmail.com', '1980-09-04'),
(32, 'DARIUSZ', 'SZCZĘŚNIAK', 48483185339, 'dar2477@gmail.com', '1980-10-16'),
(33, 'BARTŁOMIEJ', 'DMOWSKI', 48922033989, 'bar4061@gmail.com', '2004-04-07'),
(34, 'GRZEGORZ', 'GACH', 48552332689, 'grz4368@gmail.com', '1997-05-24'),
(35, 'IGNACY', 'TARAS', 48943962874, 'ign2438@gmail.com', '1967-10-24'),
(36, 'DARIUSZ', 'WIĘCKOWSKI', 48895735344, 'dar9584@gmail.com', '1948-03-25'),
(37, 'ADRIAN', 'GADOMSKI', 48479845172, 'adr7341@gmail.com', '1941-11-26'),
(38, 'ALEKSANDER', 'GLIŃSKI', 48450879357, 'ale7782@gmail.com', '1940-09-25'),
(39, 'OSKAR', 'PABICH', 48618319057, 'osk7279@gmail.com', '1945-11-25'),
(40, 'WŁODZIMIERZ', 'FILIPIAK', 48289592634, 'wło4455@gmail.com', '1962-08-19'),
(41, 'JAN', 'SZPUNAR', 48546321874, 'jan2324@gmail.com', '1999-11-17'),
(42, 'PIOTR', 'BLOK', 48224103652, 'pio6544@gmail.com', '1961-12-07'),
(43, 'OLIWIER', 'PROKOPIUK', 48906826344, 'oli2909@gmail.com', '1967-09-14'),
(44, 'ROBERT', 'KOMOREK', 48151625979, 'rob9786@gmail.com', '1963-12-15'),
(45, 'DAMIAN', 'GRZEGORZEK', 48140307616, 'dam5120@gmail.com', '1978-03-16'),
(46, 'IRENEUSZ', 'JANIK', 48818922556, 'ire9991@gmail.com', '1947-02-02'),
(47, 'IRENEUSZ', 'POTĘPA', 48485281620, 'ire1345@gmail.com', '1947-04-15'),
(48, 'FELIKS', 'WALTER', 48152456964, 'fel7549@gmail.com', '1976-10-04'),
(49, 'RADOSŁAW', 'DYMOWSKI', 48291070407, 'rad7751@gmail.com', '1940-03-05'),
(50, 'WIESŁAW', 'JUDA', 48753992005, 'wie3170@gmail.com', '1950-02-17'),
(51, 'BARTŁOMIEJ', 'OLCHAWA', 48236690498, 'bar7823@gmail.com', '2004-04-10'),
(52, 'KONRAD', 'KULIŚ', 48565135218, 'kon7268@gmail.com', '1942-02-16'),
(53, 'LESZEK', 'MIODUSZEWSKI', 48848526907, 'les9075@gmail.com', '1982-12-25'),
(54, 'ANDRZEJ', 'ROGÓŻ', 48295908662, 'and6775@gmail.com', '1962-03-22'),
(55, 'DAMIAN', 'VOLOSHYN', 48300238793, 'dam7822@gmail.com', '1982-05-24'),
(56, 'CZESŁAW', 'DZIKI', 48815652201, 'cze4885@gmail.com', '1964-01-06'),
(57, 'PATRYK', 'SŁAWIŃSKI', 48511967422, 'pat8268@gmail.com', '1976-05-26'),
(58, 'ZBIGNIEW', 'MATUSZYK', 48772067191, 'zbi8558@gmail.com', '1964-10-03'),
(59, 'CEZARY', 'WENCEL', 48877016347, 'cez4058@gmail.com', '1957-02-21'),
(60, 'LUDWIK', 'KUSHNIR', 48217623689, 'lud4758@gmail.com', '1954-01-13'),
(61, 'ZYGMUNT', 'MISZTELA', 48495656747, 'zyg8963@gmail.com', '1971-07-21'),
(62, 'IGOR', 'KOSTRZEWSKI', 48921912395, 'igo7551@gmail.com', '1975-01-20'),
(63, 'NORBERT', 'LASKA', 48850123498, 'nor9543@gmail.com', '1992-12-23'),
(64, 'MIŁOSZ', 'GĄDEK', 48683298285, 'mił7517@gmail.com', '1968-04-17'),
(65, 'ANTONI', 'PIEKARCZYK', 48262261620, 'ant3820@gmail.com', '1967-07-26'),
(66, 'MIŁOSZ', 'POLCYN', 48972029302, 'mił7853@gmail.com', '1979-12-16'),
(67, 'STEFAN', 'KOCJAN', 48901411094, 'ste8371@gmail.com', '1994-09-09'),
(68, 'WALDEMAR', 'CZARNIK', 48857701928, 'wal6422@gmail.com', '1953-06-24'),
(69, 'ALEKSANDER', 'KOSIERADZKI', 48668581942, 'ale9185@gmail.com', '1993-03-11'),
(70, 'KAMIL', 'CEGIELSKI', 48982920902, 'kam4085@gmail.com', '1998-06-14'),
(71, 'OLIWIER', 'ŁĄTKA', 48309718931, 'oli8208@gmail.com', '1959-02-03'),
(72, 'RADOSŁAW', 'ZBLEWSKI', 48305190613, 'rad7214@gmail.com', '1970-04-10'),
(73, 'HUBERT', 'NASKRĘT', 48553953958, 'hub4961@gmail.com', '1953-07-22'),
(74, 'OSKAR', 'GONCIARZ', 48281246152, 'osk2134@gmail.com', '1994-01-19'),
(75, 'DARIUSZ', 'OZDOBA', 48403009949, 'dar5832@gmail.com', '1947-08-10'),
(76, 'BOGDAN', 'ANDRZEJCZYK', 48586215519, 'bog4162@gmail.com', '1957-04-25'),
(77, 'ZYGMUNT', 'PIECYK', 48367470073, 'zyg3417@gmail.com', '1948-05-05'),
(78, 'PRZEMYSŁAW', 'SARNOWSKI', 48159698800, 'prz6338@gmail.com', '1987-05-27'),
(79, 'DANIEL', 'KONARSKI', 48456136595, 'dan6063@gmail.com', '1972-01-23'),
(80, 'JACEK', 'KOWALEWSKI', 48173910163, 'jac7853@gmail.com', '1981-12-20'),
(81, 'IGOR', 'CHROMIŃSKI', 48973846065, 'igo1884@gmail.com', '1966-03-14'),
(82, 'WIKTOR', 'SZCZUKA', 48452402219, 'wik3985@gmail.com', '1958-10-24'),
(83, 'NORBERT', 'TRZNADEL', 48718913379, 'nor4957@gmail.com', '1941-11-28'),
(84, 'PATRYK', 'GRABARZ', 48184196338, 'pat4572@gmail.com', '1975-04-11'),
(85, 'RAFAŁ', 'ZAJDA', 48252933378, 'raf3990@gmail.com', '1982-01-26'),
(86, 'DOMINIK', 'KOTOWICZ', 48496778368, 'dom8599@gmail.com', '1948-11-20'),
(87, 'MARCEL', 'MACIEJAK', 48232268337, 'mar6207@gmail.com', '1952-04-10'),
(88, 'WIKTOR', 'KULYK', 48310450551, 'wik7375@gmail.com', '1974-09-08'),
(89, 'EDWARD', 'MAJKUT', 48468609542, 'edw9279@gmail.com', '1956-03-19'),
(90, 'ADRIAN', 'JÓZEFIAK', 48786660661, 'adr5818@gmail.com', '1955-08-03'),
(91, 'ARKADIUSZ', 'BAJKOWSKI', 48814321074, 'ark9111@gmail.com', '1987-06-18'),
(92, 'LUCJAN', 'RUDZIŃSKI', 48845247221, 'luc4851@gmail.com', '2003-06-06'),
(93, 'DOMINIK', 'DANISZEWSKI', 48954818286, 'dom6588@gmail.com', '1980-11-19'),
(94, 'MARIUSZ', 'JAMROZIK', 48675629069, 'mar1971@gmail.com', '1952-10-28'),
(95, 'MIECZYSŁAW', 'OLCZYK', 48989562857, 'mie2042@gmail.com', '1963-08-16'),
(96, 'KAMIL', 'BARTOSIŃSKI', 48877759846, 'kam4139@gmail.com', '1996-02-27'),
(97, 'STANISŁAW', 'KOTULSKI', 48659076454, 'sta3653@gmail.com', '1947-09-05'),
(98, 'MIKOŁAJ', 'DMYTRUK', 48350994109, 'mik9190@gmail.com', '1956-05-09'),
(99, 'KAROL', 'MISHCHENKO', 48419555127, 'kar7457@gmail.com', '1970-05-05'),
(100, 'MARIUSZ', 'KAŹMIERCZAK', 48434711274, 'mar6036@gmail.com', '1991-09-26'),
(101, 'FILIP', 'OPARA', 48887803870, 'fil3095@gmail.com', '1986-02-07'),
(102, 'ADAM', 'ŻELAZNY', 48365716499, 'ada9591@gmail.com', '1958-12-07'),
(103, 'JAKUB', 'ZAWISZA', 48298243429, 'jak9650@gmail.com', '1983-05-02'),
(104, 'SYLWESTER', 'KUDZIA', 48521691002, 'syl6593@gmail.com', '1974-07-12'),
(105, 'SEBASTIAN', 'UKLEJA', 48562343027, 'seb8340@gmail.com', '1986-06-18'),
(106, 'ALAN', 'PIELA', 48100270928, 'ala5190@gmail.com', '1947-09-27'),
(107, 'DARIUSZ', 'MALESZEWSKI', 48845722870, 'dar9034@gmail.com', '1952-05-15'),
(108, 'DOMINIK', 'JURCZYK', 48113165977, 'dom6274@gmail.com', '1962-02-03'),
(109, 'SZYMON', 'OLENDER', 48137112966, 'szy6130@gmail.com', '1949-06-19'),
(110, 'WIKTOR', 'BOLESTA', 48468069705, 'wik4434@gmail.com', '1956-08-16'),
(111, 'BARTOSZ', 'FRANKOWSKI', 48349594874, 'bar5852@gmail.com', '1991-08-15'),
(112, 'GRZEGORZ', 'GRENDA', 48817845805, 'grz1956@gmail.com', '1957-04-23'),
(113, 'ROBERT', 'WOJTALA', 48912571788, 'rob1358@gmail.com', '1979-11-09'),
(114, 'ALAN', 'ZIEMBA', 48491101656, 'ala9183@gmail.com', '1988-01-18'),
(115, 'ALEKSANDER', 'MĄKOSA', 48276244046, 'ale8591@gmail.com', '1965-06-16'),
(116, 'ADAM', 'BIELICKI', 48288533891, 'ada8021@gmail.com', '1944-09-28'),
(117, 'RADOSŁAW', 'SZOTA', 48291529979, 'rad4920@gmail.com', '1953-01-09'),
(118, 'RAFAŁ', 'KISIEL', 48501813628, 'raf2469@gmail.com', '1971-08-14'),
(119, 'MIECZYSŁAW', 'DANIELAK', 48108512542, 'mie6627@gmail.com', '1982-10-12'),
(120, 'JANUSZ', 'WOJTAŚ', 48486682083, 'jan9986@gmail.com', '1992-03-10'),
(121, 'KRYSTIAN', 'JANIAK', 48598294379, 'kry6472@gmail.com', '2005-01-08'),
(122, 'RADOSŁAW', 'OŻGA', 48863275334, 'rad9544@gmail.com', '1950-03-12'),
(123, 'STANISŁAW', 'TOMKOWIAK', 48436148094, 'sta6101@gmail.com', '1983-11-22'),
(124, 'KRYSTIAN', 'ŚWITOŃ', 48849587455, 'kry1907@gmail.com', '1978-04-16'),
(125, 'ADAM', 'BOCIAN', 48531645104, 'ada5040@gmail.com', '1948-07-05'),
(126, 'JACEK', 'ĆWIERTNIA', 48116976610, 'jac3593@gmail.com', '1976-11-28'),
(127, 'WIESŁAW', 'PIETRUSZEWSKI', 48445931541, 'wie6014@gmail.com', '1982-03-14'),
(128, 'SEBASTIAN', 'STACHNIK', 48642437834, 'seb5709@gmail.com', '1962-05-22'),
(129, 'LECH', 'GRZYB', 48465086556, 'lec8800@gmail.com', '1947-11-08'),
(130, 'WALDEMAR', 'JASKOT', 48529317904, 'wal7983@gmail.com', '1984-06-27'),
(131, 'MIŁOSZ', 'JAWOR', 48621756540, 'mił7178@gmail.com', '1990-08-23'),
(132, 'JÓZEF', 'KOSZELA', 48288571537, 'józ1246@gmail.com', '1973-03-11'),
(133, 'ZENON', 'MIAZEK', 48821329032, 'zen3968@gmail.com', '1999-09-06'),
(134, 'FRANCISZEK', 'JASKÓŁKA', 48918585448, 'fra9941@gmail.com', '1982-12-01'),
(135, 'BRONISŁAW', 'RODZEŃ', 48188093121, 'bro1368@gmail.com', '2005-06-02'),
(136, 'JAROSŁAW', 'ŚWIĄTEK', 48522570815, 'jar1229@gmail.com', '1957-02-05'),
(137, 'WŁADYSŁAW', 'OKOŃSKI', 48930232037, 'wła4707@gmail.com', '1998-02-24'),
(138, 'MATEUSZ', 'BŁASZCZYK', 48132862013, 'mat7472@gmail.com', '2000-08-21'),
(139, 'SEBASTIAN', 'BYRSKI', 48380166744, 'seb6812@gmail.com', '1947-09-21'),
(140, 'ZENON', 'SZUMSKI', 48492096689, 'zen4372@gmail.com', '1997-03-17'),
(141, 'MARIUSZ', 'PIECHOWICZ', 48528924492, 'mar8656@gmail.com', '1960-11-20'),
(142, 'ALAN', 'JONIEC', 48665803922, 'ala2646@gmail.com', '2003-01-01'),
(143, 'WŁODZIMIERZ', 'SKROK', 48399176694, 'wło7237@gmail.com', '1973-01-11'),
(144, 'HUBERT', 'GAŁKOWSKI', 48123267778, 'hub3861@gmail.com', '1945-02-11'),
(145, 'PRZEMYSŁAW', 'WĘGLEWSKI', 48181463711, 'prz4186@gmail.com', '2005-12-15'),
(146, 'WIESŁAW', 'URBANOWSKI', 48747232083, 'wie1855@gmail.com', '1997-07-18'),
(147, 'SEBASTIAN', 'HOFMAN', 48784535719, 'seb7292@gmail.com', '1951-01-15'),
(148, 'LUCJAN', 'JEDLIŃSKI', 48904668142, 'luc1550@gmail.com', '1982-09-03'),
(149, 'STANISŁAW', 'KULCZYK', 48153000305, 'sta5550@gmail.com', '1993-12-11'),
(150, 'RAFAŁ', 'BARA', 48837809768, 'raf3986@gmail.com', '2002-12-05'),
(151, 'HENRYK', 'BANAŚ', 48691899124, 'hen6655@gmail.com', '1982-08-05'),
(152, 'ADAM', 'DOMIN', 48621578154, 'ada3310@gmail.com', '1959-10-10'),
(153, 'MARIUSZ', 'POŚPIECH', 48865625949, 'mar2271@gmail.com', '1948-01-17'),
(154, 'DANIEL', 'ROMAŃCZYK', 48940045021, 'dan6618@gmail.com', '1943-09-08'),
(155, 'BERNARD', 'WASIK', 48821653782, 'ber3675@gmail.com', '1950-10-11'),
(156, 'PRZEMYSŁAW', 'MAMEDOV', 48258474826, 'prz5863@gmail.com', '1962-08-14'),
(157, 'MARCEL', 'FISZER', 48589727034, 'mar6376@gmail.com', '1950-06-12'),
(158, 'ROMAN', 'KOPCIŃSKI', 48402004859, 'rom3678@gmail.com', '1969-09-13'),
(159, 'BOGDAN', 'PĘCAK', 48487884821, 'bog3427@gmail.com', '1952-04-08'),
(160, 'ZBIGNIEW', 'ŚMIGIEL', 48746327846, 'zbi7241@gmail.com', '1981-04-05'),
(161, 'KACPER', 'BIAŁOBRZESKI', 48869654410, 'kac9850@gmail.com', '1943-06-18'),
(162, 'SEBASTIAN', 'PODGÓRNY', 48536754983, 'seb1366@gmail.com', '1997-06-14'),
(163, 'KRYSTIAN', 'GRZONKA', 48212586519, 'kry4790@gmail.com', '1945-05-03'),
(164, 'ADAM', 'RADZIKOWSKI', 48576363585, 'ada8156@gmail.com', '2004-07-04'),
(165, 'TADEUSZ', 'KUBIŃSKI', 48534774820, 'tad6739@gmail.com', '1949-02-06'),
(166, 'ANDRZEJ', 'RAJCHEL', 48796524394, 'and1390@gmail.com', '1992-02-14'),
(167, 'KRZYSZTOF', 'KOT', 48221840997, 'krz6668@gmail.com', '1958-09-28'),
(168, 'GRZEGORZ', 'SMOLARCZYK', 48315861286, 'grz4521@gmail.com', '1998-09-12'),
(169, 'LUCJAN', 'SKOLIMOWSKI', 48158735311, 'luc1918@gmail.com', '1954-06-24'),
(170, 'CEZARY', 'MIGDALSKI', 48763205957, 'cez8927@gmail.com', '1994-04-06'),
(171, 'MAKSYMILIAN', 'GRZESIK', 48801433018, 'mak3560@gmail.com', '1946-04-10'),
(172, 'BOLESŁAW', 'KONOPKO', 48619794767, 'bol2532@gmail.com', '1967-01-09'),
(173, 'BERNARD', 'KOLOMIIETS', 48789449264, 'ber1050@gmail.com', '1948-05-25'),
(174, 'SŁAWOMIR', 'WASZKIEWICZ', 48322874311, 'sła2240@gmail.com', '1953-09-11'),
(175, 'LUCJAN', 'ŻELAZNY', 48298050889, 'luc2307@gmail.com', '2001-04-04'),
(176, 'FELIKS', 'PIĘTA', 48459576239, 'fel7070@gmail.com', '1993-10-13'),
(177, 'ZBIGNIEW', 'BARTOS', 48614977937, 'zbi8616@gmail.com', '1994-04-01'),
(178, 'EDMUND', 'KOSZYK', 48705124598, 'edm8704@gmail.com', '1976-03-18'),
(179, 'KAROL', 'BADOWSKI', 48787386238, 'kar3348@gmail.com', '1944-04-02'),
(180, 'ARKADIUSZ', 'JODŁOWSKI', 48670147075, 'ark6230@gmail.com', '1950-11-22'),
(181, 'ANTONI', 'MARCHUK', 48659514075, 'ant2121@gmail.com', '1967-06-19'),
(182, 'MARIAN', 'SAWICZ', 48342754633, 'mar8533@gmail.com', '1941-02-03'),
(183, 'WALDEMAR', 'MAŃCZAK', 48915717236, 'wal9530@gmail.com', '1953-02-17'),
(184, 'MIŁOSZ', 'KLUCZYŃSKI', 48264403747, 'mił8261@gmail.com', '1972-11-17'),
(185, 'LESZEK', 'FURMAN', 48974604525, 'les7946@gmail.com', '1961-10-21'),
(186, 'GRZEGORZ', 'GAJEWSKI', 48708439637, 'grz9420@gmail.com', '1994-01-19'),
(187, 'JULIAN', 'JACHIMOWSKI', 48834520390, 'jul7079@gmail.com', '1988-07-12'),
(188, 'STEFAN', 'ANDRUSZKIEWICZ', 48614556006, 'ste2949@gmail.com', '1946-07-07'),
(189, 'ARTUR', 'KURA', 48871110248, 'art5840@gmail.com', '1983-08-28'),
(190, 'ANDRZEJ', 'WAWER', 48266363246, 'and5023@gmail.com', '1967-07-02'),
(191, 'FELIKS', 'DOBRZYŃSKI', 48907985150, 'fel8715@gmail.com', '1991-09-09'),
(192, 'LECH', 'MASTERNAK', 48256566486, 'lec1152@gmail.com', '1972-01-24'),
(193, 'SŁAWOMIR', 'FORYŚ', 48236326738, 'sła1162@gmail.com', '1989-01-05'),
(194, 'SZYMON', 'RACHWALSKI', 48189116856, 'szy8970@gmail.com', '1972-03-18'),
(195, 'NORBERT', 'RABENDA', 48430298238, 'nor3042@gmail.com', '1988-05-24'),
(196, 'TOMASZ', 'GŁOWIŃSKI', 48400801344, 'tom1697@gmail.com', '2001-11-10'),
(197, 'DAMIAN', 'GOSK', 48182922317, 'dam7928@gmail.com', '1941-03-21'),
(198, 'MICHAŁ', 'RYCHEL', 48792252324, 'mic9734@gmail.com', '1952-11-06'),
(199, 'LECH', 'BARNAŚ', 48185839505, 'lec6706@gmail.com', '1946-11-27'),
(200, 'WŁADYSŁAW', 'KASPRZYCKI', 48263305830, 'wła2119@gmail.com', '1986-02-21'),
(201, 'DAMIAN', 'PIETRZYK', 48359846299, 'dam7958@gmail.com', '1953-07-23'),
(202, 'ADRIAN', 'PAPIERNIK', 48279107464, 'adr9461@gmail.com', '1943-04-27'),
(203, 'ŁUKASZ', 'KANIECKI', 48176427517, 'łuk3271@gmail.com', '1979-07-09'),
(204, 'MATEUSZ', 'PAKUŁA', 48761056360, 'mat1158@gmail.com', '1965-08-10'),
(205, 'MIŁOSZ', 'LABUDA', 48475131526, 'mił4502@gmail.com', '1992-01-12'),
(206, 'ZYGMUNT', 'WYSOCZAŃSKI', 48537552995, 'zyg3730@gmail.com', '1990-07-08'),
(207, 'MIECZYSŁAW', 'WODZYŃSKI', 48444841021, 'mie5382@gmail.com', '2005-06-19'),
(208, 'MARIUSZ', 'PANAS', 48605822094, 'mar8587@gmail.com', '1994-09-09'),
(209, 'MARIAN', 'MAŁECKI', 48997250948, 'mar4107@gmail.com', '1988-04-20'),
(210, 'PAWEŁ', 'KURCZEWSKI', 48391864989, 'paw2252@gmail.com', '1983-11-22'),
(211, 'JAKUB', 'ŁABĘCKI', 48659927789, 'jak9371@gmail.com', '1974-06-11'),
(212, 'GRZEGORZ', 'ŁUKA', 48322303341, 'grz3354@gmail.com', '1980-05-02'),
(213, 'LUCJAN', 'BRONISZ', 48873438450, 'luc1777@gmail.com', '1970-07-07'),
(214, 'WALDEMAR', 'KRYGIER', 48638027332, 'wal7497@gmail.com', '1981-08-10'),
(215, 'KRYSTIAN', 'STANIAK', 48593535609, 'kry9489@gmail.com', '1993-10-14'),
(216, 'ROBERT', 'BRZEZICKI', 48240986286, 'rob3465@gmail.com', '1959-03-01'),
(217, 'MIŁOSZ', 'ŁEPKOWSKI', 48852776687, 'mił5706@gmail.com', '1955-08-26'),
(218, 'MARIAN', 'CHRAPEK', 48109080854, 'mar3988@gmail.com', '1983-02-15'),
(219, 'MIROSŁAW', 'GAWRYCH', 48200280010, 'mir8069@gmail.com', '1976-06-19'),
(220, 'MATEUSZ', 'SZTANDERA', 48978526819, 'mat9835@gmail.com', '1966-06-02'),
(221, 'MIECZYSŁAW', 'KRZEMIEŃ', 48474760824, 'mie1802@gmail.com', '1950-04-07'),
(222, 'CZESŁAW', 'GŁOWA', 48199740903, 'cze9181@gmail.com', '1984-09-07'),
(223, 'IGNACY', 'OWCZAREK', 48570469463, 'ign2014@gmail.com', '1987-12-14'),
(224, 'LESZEK', 'BILSKI', 48561250977, 'les8077@gmail.com', '1950-08-21'),
(225, 'ZDZISŁAW', 'MAŚLANKA', 48730959123, 'zdz5754@gmail.com', '1959-11-20'),
(226, 'LUCJAN', 'MALIK', 48813334555, 'luc1945@gmail.com', '1991-11-02'),
(227, 'LUDWIK', 'PIETRUSZKA', 48501213557, 'lud7166@gmail.com', '1973-12-17'),
(228, 'CZESŁAW', 'KIJAK', 48811683799, 'cze8542@gmail.com', '1956-12-23'),
(229, 'WIESŁAW', 'STEFANOWICZ', 48368063694, 'wie9002@gmail.com', '1982-01-15'),
(230, 'ZYGMUNT', 'KOTWICKI', 48215301744, 'zyg8052@gmail.com', '1990-09-12'),
(231, 'IGOR', 'RAKOWSKI', 48452931811, 'igo9310@gmail.com', '1958-02-03'),
(232, 'JULIAN', 'SZYCHOWSKI', 48658100526, 'jul8067@gmail.com', '1956-04-09'),
(233, 'WŁODZIMIERZ', 'ŁASZKIEWICZ', 48738477401, 'wło5005@gmail.com', '1974-11-23'),
(234, 'HUBERT', 'MECH', 48359173014, 'hub7078@gmail.com', '1948-09-16'),
(235, 'RYSZARD', 'KOŁODZIEJSKI', 48546892190, 'rys9072@gmail.com', '1970-02-28'),
(236, 'CEZARY', 'KĘDZIOR', 48334380870, 'cez8771@gmail.com', '1997-03-23'),
(237, 'EDWARD', 'GRUSZECKI', 48408147395, 'edw5783@gmail.com', '1981-05-13'),
(238, 'MIKOŁAJ', 'GRYC', 48367351568, 'mik4041@gmail.com', '1947-08-14'),
(239, 'MARIAN', 'SOBCZUK', 48643712357, 'mar9885@gmail.com', '1973-03-28'),
(240, 'TOMASZ', 'EJSMONT', 48751597398, 'tom4373@gmail.com', '1962-11-25'),
(241, 'SEBASTIAN', 'BARCZYK', 48390228663, 'seb4025@gmail.com', '1973-10-18'),
(242, 'NORBERT', 'PIASEK', 48378636877, 'nor3918@gmail.com', '1966-10-01'),
(243, 'EUGENIUSZ', 'KOLASIŃSKI', 48649742329, 'eug6727@gmail.com', '1950-07-08'),
(244, 'SŁAWOMIR', 'RAŹNY', 48988497528, 'sła9218@gmail.com', '1986-12-26'),
(245, 'ALAN', 'PALACZ', 48625425588, 'ala3366@gmail.com', '1983-12-13'),
(246, 'WŁODZIMIERZ', 'PODLEWSKI', 48612146183, 'wło8133@gmail.com', '1952-03-26'),
(247, 'JAN', 'JAŚKOWIAK', 48771553384, 'jan7640@gmail.com', '1971-05-09'),
(248, 'HENRYK', 'NOVIKOV', 48569077997, 'hen5852@gmail.com', '1984-06-14'),
(249, 'DAMIAN', 'GAWROŃSKI', 48967253661, 'dam9315@gmail.com', '1965-01-21'),
(250, 'ZDZISŁAW', 'JOKIEL', 48877187866, 'zdz6283@gmail.com', '1962-09-28');

-- --------------------------------------------------------

--
-- Struktura tabeli dla tabeli `uzytkownicy`
--

CREATE TABLE `uzytkownicy` (
  `id` int(11) NOT NULL,
  `nazwa_uzytkownika` varchar(20) NOT NULL,
  `haslo` varchar(255) NOT NULL,
  `imie` varchar(25) DEFAULT NULL,
  `nazwisko` varchar(30) DEFAULT NULL,
  `aktywne` tinyint(1) NOT NULL DEFAULT 0
) ENGINE=InnoDB DEFAULT CHARSET=utf8mb4 COLLATE=utf8mb4_polish_ci;

--
-- Dumping data for table `uzytkownicy`
--

INSERT INTO `uzytkownicy` (`id`, `nazwa_uzytkownika`, `haslo`, `imie`, `nazwisko`, `aktywne`) VALUES
(1, 'admin', '$2y$10$QZRrQvZxzmlLLvaIj9ovG.os8eK1suoPlJE/MndAA741K9mSPcJz2', '', '', 1);

-- --------------------------------------------------------

--
-- Struktura tabeli dla tabeli `wypozyczenia`
--

CREATE TABLE `wypozyczenia` (
  `id` int(11) NOT NULL,
  `id_auta` int(11) NOT NULL,
  `id_klienta` int(11) NOT NULL,
  `data_wypozyczenia` date NOT NULL,
  `data_zwrotu` date DEFAULT NULL,
  `cena` int(11) NOT NULL
) ENGINE=InnoDB DEFAULT CHARSET=utf8 COLLATE=utf8_bin;

--
-- Dumping data for table `wypozyczenia`
--

INSERT INTO `wypozyczenia` (`id`, `id_auta`, `id_klienta`, `data_wypozyczenia`, `data_zwrotu`, `cena`) VALUES
(1, 77, 170, '2022-12-22', '2022-12-30', 0),
(2, 79, 74, '2022-01-24', '2022-01-27', 0),
(3, 101, 248, '2022-04-25', '2022-05-08', 0),
(4, 24, 233, '2022-01-23', '2022-01-27', 0),
(5, 179, 211, '2022-08-26', '2022-09-07', 0),
(6, 132, 139, '2022-12-11', '2022-12-23', 0),
(7, 14, 172, '2022-10-08', '2022-10-13', 0),
(8, 122, 220, '2022-01-27', '2022-02-02', 0),
(9, 90, 61, '2022-02-12', '2022-02-23', 0),
(10, 123, 128, '2022-06-26', '2022-06-28', 0),
(11, 59, 229, '2022-10-05', '2022-10-10', 0),
(12, 35, 24, '2022-12-28', '2023-01-08', 0),
(13, 158, 131, '2022-11-13', '2022-11-18', 0),
(14, 20, 16, '2022-10-17', '2022-10-26', 0),
(15, 73, 218, '2022-10-31', '2022-11-07', 0),
(16, 108, 40, '2022-10-08', '2022-10-13', 0),
(17, 177, 214, '2022-08-17', '2022-08-24', 0),
(18, 104, 68, '2022-01-31', '2022-02-04', 0),
(19, 11, 167, '2022-05-10', '2022-05-24', 0),
(20, 53, 25, '2022-03-01', '2022-03-06', 0),
(21, 8, 36, '2022-12-24', '2022-12-31', 0),
(22, 188, 219, '2022-10-07', '2022-10-10', 0),
(23, 34, 28, '2022-03-27', '2022-03-31', 0),
(24, 95, 151, '2022-05-20', '2022-05-25', 0),
(25, 107, 178, '2022-06-25', '2022-07-05', 0),
(26, 43, 222, '2022-07-19', '2022-07-22', 0),
(27, 88, 8, '2022-02-06', '2022-02-20', 0),
(28, 80, 82, '2022-03-19', '2022-03-22', 0),
(29, 187, 189, '2022-09-29', '2022-10-11', 0),
(30, 119, 75, '2022-05-20', '2022-05-23', 0),
(31, 120, 109, '2022-06-02', '2022-06-15', 0),
(32, 97, 148, '2022-02-22', '2022-03-04', 0),
(33, 31, 246, '2022-04-21', '2022-04-29', 0),
(34, 159, 152, '2022-06-30', '2022-07-04', 0),
(35, 129, 184, '2022-04-11', '2022-04-25', 0),
(36, 19, 165, '2022-10-28', '2022-11-08', 0),
(37, 4, 85, '2022-03-27', '2022-04-05', 0),
(38, 1, 217, '2022-10-24', '2022-11-06', 0),
(39, 189, 234, '2022-10-20', '2022-10-23', 0),
(40, 93, 27, '2022-08-11', '2022-08-24', 0),
(41, 13, 166, '2022-05-10', '2022-05-19', 0),
(42, 22, 46, '2022-07-16', '2022-07-23', 0),
(43, 162, 23, '2022-09-10', '2022-09-13', 0),
(44, 165, 65, '2022-12-29', '2023-01-02', 0),
(45, 44, 110, '2022-07-12', '2022-07-17', 0),
(46, 99, 132, '2022-04-16', '2022-04-23', 0),
(47, 183, 48, '2022-09-01', '2022-09-09', 0),
(48, 86, 230, '2022-02-20', '2022-02-23', 0),
(49, 140, 107, '2022-08-15', '2022-08-26', 0),
(50, 178, 101, '2022-12-23', '2023-01-02', 0),
(51, 141, 149, '2022-08-13', '2022-08-18', 0),
(52, 52, 1, '2022-08-30', '2022-09-06', 0),
(53, 137, 63, '2022-01-27', '2022-02-03', 0),
(54, 175, 49, '2022-08-24', '2022-09-02', 0),
(55, 186, 26, '2022-08-22', '2022-08-31', 0),
(56, 147, 83, '2022-06-13', '2022-06-23', 0),
(57, 192, 195, '2022-07-31', '2022-08-10', 0),
(58, 125, 136, '2022-02-05', '2022-02-17', 0),
(59, 40, 201, '2022-07-18', '2022-07-24', 0),
(60, 38, 202, '2022-09-02', '2022-09-06', 0),
(61, 39, 29, '2022-11-14', '2022-11-25', 0),
(62, 184, 171, '2022-04-19', '2022-05-01', 0),
(63, 194, 99, '2022-04-16', '2022-04-23', 0),
(64, 32, 249, '2022-10-16', '2022-10-19', 0),
(65, 82, 102, '2022-02-23', '2022-03-04', 0),
(66, 127, 34, '2022-04-16', '2022-04-19', 0),
(67, 84, 20, '2022-11-09', '2022-11-16', 0),
(68, 198, 225, '2022-06-16', '2022-06-26', 0),
(69, 70, 158, '2022-01-10', '2022-01-23', 0),
(70, 62, 4, '2022-04-18', '2022-04-27', 0),
(71, 176, 209, '2022-12-29', '2023-01-04', 0),
(72, 58, 162, '2022-01-08', '2022-01-18', 0),
(73, 144, 123, '2022-07-01', '2022-07-11', 0),
(74, 114, 13, '2022-05-03', '2022-05-07', 0),
(75, 115, 12, '2022-02-24', '2022-03-08', 0),
(76, 89, 67, '2022-10-03', '2022-10-07', 0),
(77, 60, 206, '2022-02-20', '2022-03-04', 0),
(78, 18, 213, '2022-11-11', '2022-11-17', 0),
(79, 42, 100, '2022-06-11', '2022-06-25', 0),
(80, 12, 77, '2022-02-04', '2022-02-13', 0),
(81, 160, 140, '2022-06-06', '2022-06-10', 0),
(82, 75, 133, '2022-01-10', '2022-01-22', 0),
(83, 27, 50, '2022-12-18', '2022-12-26', 0),
(84, 191, 57, '2022-10-20', '2022-10-30', 0),
(85, 118, 193, '2022-09-08', '2022-09-12', 0),
(86, 182, 86, '2022-07-13', '2022-07-24', 0),
(87, 149, 14, '2022-07-29', '2022-08-10', 0),
(88, 26, 88, '2022-02-03', '2022-02-14', 0),
(89, 66, 134, '2022-10-30', '2022-11-05', 0),
(90, 21, 122, '2022-11-23', '2022-12-05', 0),
(91, 49, 69, '2022-09-26', '2022-09-29', 0),
(92, 171, 6, '2022-11-17', '2022-11-23', 0),
(93, 46, 223, '2022-11-15', '2022-11-19', 0),
(94, 15, 80, '2022-10-14', '2022-10-18', 0),
(95, 112, 62, '2022-01-26', '2022-01-30', 0),
(96, 170, 105, '2022-02-20', '2022-02-28', 0),
(97, 111, 146, '2022-02-19', '2022-02-26', 0),
(98, 71, 208, '2022-01-28', '2022-02-06', 0),
(99, 81, 168, '2022-11-08', '2022-11-14', 0),
(100, 154, 175, '2022-07-28', '2022-08-09', 0),
(101, 113, 120, '2022-10-22', '2022-10-31', 0),
(102, 146, 96, '2022-07-27', '2022-08-03', 0),
(103, 76, 30, '2022-12-28', '2022-12-31', 0),
(104, 74, 188, '2022-09-20', '2022-10-02', 0),
(105, 91, 245, '2022-05-28', '2022-06-06', 0),
(106, 16, 183, '2022-12-12', '2022-12-21', 0),
(107, 30, 93, '2022-08-23', '2022-08-28', 0),
(108, 51, 18, '2022-01-14', '2022-01-24', 0),
(109, 48, 242, '2022-09-24', '2022-09-27', 0),
(110, 37, 55, '2022-12-26', '2022-12-28', 0),
(111, 92, 111, '2022-01-30', '2022-02-12', 0),
(112, 50, 129, '2022-04-19', '2022-04-25', 0),
(113, 196, 179, '2022-10-01', '2022-10-04', 0),
(114, 153, 51, '2022-02-28', '2022-03-14', 0),
(115, 185, 235, '2022-03-20', '2022-04-01', 0),
(116, 29, 78, '2022-03-13', '2022-03-18', 0),
(117, 116, 121, '2022-03-04', '2022-03-09', 0),
(118, 61, 150, '2022-07-08', '2022-07-17', 0),
(119, 164, 210, '2022-05-27', '2022-06-10', 0),
(120, 145, 231, '2022-11-22', '2022-12-03', 0),
(121, 68, 180, '2022-06-16', '2022-06-21', 0),
(122, 65, 84, '2022-08-24', '2022-08-30', 0),
(123, 23, 91, '2022-01-27', '2022-02-09', 0),
(124, 36, 117, '2022-11-23', '2022-11-27', 0),
(125, 3, 17, '2022-09-12', '2022-09-14', 0),
(126, 142, 70, '2022-12-09', '2022-12-14', 0),
(127, 102, 119, '2022-05-06', '2022-05-13', 0),
(128, 2, 243, '2022-11-19', '2022-11-30', 0),
(129, 138, 79, '2022-02-03', '2022-02-08', 0),
(130, 128, 94, '2022-08-15', '2022-08-23', 0),
(131, 67, 204, '2022-10-23', '2022-11-05', 0),
(132, 195, 3, '2022-10-08', '2022-10-19', 0),
(133, 110, 238, '2022-05-28', '2022-06-02', 0),
(134, 174, 95, '2022-09-04', '2022-09-09', 0),
(135, 199, 5, '2022-03-13', '2022-03-24', 0),
(136, 45, 71, '2022-09-03', '2022-09-16', 0),
(137, 10, 221, '2022-07-09', '2022-07-22', 0),
(138, 190, 205, '2022-11-19', '2022-11-30', 0),
(139, 7, 2, '2022-07-01', '2022-07-11', 0),
(140, 100, 44, '2022-08-15', '2022-08-21', 0),
(141, 106, 138, '2022-08-26', '2022-09-03', 0),
(142, 173, 153, '2022-10-28', '2022-11-08', 0),
(143, 72, 103, '2022-08-15', '2022-08-19', 0),
(144, 96, 64, '2022-06-08', '2022-06-20', 0),
(145, 57, 135, '2022-09-15', '2022-09-24', 0),
(146, 64, 108, '2022-06-22', '2022-07-02', 0),
(147, 163, 142, '2022-01-31', '2022-02-10', 0),
(148, 87, 38, '2022-01-18', '2022-01-28', 0),
(149, 5, 200, '2022-08-23', '2022-08-26', 0),
(150, 169, 33, '2022-01-22', '2022-01-26', 0),
(151, 65, 77, '2021-08-05', '2021-08-09', 0),
(152, 40, 191, '2021-02-07', '2021-02-20', 0),
(153, 193, 108, '2021-07-04', '2021-07-09', 0),
(154, 168, 144, '2021-08-21', '2021-09-02', 0),
(155, 63, 136, '2021-09-01', '2021-09-04', 0),
(156, 141, 190, '2021-02-04', '2021-02-07', 0),
(157, 112, 238, '2021-03-20', '2021-03-22', 0),
(158, 194, 198, '2021-09-04', '2021-09-08', 0),
(159, 172, 192, '2021-02-13', '2021-02-27', 0),
(160, 35, 5, '2021-11-25', '2021-11-30', 0),
(161, 38, 4, '2021-05-13', '2021-05-22', 0),
(162, 66, 51, '2021-03-23', '2021-03-29', 0),
(163, 105, 52, '2021-07-14', '2021-07-22', 0),
(164, 84, 27, '2021-03-24', '2021-04-04', 0),
(165, 82, 159, '2021-09-21', '2021-09-26', 0),
(166, 156, 1, '2021-05-14', '2021-05-24', 0),
(167, 127, 100, '2021-08-10', '2021-08-19', 0),
(168, 36, 38, '2021-09-11', '2021-09-24', 0),
(169, 125, 189, '2021-11-30', '2021-12-13', 0),
(170, 89, 78, '2021-08-22', '2021-08-31', 0),
(171, 4, 153, '2021-02-20', '2021-03-04', 0),
(172, 150, 199, '2021-08-19', '2021-08-23', 0),
(173, 77, 184, '2021-05-06', '2021-05-19', 0),
(174, 100, 158, '2021-09-20', '2021-09-29', 0),
(175, 94, 138, '2021-06-11', '2021-06-19', 0),
(176, 34, 101, '2021-03-03', '2021-03-07', 0),
(177, 12, 28, '2021-07-24', '2021-08-03', 0),
(178, 20, 122, '2021-08-26', '2021-09-01', 0),
(179, 95, 120, '2021-05-12', '2021-05-17', 0),
(180, 102, 119, '2021-11-03', '2021-11-14', 0),
(181, 14, 86, '2021-11-29', '2021-12-02', 0),
(182, 41, 84, '2021-08-13', '2021-08-23', 0),
(183, 18, 75, '2021-10-25', '2021-11-01', 0),
(184, 88, 157, '2021-09-13', '2021-09-18', 0),
(185, 114, 222, '2021-11-12', '2021-11-16', 0),
(186, 136, 109, '2021-06-08', '2021-06-21', 0),
(187, 144, 186, '2021-07-21', '2021-08-04', 0),
(188, 115, 112, '2021-12-10', '2021-12-18', 0),
(189, 191, 61, '2021-05-12', '2021-05-16', 0),
(190, 6, 90, '2021-11-23', '2021-11-25', 0),
(191, 162, 13, '2021-03-17', '2021-03-21', 0),
(192, 130, 169, '2021-03-21', '2021-03-31', 0),
(193, 103, 200, '2021-01-05', '2021-01-13', 0),
(194, 120, 2, '2021-09-05', '2021-09-14', 0),
(195, 160, 246, '2021-10-16', '2021-10-24', 0),
(196, 28, 132, '2021-04-26', '2021-05-07', 0),
(197, 71, 105, '2021-11-30', '2021-12-03', 0),
(198, 110, 211, '2021-10-25', '2021-11-02', 0),
(199, 99, 66, '2021-02-17', '2021-02-28', 0),
(200, 142, 145, '2021-04-28', '2021-05-07', 0),
(201, 164, 242, '2021-12-10', '2021-12-15', 0),
(202, 11, 204, '2021-08-13', '2021-08-26', 0),
(203, 139, 45, '2021-08-24', '2021-09-06', 0),
(204, 5, 3, '2021-06-19', '2021-07-01', 0),
(205, 199, 135, '2021-02-24', '2021-02-27', 0),
(206, 174, 126, '2021-12-17', '2021-12-25', 0),
(207, 30, 104, '2021-07-28', '2021-07-30', 0),
(208, 78, 212, '2021-03-14', '2021-03-16', 0),
(209, 135, 160, '2021-02-26', '2021-03-01', 0),
(210, 171, 41, '2021-08-30', '2021-09-07', 0),
(211, 104, 142, '2021-11-07', '2021-11-17', 0),
(212, 79, 81, '2021-05-18', '2021-05-29', 0),
(213, 37, 197, '2021-02-13', '2021-02-24', 0),
(214, 113, 30, '2021-07-25', '2021-07-30', 0),
(215, 9, 76, '2021-02-13', '2021-02-15', 0),
(216, 178, 163, '2021-07-09', '2021-07-22', 0),
(217, 74, 14, '2021-09-26', '2021-09-30', 0),
(218, 134, 239, '2021-03-21', '2021-03-25', 0),
(219, 45, 170, '2021-05-15', '2021-05-22', 0),
(220, 159, 49, '2021-12-02', '2021-12-15', 0),
(221, 108, 72, '2021-05-19', '2021-06-02', 0),
(222, 67, 140, '2021-03-03', '2021-03-14', 0),
(223, 13, 219, '2021-11-10', '2021-11-16', 0),
(224, 124, 128, '2021-12-14', '2021-12-18', 0),
(225, 121, 58, '2021-09-08', '2021-09-17', 0),
(226, 177, 123, '2021-07-18', '2021-07-27', 0),
(227, 192, 162, '2021-09-23', '2021-09-28', 0),
(228, 176, 127, '2021-10-02', '2021-10-04', 0),
(229, 190, 85, '2021-02-08', '2021-02-16', 0),
(230, 155, 36, '2021-05-07', '2021-05-16', 0),
(231, 64, 188, '2021-07-01', '2021-07-10', 0),
(232, 148, 182, '2021-11-25', '2021-12-02', 0),
(233, 48, 154, '2021-06-24', '2021-07-02', 0),
(234, 154, 206, '2021-04-30', '2021-05-04', 0),
(235, 92, 57, '2021-06-26', '2021-06-30', 0),
(236, 161, 73, '2021-09-19', '2021-09-29', 0),
(237, 98, 89, '2021-02-03', '2021-02-07', 0),
(238, 169, 214, '2021-08-14', '2021-08-28', 0),
(239, 189, 141, '2021-04-27', '2021-04-29', 0),
(240, 17, 43, '2021-04-09', '2021-04-17', 0),
(241, 179, 31, '2021-10-23', '2021-11-03', 0),
(242, 200, 92, '2021-06-22', '2021-06-29', 0),
(243, 3, 165, '2021-08-25', '2021-09-06', 0),
(244, 182, 25, '2021-05-06', '2021-05-18', 0),
(245, 166, 29, '2021-06-27', '2021-07-04', 0),
(246, 15, 183, '2021-06-07', '2021-06-13', 0),
(247, 54, 102, '2021-11-07', '2021-11-09', 0),
(248, 26, 148, '2021-10-09', '2021-10-17', 0),
(249, 170, 229, '2021-10-31', '2021-11-02', 0),
(250, 97, 228, '2021-08-10', '2021-08-23', 0),
(251, 118, 134, '2021-10-14', '2021-10-18', 0),
(252, 1, 167, '2021-01-12', '2021-01-23', 0),
(253, 109, 64, '2021-10-25', '2021-11-05', 0),
(254, 196, 82, '2021-10-09', '2021-10-11', 0),
(255, 52, 130, '2021-09-19', '2021-09-22', 0),
(256, 2, 68, '2021-02-10', '2021-02-17', 0),
(257, 93, 220, '2021-07-17', '2021-07-24', 0),
(258, 83, 39, '2021-03-08', '2021-03-15', 0),
(259, 188, 151, '2021-12-19', '2021-12-26', 0),
(260, 129, 201, '2021-06-16', '2021-06-21', 0),
(261, 56, 241, '2021-02-27', '2021-03-04', 0),
(262, 149, 194, '2021-12-29', '2022-01-01', 0),
(263, 143, 146, '2021-11-07', '2021-11-10', 0),
(264, 123, 35, '2021-12-22', '2022-01-03', 0),
(265, 165, 152, '2021-03-27', '2021-04-02', 0),
(266, 111, 83, '2021-09-29', '2021-10-08', 0),
(267, 16, 44, '2021-07-22', '2021-07-25', 0),
(268, 8, 116, '2021-04-09', '2021-04-21', 0),
(269, 147, 9, '2021-10-18', '2021-10-26', 0),
(270, 117, 143, '2021-05-29', '2021-06-09', 0),
(271, 53, 33, '2021-11-05', '2021-11-18', 0),
(272, 76, 118, '2021-11-07', '2021-11-20', 0),
(273, 146, 106, '2021-07-09', '2021-07-19', 0),
(274, 101, 178, '2021-03-28', '2021-04-06', 0),
(275, 167, 56, '2021-08-23', '2021-09-06', 0),
(276, 163, 231, '2021-10-14', '2021-10-17', 0),
(277, 151, 177, '2021-06-29', '2021-07-09', 0),
(278, 23, 129, '2021-01-28', '2021-01-30', 0),
(279, 44, 175, '2021-09-25', '2021-10-09', 0),
(280, 197, 42, '2021-03-07', '2021-03-13', 0),
(281, 133, 155, '2021-03-13', '2021-03-27', 0),
(282, 31, 176, '2021-06-15', '2021-06-19', 0),
(283, 185, 216, '2021-08-30', '2021-09-03', 0),
(284, 140, 227, '2021-01-08', '2021-01-10', 0),
(285, 72, 224, '2021-09-30', '2021-10-04', 0),
(286, 128, 15, '2021-03-18', '2021-03-31', 0),
(287, 80, 171, '2021-06-04', '2021-06-06', 0),
(288, 27, 168, '2021-08-20', '2021-08-29', 0),
(289, 47, 243, '2021-10-20', '2021-10-23', 0),
(290, 126, 111, '2021-01-31', '2021-02-02', 0),
(291, 153, 8, '2021-03-28', '2021-04-05', 0),
(292, 70, 207, '2021-05-06', '2021-05-20', 0),
(293, 107, 20, '2021-03-14', '2021-03-18', 0),
(294, 73, 131, '2021-03-13', '2021-03-25', 0),
(295, 50, 24, '2021-02-17', '2021-02-28', 0),
(296, 43, 63, '2021-09-30', '2021-10-04', 0),
(297, 25, 250, '2021-11-29', '2021-12-07', 0),
(298, 116, 217, '2021-04-04', '2021-04-13', 0),
(299, 198, 21, '2021-02-19', '2021-03-01', 0),
(300, 96, 208, '2021-10-13', '2021-10-18', 0),
(301, 126, 240, '2024-01-07', NULL, 0),
(302, 48, 218, '2024-01-11', NULL, 0),
(303, 42, 46, '2024-01-12', NULL, 0),
(304, 95, 174, '2024-01-08', NULL, 0),
(305, 71, 23, '2024-01-09', NULL, 0),
(306, 17, 88, '2024-01-08', NULL, 0),
(307, 179, 150, '2024-01-07', NULL, 0),
(308, 39, 47, '2024-01-10', NULL, 0),
(309, 18, 181, '2024-01-07', NULL, 0),
(310, 19, 65, '2024-01-09', NULL, 0),
(311, 55, 95, '2024-01-10', NULL, 0),
(312, 191, 69, '2024-01-08', NULL, 0),
(313, 38, 62, '2024-01-08', NULL, 0),
(314, 35, 226, '2024-01-09', NULL, 0),
(315, 50, 124, '2024-01-11', NULL, 0),
(316, 10, 11, '2024-01-06', NULL, 0),
(317, 161, 187, '2024-01-12', NULL, 0),
(318, 196, 6, '2024-01-09', NULL, 0),
(319, 24, 147, '2024-01-08', NULL, 0),
(320, 82, 149, '2024-01-12', NULL, 0),
(321, 175, 233, '2024-01-10', NULL, 0),
(322, 139, 97, '2024-01-07', NULL, 0),
(323, 83, 79, '2024-01-06', NULL, 0),
(324, 134, 223, '2024-01-06', NULL, 0),
(325, 36, 245, '2024-01-07', NULL, 0),
(326, 52, 193, '2024-01-11', NULL, 0),
(327, 109, 93, '2024-01-09', NULL, 0),
(328, 171, 12, '2024-01-07', NULL, 0),
(329, 153, 103, '2024-01-10', NULL, 0),
(330, 165, 237, '2024-01-07', NULL, 0),
(331, 3, 87, '2024-01-11', NULL, 0),
(332, 137, 16, '2024-01-09', NULL, 0),
(333, 94, 234, '2024-01-12', NULL, 0),
(334, 61, 67, '2024-01-07', NULL, 0),
(335, 31, 99, '2024-01-08', NULL, 0);

--
-- Indeksy dla zrzutów tabel
--

--
-- Indeksy dla tabeli `flota`
--
ALTER TABLE `flota`
  ADD PRIMARY KEY (`id`);
ALTER TABLE `flota` ADD FULLTEXT KEY `marka` (`marka`,`model`,`kolor`);

--
-- Indeksy dla tabeli `klienci`
--
ALTER TABLE `klienci`
  ADD PRIMARY KEY (`id`);

--
-- Indeksy dla tabeli `uzytkownicy`
--
ALTER TABLE `uzytkownicy`
  ADD PRIMARY KEY (`id`);

--
-- Indeksy dla tabeli `wypozyczenia`
--
ALTER TABLE `wypozyczenia`
  ADD PRIMARY KEY (`id`),
  ADD KEY `id_auta` (`id_auta`),
  ADD KEY `id_klienta` (`id_klienta`);

--
-- AUTO_INCREMENT for dumped tables
--

--
-- AUTO_INCREMENT for table `flota`
--
ALTER TABLE `flota`
  MODIFY `id` int(11) NOT NULL AUTO_INCREMENT, AUTO_INCREMENT=201;

--
-- AUTO_INCREMENT for table `klienci`
--
ALTER TABLE `klienci`
  MODIFY `id` int(11) NOT NULL AUTO_INCREMENT, AUTO_INCREMENT=251;

--
-- AUTO_INCREMENT for table `uzytkownicy`
--
ALTER TABLE `uzytkownicy`
  MODIFY `id` int(11) NOT NULL AUTO_INCREMENT, AUTO_INCREMENT=5;

--
-- AUTO_INCREMENT for table `wypozyczenia`
--
ALTER TABLE `wypozyczenia`
  MODIFY `id` int(11) NOT NULL AUTO_INCREMENT, AUTO_INCREMENT=336;

--
-- Constraints for dumped tables
--

--
-- Constraints for table `wypozyczenia`
--
ALTER TABLE `wypozyczenia`
  ADD CONSTRAINT `id_auta` FOREIGN KEY (`id_auta`) REFERENCES `flota` (`id`),
  ADD CONSTRAINT `id_klienta` FOREIGN KEY (`id_klienta`) REFERENCES `klienci` (`id`);
COMMIT;

/*!40101 SET CHARACTER_SET_CLIENT=@OLD_CHARACTER_SET_CLIENT */;
/*!40101 SET CHARACTER_SET_RESULTS=@OLD_CHARACTER_SET_RESULTS */;
/*!40101 SET COLLATION_CONNECTION=@OLD_COLLATION_CONNECTION */;
