-- phpMyAdmin SQL Dump
-- version 5.2.1
-- https://www.phpmyadmin.net/
--
-- Host: localhost
-- Generation Time: Jan 14, 2024 at 10:58 AM
-- Server version: 10.4.32-MariaDB
-- PHP Version: 8.2.12

SET SQL_MODE = "NO_AUTO_VALUE_ON_ZERO";
START TRANSACTION;
SET time_zone = "+00:00";


/*!40101 SET @OLD_CHARACTER_SET_CLIENT=@@CHARACTER_SET_CLIENT */;
/*!40101 SET @OLD_CHARACTER_SET_RESULTS=@@CHARACTER_SET_RESULTS */;
/*!40101 SET @OLD_COLLATION_CONNECTION=@@COLLATION_CONNECTION */;
/*!40101 SET NAMES utf8mb4 */;

--
-- Database: `wypozyczalnia`
--

-- --------------------------------------------------------

--
-- Table structure for table `flota`
--

CREATE TABLE `flota` (
  `id` int(11) NOT NULL,
  `marka` varchar(30) NOT NULL,
  `model` varchar(30) NOT NULL,
  `rocznik` year(4) NOT NULL,
  `kolor` varchar(20) NOT NULL,
  `przebieg` int(11) NOT NULL,
  `moc_km` int(11) NOT NULL,
  `dostepny` tinyint(1) NOT NULL DEFAULT 1,
  `nr_rej` varchar(15) NOT NULL,
  `cena` int(11) NOT NULL
) ENGINE=InnoDB DEFAULT CHARSET=utf8 COLLATE=utf8_bin;

--
-- Dumping data for table `flota`
--

INSERT INTO `flota` (`id`, `marka`, `model`, `rocznik`, `kolor`, `przebieg`, `moc_km`, `dostepny`, `nr_rej`, `cena`) VALUES
(1, 'Kia', 'Stonic', '2018', 'biały', 231775, 96, 1, 'WRYZR7Z', 1000),
(2, 'Toyota', 'RAV4', '2021', 'błękitny', 285877, 129, 1, 'WR0D00Q', 600),
(3, 'Renault', 'Arkana', '2021', 'czarny', 76510, 146, 0, 'WRY3XOR', 500),
(4, 'Toyota', 'C-HR', '2021', 'czerwony', 282791, 162, 1, 'WRMAT5L', 800),
(5, 'Volvo', 'XC60', '2018', 'srebrny', 231606, 167, 1, 'WRVHAOO', 200),
(6, 'Toyota', 'C-HR', '2020', 'niebieski', 214634, 166, 1, 'WRQ5QOB', 500),
(7, 'Volkswagen', 'Tiguan', '2013', 'czerwony', 197623, 196, 0, 'WRSBBIP', 600),
(8, 'Skoda', 'Fabia', '2017', 'niebieski', 169098, 105, 0, 'WRCY2CS', 500),
(9, 'Volvo', 'XC40', '2021', 'srebrny', 30529, 146, 1, 'WRKA9NM', 200),
(10, 'Nissan', 'Qashqai', '2019', 'czerwony', 24926, 152, 1, 'WRRK7TC', 300),
(11, 'Suzuki', 'Vitara', '2021', 'błękitny', 69302, 189, 0, 'WR4LV2R', 500),
(12, 'Fiat', '500', '2012', 'biały', 260660, 178, 1, 'WR814OZ', 1000),
(13, 'Audi', 'A3', '2019', 'srebrny', 283566, 138, 1, 'WRERDFN', 1000),
(14, 'Cupra', 'Formentor', '2020', 'błękitny', 21345, 184, 1, 'WRSI5Q3', 200),
(15, 'Volkswagen', 'Golf', '2020', 'czerwony', 116026, 159, 1, 'WRQHA8D', 900),
(16, 'Volvo', 'XC40', '2016', 'srebrny', 38755, 107, 1, 'WRDSXYX', 900),
(17, 'Volkswagen', 'Arteon', '2017', 'błękitny', 108525, 170, 1, 'WRCJJCS', 200),
(18, 'BMW', 'X5', '2015', 'błękitny', 72630, 184, 0, 'WR8WCDL', 900),
(19, 'BMW', 'X3', '2015', 'czarny', 266278, 109, 1, 'WR5HRH8', 500),
(20, 'Mercedes', 'GLE', '2016', 'czarny', 235812, 197, 1, 'WR66POC', 900),
(21, 'Kia', 'Stonic', '2017', 'biały', 86317, 125, 1, 'WRMG1FA', 800),
(22, 'Hyundai', 'Tucson', '2012', 'niebieski', 2155, 140, 1, 'WR8CTSK', 600),
(23, 'BMW', 'Seria 5', '2019', 'czerwony', 291009, 142, 0, 'WRCWHCN', 700),
(24, 'Volkswagen', 'Golf', '2012', 'czerwony', 257014, 195, 1, 'WRWRZE1', 400),
(25, 'Volkswagen', 'Tiguan', '2017', 'niebieski', 85885, 165, 1, 'WR62B92', 400),
(26, 'Volkswagen', 'Tiguan', '2019', 'czarny', 211760, 140, 1, 'WRORMHT', 1000),
(27, 'Opel', 'Corsa', '2018', 'niebieski', 180801, 182, 0, 'WRYAS01', 600),
(28, 'Mercedes', 'GLC', '2020', 'błękitny', 237455, 102, 1, 'WRJWOZT', 600),
(29, 'Volkswagen', 'Golf', '2021', 'biały', 101057, 107, 1, 'WRG4WBD', 600),
(30, 'BMW', 'X3', '2014', 'czarny', 75146, 98, 1, 'WRF6D6Y', 300),
(31, 'Dacia', 'Duster', '2016', 'srebrny', 283818, 192, 1, 'WR6HI0Z', 200),
(32, 'Kia', 'Stonic', '2013', 'biały', 185391, 132, 1, 'WROZF6Z', 300),
(33, 'Kia', 'XCeed', '2013', 'biały', 69700, 185, 1, 'WRTQOH1', 700),
(34, 'Renault', 'Trafic', '2012', 'srebrny', 291692, 163, 1, 'WR6LXZK', 600),
(35, 'Audi', 'A4', '2016', 'czerwony', 137224, 116, 0, 'WRZ8OAS', 400),
(36, 'Hyundai', 'i30', '2018', 'błękitny', 161651, 128, 1, 'WRSOKTR', 700),
(37, 'Kia', 'Sportage', '2021', 'niebieski', 164332, 155, 1, 'WRC99XI', 300),
(38, 'Volvo', 'XC40', '2019', 'niebieski', 83923, 152, 1, 'WRYWBE5', 800),
(39, 'Toyota', 'C-HR', '2021', 'czerwony', 132538, 153, 1, 'WRJ7S70', 1000),
(40, 'Hyundai', 'Tucson', '2013', 'biały', 98170, 117, 0, 'WR84IEQ', 500),
(41, 'Toyota', 'Yaris Cross', '2015', 'czarny', 297509, 102, 1, 'WRMPI3V', 600),
(42, 'Skoda', 'Karoq', '2019', 'błękitny', 209493, 134, 1, 'WRWDOVZ', 900),
(43, 'Toyota', 'Yaris Cross', '2018', 'czerwony', 196990, 161, 1, 'WR5OM76', 900),
(44, 'Ford', 'Puma', '2014', 'czerwony', 96480, 105, 1, 'WRMLM35', 900),
(45, 'Renault', 'Clio', '2021', 'czerwony', 180788, 114, 1, 'WRJTCGK', 400),
(46, 'Hyundai', 'i20', '2016', 'czarny', 68854, 118, 1, 'WRPR7JG', 800),
(47, 'Volvo', 'XC60', '2021', 'srebrny', 268485, 119, 1, 'WRLHMSF', 600),
(48, 'Volkswagen', 'Tiguan', '2013', 'srebrny', 156006, 153, 1, 'WRUXXYX', 1000),
(49, 'Kia', 'Sportage', '2017', 'niebieski', 250870, 151, 0, 'WRR83WO', 200),
(50, 'Kia', 'Ceed', '2014', 'srebrny', 174272, 133, 1, 'WRA9M2H', 900),
(51, 'Toyota', 'RAV4', '2018', 'niebieski', 22375, 110, 0, 'WRR06T7', 1000),
(52, 'Kia', 'Stonic', '2016', 'niebieski', 294568, 166, 1, 'WRC7HIE', 400),
(53, 'BMW', 'X5', '2014', 'biały', 178995, 171, 1, 'WRKRHTL', 700),
(54, 'BMW', 'X3', '2021', 'czarny', 129468, 142, 1, 'WRJ42UQ', 700),
(55, 'Kia', 'Sportage', '2013', 'czerwony', 39794, 126, 1, 'WRXFK48', 600),
(56, 'Nissan', 'Qashqai', '2017', 'czarny', 266901, 133, 1, 'WROM65L', 800),
(57, 'Fiat', '500', '2014', 'biały', 44864, 115, 1, 'WR6W4HK', 300),
(58, 'Opel', 'Corsa', '2012', 'biały', 44989, 173, 1, 'WRLKCUD', 300),
(59, 'BMW', 'X3', '2017', 'niebieski', 285889, 139, 1, 'WRTPH2P', 900),
(60, 'Volvo', 'XC40', '2014', 'czarny', 44533, 134, 1, 'WRCRGEC', 300),
(61, 'Toyota', 'Yaris Cross', '2021', 'srebrny', 99206, 151, 1, 'WR1G05N', 200),
(62, 'Nissan', 'Qashqai', '2018', 'czarny', 149745, 122, 1, 'WRZ9OPQ', 700),
(63, 'Toyota', 'Corolla', '2013', 'czarny', 47895, 190, 0, 'WR2Q2J8', 800),
(64, 'Hyundai', 'i20', '2014', 'czerwony', 151096, 122, 1, 'WRKYPNQ', 800),
(65, 'Volkswagen', 'Tiguan', '2020', 'czerwony', 188098, 160, 1, 'WRR1F56', 600),
(66, 'Suzuki', 'Vitara', '2014', 'błękitny', 116316, 148, 1, 'WR52M2P', 1000),
(67, 'Skoda', 'Kamiq', '2017', 'biały', 160013, 173, 1, 'WRD0F4J', 800),
(68, 'Skoda', 'Kodiaq', '2013', 'srebrny', 83688, 134, 0, 'WR8D22X', 500),
(69, 'Renault', 'Captur', '2020', 'czerwony', 60374, 157, 0, 'WRB7HVB', 1000),
(70, 'BMW', 'X3', '2012', 'czarny', 262032, 140, 1, 'WREXS9Y', 900),
(71, 'Ford', 'Puma', '2016', 'biały', 148823, 183, 1, 'WR33A80', 1000),
(72, 'Dacia', 'Duster', '2013', 'biały', 180023, 142, 0, 'WRJX1FX', 300),
(73, 'Skoda', 'Kamiq', '2017', 'srebrny', 60707, 112, 1, 'WRQLB99', 1000),
(74, 'Volkswagen', 'Golf', '2015', 'błękitny', 169859, 195, 1, 'WRUW9U8', 800),
(75, 'Skoda', 'Kodiaq', '2013', 'srebrny', 158837, 143, 0, 'WR553MY', 700),
(76, 'Skoda', 'Superb', '2016', 'czarny', 122033, 142, 1, 'WRHUEFD', 1000),
(77, 'BMW', 'X5', '2020', 'czerwony', 281681, 170, 1, 'WR7WKUE', 300),
(78, 'Renault', 'Clio', '2012', 'biały', 297168, 161, 1, 'WRCF5QF', 700),
(79, 'Volkswagen', 'Arteon', '2014', 'srebrny', 71583, 112, 1, 'WRD4L3S', 800),
(80, 'Volkswagen', 'Tiguan', '2017', 'czarny', 172860, 95, 1, 'WR4E4GL', 600),
(81, 'Hyundai', 'i30', '2013', 'niebieski', 167402, 165, 1, 'WRYLV8K', 400),
(82, 'Mercedes', 'GLE', '2016', 'srebrny', 143986, 188, 1, 'WRPP5KV', 1000),
(83, 'Kia', 'XCeed', '2017', 'srebrny', 272835, 190, 1, 'WRLX181', 500),
(84, 'Hyundai', 'i20', '2019', 'biały', 284077, 152, 1, 'WRDEVA8', 600),
(85, 'BMW', 'X5', '2014', 'czarny', 143154, 172, 1, 'WRSMX5N', 1000),
(86, 'Audi', 'Q3', '2020', 'srebrny', 49703, 91, 0, 'WRFRK6V', 600),
(87, 'Renault', 'Arkana', '2013', 'czarny', 49582, 115, 1, 'WRUG490', 200),
(88, 'Audi', 'Q3', '2017', 'czarny', 64095, 130, 1, 'WRFYH1R', 700),
(89, 'Volkswagen', 'Tiguan', '2014', 'srebrny', 217626, 180, 1, 'WRKHCAX', 500),
(90, 'Toyota', 'Yaris', '2014', 'srebrny', 173945, 184, 0, 'WRB83UM', 700),
(91, 'Fiat', '500', '2015', 'biały', 251369, 135, 1, 'WR3552C', 300),
(92, 'Renault', 'Clio', '2018', 'srebrny', 91894, 105, 1, 'WROWZ6I', 200),
(93, 'BMW', 'Seria 5', '2019', 'błękitny', 231272, 94, 1, 'WRZZQKD', 300),
(94, 'Skoda', 'Kamiq', '2012', 'srebrny', 292279, 124, 0, 'WRNHBYC', 500),
(95, 'Ford', 'Puma', '2020', 'błękitny', 250391, 175, 0, 'WRY3SOU', 200),
(96, 'Skoda', 'Kamiq', '2017', 'czarny', 215234, 130, 1, 'WR6BN2M', 600),
(97, 'Renault', 'Captur', '2012', 'czerwony', 42327, 153, 1, 'WRZNBTH', 500),
(98, 'Renault', 'Clio', '2015', 'błękitny', 53844, 96, 1, 'WRKTTL0', 600),
(99, 'Kia', 'Stonic', '2013', 'czerwony', 181895, 106, 0, 'WRHXBJB', 500),
(100, 'Audi', 'Q3', '2021', 'błękitny', 275095, 183, 1, 'WRX2ZHQ', 800),
(101, 'BMW', 'X5', '2016', 'błękitny', 148148, 98, 1, 'WRDOCVS', 200),
(102, 'Mercedes', 'GLE', '2017', 'srebrny', 228503, 107, 1, 'WR9JBIJ', 900),
(103, 'BMW', 'Seria 5', '2020', 'srebrny', 273885, 90, 1, 'WRLZFPD', 900),
(104, 'Volkswagen', 'Golf', '2021', 'czerwony', 19011, 173, 1, 'WR9JQ7F', 900),
(105, 'Volkswagen', 'Arteon', '2017', 'srebrny', 45251, 187, 1, 'WRYBFI1', 1000),
(106, 'Ford', 'Kuga', '2014', 'srebrny', 131379, 152, 0, 'WREDPR8', 500),
(107, 'Skoda', 'Fabia', '2020', 'srebrny', 15797, 106, 1, 'WR2HJAE', 500),
(108, 'Fiat', '500', '2012', 'srebrny', 178505, 133, 1, 'WRAR26T', 700),
(109, 'Renault', 'Captur', '2013', 'biały', 232713, 167, 1, 'WRE0B1N', 400),
(110, 'Audi', 'Q3', '2019', 'srebrny', 274578, 178, 1, 'WRFF4EL', 700),
(111, 'Skoda', 'Kamiq', '2015', 'biały', 299856, 198, 1, 'WR03KHA', 800),
(112, 'Audi', 'A4', '2016', 'niebieski', 119879, 182, 1, 'WR0JV5V', 200),
(113, 'Skoda', 'Fabia', '2016', 'błękitny', 197473, 97, 1, 'WRJ9DLP', 700),
(114, 'Toyota', 'Yaris Cross', '2020', 'srebrny', 88320, 162, 1, 'WRQ9VKM', 1000),
(115, 'Skoda', 'Fabia', '2015', 'błękitny', 11059, 123, 1, 'WR11FMD', 1000),
(116, 'Audi', 'Q5', '2015', 'srebrny', 24682, 107, 1, 'WRE884P', 600),
(117, 'Audi', 'Q3', '2020', 'niebieski', 279303, 102, 1, 'WRZ51LK', 200),
(118, 'Opel', 'Corsa', '2017', 'czarny', 112767, 200, 1, 'WRCMZK2', 600),
(119, 'Toyota', 'C-HR', '2012', 'czarny', 15776, 104, 1, 'WR49SUX', 1000),
(120, 'Toyota', 'Aygo X', '2021', 'niebieski', 266610, 152, 1, 'WRWQEDF', 800),
(121, 'Audi', 'A3', '2018', 'błękitny', 162310, 94, 0, 'WRUC9IK', 900),
(122, 'Kia', 'Stonic', '2021', 'niebieski', 247563, 108, 0, 'WRTQYSP', 400),
(123, 'Hyundai', 'i30', '2019', 'srebrny', 88547, 155, 1, 'WR4HYDU', 1000),
(124, 'Mercedes', 'GLC', '2014', 'czarny', 3871, 99, 1, 'WRD3V6U', 1000),
(125, 'Audi', 'A3', '2019', 'biały', 195118, 167, 1, 'WRAGF7A', 900),
(126, 'Renault', 'Captur', '2015', 'biały', 114722, 166, 1, 'WRC3UHF', 400),
(127, 'Skoda', 'Kodiaq', '2016', 'niebieski', 209253, 155, 1, 'WR4QK51', 800),
(128, 'Renault', 'Trafic', '2012', 'czerwony', 81759, 105, 1, 'WRPQEHV', 200),
(129, 'Renault', 'Trafic', '2020', 'czerwony', 198496, 159, 1, 'WRIN0D1', 600),
(130, 'Opel', 'Corsa', '2015', 'błękitny', 230154, 143, 1, 'WRSOJNC', 200),
(131, 'Volkswagen', 'Golf', '2017', 'biały', 39617, 98, 0, 'WRDG7YX', 300),
(132, 'Skoda', 'Karoq', '2018', 'srebrny', 200702, 142, 0, 'WRYMEZI', 500),
(133, 'Kia', 'Stonic', '2015', 'czerwony', 278639, 119, 1, 'WR14JD9', 500),
(134, 'Mercedes', 'GLC', '2020', 'srebrny', 292162, 200, 1, 'WR7HRQU', 700),
(135, 'Toyota', 'Yaris', '2018', 'czerwony', 58897, 128, 1, 'WRXB4RX', 500),
(136, 'Kia', 'Stonic', '2013', 'srebrny', 286353, 149, 1, 'WR8IRYW', 200),
(137, 'Kia', 'Sportage', '2017', 'czarny', 179996, 192, 1, 'WR6MLN1', 200),
(138, 'Mercedes', 'GLE', '2014', 'niebieski', 198200, 127, 1, 'WR1QHVI', 500),
(139, 'Audi', 'A3', '2015', 'srebrny', 101809, 115, 1, 'WRB3T0J', 200),
(140, 'Mercedes', 'GLE', '2017', 'czarny', 209592, 159, 1, 'WRY8U0U', 500),
(141, 'Volkswagen', 'Passat', '2014', 'czarny', 68147, 115, 0, 'WR8P4G3', 1000),
(142, 'Kia', 'Sportage', '2018', 'błękitny', 248301, 185, 0, 'WRP91B2', 400),
(143, 'Kia', 'Ceed', '2017', 'niebieski', 145954, 176, 1, 'WR7B33S', 800),
(144, 'Kia', 'Stonic', '2012', 'srebrny', 265359, 111, 1, 'WR65QXM', 600),
(145, 'Audi', 'A4', '2019', 'błękitny', 168195, 170, 1, 'WRCZIGS', 300),
(146, 'Audi', 'A4', '2018', 'srebrny', 98436, 164, 1, 'WRL8XHU', 700),
(147, 'Hyundai', 'i30', '2017', 'czarny', 131982, 121, 1, 'WR93UON', 300),
(148, 'Volkswagen', 'Golf', '2014', 'błękitny', 268194, 111, 1, 'WR8ERWG', 200),
(149, 'BMW', 'X5', '2015', 'błękitny', 117185, 115, 1, 'WRGRO2H', 600),
(150, 'Kia', 'XCeed', '2019', 'czerwony', 160035, 127, 1, 'WR6PA06', 900),
(151, 'Hyundai', 'i20', '2016', 'srebrny', 15179, 109, 1, 'WR5LC6U', 900),
(152, 'Toyota', 'Aygo X', '2020', 'biały', 161223, 170, 1, 'WRDN8N5', 700),
(153, 'Volkswagen', 'Tiguan', '2014', 'błękitny', 196364, 164, 1, 'WRA7Y4J', 700),
(154, 'BMW', 'Seria 5', '2013', 'błękitny', 151749, 117, 1, 'WR2YVCP', 1000),
(155, 'Fiat', '500', '2016', 'niebieski', 244841, 135, 1, 'WRCJ4NF', 400),
(156, 'Volkswagen', 'Tiguan', '2021', 'czerwony', 474, 161, 0, 'WR2UKZJ', 600),
(157, 'Audi', 'Q5', '2012', 'srebrny', 129518, 93, 1, 'WRPAEXP', 400),
(158, 'Renault', 'Captur', '2014', 'srebrny', 196327, 121, 1, 'WR9AGDS', 700),
(159, 'Kia', 'Sportage', '2018', 'biały', 253307, 163, 1, 'WR77HFR', 700),
(160, 'Audi', 'A3', '2012', 'niebieski', 71195, 136, 0, 'WRXLX6P', 700),
(161, 'Fiat', '500', '2018', 'błękitny', 190033, 100, 1, 'WRIX2NS', 500),
(162, 'Toyota', 'Aygo X', '2020', 'biały', 235160, 154, 1, 'WRAT98E', 700),
(163, 'Ford', 'Kuga', '2018', 'niebieski', 281127, 111, 1, 'WR1TTYC', 300),
(164, 'Mercedes', 'GLE', '2012', 'błękitny', 292716, 186, 0, 'WRBQ9RZ', 400),
(165, 'Hyundai', 'i20', '2014', 'biały', 121150, 108, 1, 'WRV67Z3', 300),
(166, 'Toyota', 'C-HR', '2018', 'niebieski', 8470, 156, 1, 'WRSF0TU', 700),
(167, 'Mercedes', 'GLE', '2015', 'biały', 34974, 159, 1, 'WR40ZYN', 200),
(168, 'Toyota', 'RAV4', '2018', 'niebieski', 298061, 188, 1, 'WRMG3JN', 300),
(169, 'BMW', 'X3', '2018', 'niebieski', 247075, 151, 1, 'WRFKXFG', 600),
(170, 'Renault', 'Trafic', '2015', 'błękitny', 47046, 109, 1, 'WRYN1IY', 700),
(171, 'Suzuki', 'Vitara', '2019', 'niebieski', 231720, 114, 1, 'WRBILV8', 300),
(172, 'Toyota', 'Yaris Cross', '2017', 'biały', 37444, 182, 1, 'WRBYGZZ', 800),
(173, 'Renault', 'Captur', '2020', 'czerwony', 283916, 129, 1, 'WRN1OIN', 400),
(174, 'Renault', 'Arkana', '2021', 'czerwony', 185157, 145, 1, 'WRHCCAC', 900),
(175, 'Toyota', 'Aygo X', '2021', 'czarny', 224917, 190, 1, 'WRHZJN2', 500),
(176, 'Nissan', 'Qashqai', '2020', 'czarny', 59753, 162, 0, 'WR91FDW', 200),
(177, 'Dacia', 'Duster', '2015', 'srebrny', 95214, 190, 1, 'WR5QX7F', 500),
(178, 'BMW', 'Seria 3', '2016', 'błękitny', 138708, 158, 1, 'WRA7MN9', 800),
(179, 'Toyota', 'RAV4', '2016', 'biały', 285583, 138, 1, 'WR4O7OG', 400),
(180, 'Volvo', 'XC40', '2013', 'biały', 297948, 145, 1, 'WROUXOP', 600),
(181, 'Kia', 'Ceed', '2014', 'błękitny', 85127, 198, 1, 'WRB0G0V', 200),
(182, 'Cupra', 'Formentor', '2012', 'czerwony', 262491, 121, 1, 'WRQ3KWP', 500),
(183, 'Fiat', '500', '2015', 'niebieski', 254757, 143, 1, 'WR885JX', 500),
(184, 'Volkswagen', 'Tiguan', '2014', 'srebrny', 142738, 144, 1, 'WRBN7UJ', 800),
(185, 'Toyota', 'RAV4', '2014', 'błękitny', 121806, 103, 1, 'WRH7PN8', 900),
(186, 'BMW', 'Seria 3', '2014', 'czarny', 118047, 151, 1, 'WRM2HCS', 1000),
(187, 'Volkswagen', 'Arteon', '2013', 'biały', 239299, 196, 0, 'WRHRQ7Z', 700),
(188, 'Hyundai', 'i30', '2014', 'niebieski', 249418, 143, 1, 'WR23F3F', 1000),
(189, 'Skoda', 'Scala', '2018', 'czerwony', 17480, 170, 1, 'WR57GI6', 300),
(190, 'Renault', 'Clio', '2020', 'czarny', 299351, 162, 1, 'WRRFMMA', 600),
(191, 'Skoda', 'Kamiq', '2012', 'srebrny', 279766, 147, 0, 'WRXH3NI', 700),
(192, 'Renault', 'Clio', '2016', 'biały', 225034, 166, 0, 'WRXBK26', 900),
(193, 'Toyota', 'C-HR', '2018', 'srebrny', 233784, 189, 1, 'WRR7JHW', 200),
(194, 'Volkswagen', 'Golf', '2012', 'srebrny', 79554, 99, 1, 'WR4SIMD', 200),
(195, 'Hyundai', 'Tucson', '2016', 'niebieski', 241553, 156, 1, 'WRAIQI9', 300),
(196, 'Renault', 'Clio', '2015', 'biały', 195015, 132, 0, 'WR5FARW', 900),
(197, 'Volvo', 'XC60', '2012', 'niebieski', 237805, 116, 1, 'WRXU7ZE', 1000),
(198, 'Fiat', '500', '2015', 'biały', 8486, 114, 1, 'WRN8BWJ', 600),
(199, 'BMW', 'X5', '2017', 'niebieski', 102249, 130, 1, 'WRIND7T', 400),
(200, 'Renault', 'Captur', '2020', 'czerwony', 250973, 167, 1, 'WRPELP8', 500);

-- --------------------------------------------------------

--
-- Table structure for table `klienci`
--

CREATE TABLE `klienci` (
  `id` int(11) NOT NULL,
  `imie` varchar(30) NOT NULL,
  `nazwisko` varchar(30) NOT NULL,
  `nr_tel` bigint(20) DEFAULT NULL,
  `email` varchar(40) DEFAULT NULL,
  `data_ur` date DEFAULT NULL
) ENGINE=InnoDB DEFAULT CHARSET=utf8 COLLATE=utf8_bin;

--
-- Dumping data for table `klienci`
--

INSERT INTO `klienci` (`id`, `imie`, `nazwisko`, `nr_tel`, `email`, `data_ur`) VALUES
(1, 'IGNACY', 'CHLUDZIŃSKI', 48929850556, 'ign8973@gmail.com', '1986-10-05'),
(2, 'JULIAN', 'DOMALEWSKI', 48496987415, 'jul6077@gmail.com', '2004-01-27'),
(3, 'JULIAN', 'PAŁKA', 48461803805, 'jul6500@gmail.com', '2004-03-28'),
(4, 'ANDRZEJ', 'PRUSACZYK', 48863501068, 'and2745@gmail.com', '2003-06-24'),
(5, 'WŁADYSŁAW', 'BILOUS', 48977844796, 'wła3073@gmail.com', '1988-12-21'),
(6, 'LESZEK', 'CHMIELEWSKI', 48410814425, 'les8553@gmail.com', '1984-12-05'),
(7, 'ADAM', 'SUWALSKI', 48836100663, 'ada5195@gmail.com', '1976-07-19'),
(8, 'KRZYSZTOF', 'SATERNUS', 48306627878, 'krz1270@gmail.com', '1976-06-05'),
(9, 'BRONISŁAW', 'CZUBAK', 48908206938, 'bro3438@gmail.com', '1950-01-24'),
(10, 'JAN', 'NAWARA', 48297334104, 'jan1045@gmail.com', '1981-10-09'),
(11, 'BOLESŁAW', 'SMOLAREK', 48206449942, 'bol3733@gmail.com', '1952-01-19'),
(12, 'ROMAN', 'MIAZEK', 48504243952, 'rom1321@gmail.com', '1979-07-19'),
(13, 'DAMIAN', 'KASPRZYCKI', 48936913134, 'dam8297@gmail.com', '1994-08-08'),
(14, 'JULIAN', 'CHMIELECKI', 48164907578, 'jul8841@gmail.com', '1945-04-01'),
(15, 'ZBIGNIEW', 'LISIECKI', 48559120877, 'zbi3348@gmail.com', '1995-05-12'),
(16, 'ROMAN', 'MAJEK', 48736027784, 'rom5271@gmail.com', '1952-09-23'),
(17, 'WACŁAW', 'MOCZULSKI', 48115946141, 'wac7662@gmail.com', '1952-08-08'),
(18, 'STEFAN', 'FILIPIUK', 48999911524, 'ste2782@gmail.com', '2002-12-16'),
(19, 'MIŁOSZ', 'ŚLĘZAK', 48544174464, 'mił3769@gmail.com', '1983-02-26'),
(20, 'MIŁOSZ', 'SOLAK', 48389995479, 'mił7950@gmail.com', '1948-09-15'),
(21, 'BRONISŁAW', 'PIASTA', 48725523109, 'bro1947@gmail.com', '2001-04-08'),
(22, 'LEON', 'VOVK', 48952099929, 'leo7423@gmail.com', '1989-08-05'),
(23, 'OSKAR', 'IWANIEC', 48749830079, 'osk1210@gmail.com', '1944-10-25'),
(24, 'FRANCISZEK', 'UMIŃSKI', 48762409469, 'fra2271@gmail.com', '1996-11-06'),
(25, 'ADAM', 'KOS', 48565334037, 'ada5351@gmail.com', '1990-12-16'),
(26, 'WIESŁAW', 'MIAZEK', 48606607997, 'wie2232@gmail.com', '1964-03-11'),
(27, 'STEFAN', 'TALAR', 48993519409, 'ste2770@gmail.com', '1998-02-23'),
(28, 'GRZEGORZ', 'FILIPCZYK', 48540146705, 'grz1973@gmail.com', '1989-08-07'),
(29, 'EDWARD', 'KRAWCZYŃSKI', 48468952644, 'edw5134@gmail.com', '1940-09-24'),
(30, 'MATEUSZ', 'POTONIEC', 48122917814, 'mat1485@gmail.com', '1964-08-05'),
(31, 'KAMIL', 'NAZARUK', 48515660903, 'kam8250@gmail.com', '2005-12-14'),
(32, 'ARKADIUSZ', 'SZUBERT', 48348149474, 'ark7942@gmail.com', '2000-10-08'),
(33, 'FELIKS', 'KOROLCZUK', 48351364942, 'fel6323@gmail.com', '1945-11-28'),
(34, 'JAN', 'KASPERKIEWICZ', 48460596200, 'jan2443@gmail.com', '1968-09-07'),
(35, 'LEON', 'ŻBIKOWSKI', 48590801607, 'leo5820@gmail.com', '1998-01-07'),
(36, 'WIESŁAW', 'FELIKS', 48432355360, 'wie6909@gmail.com', '1981-06-16'),
(37, 'EDWARD', 'SZERSZEŃ', 48277094345, 'edw9029@gmail.com', '1964-09-01'),
(38, 'EDMUND', 'WIKA', 48508675208, 'edm8724@gmail.com', '1963-10-09'),
(39, 'JACEK', 'STAŃCZAK', 48700352715, 'jac6479@gmail.com', '1987-07-04'),
(40, 'MARIUSZ', 'ŚCIGAŁA', 48699831861, 'mar2653@gmail.com', '1953-02-27'),
(41, 'EDWARD', 'SOROKA', 48885582029, 'edw8057@gmail.com', '2000-12-09'),
(42, 'PRZEMYSŁAW', 'WASZAK', 48703251644, 'prz9030@gmail.com', '2000-03-13'),
(43, 'FRANCISZEK', 'NIEDZIELSKI', 48985595686, 'fra7792@gmail.com', '1953-09-21'),
(44, 'WALDEMAR', 'ŁOBODZIŃSKI', 48138123322, 'wal2994@gmail.com', '1957-01-01'),
(45, 'ZENON', 'ŁUKASZUK', 48179940288, 'zen1138@gmail.com', '2002-07-06'),
(46, 'LEON', 'KUKULSKI', 48626518286, 'leo7505@gmail.com', '1966-07-12'),
(47, 'RAFAŁ', 'KUBERSKI', 48658863164, 'raf6250@gmail.com', '2004-03-08'),
(48, 'PIOTR', 'STAWICKI', 48803412167, 'pio4584@gmail.com', '1970-01-11'),
(49, 'IGNACY', 'MYŚLIWIEC', 48107491165, 'ign4929@gmail.com', '1972-11-15'),
(50, 'DAMIAN', 'LEDWOŃ', 48639112405, 'dam6553@gmail.com', '1942-07-10'),
(51, 'MIECZYSŁAW', 'PIKUL', 48771749736, 'mie6129@gmail.com', '1981-10-26'),
(52, 'SŁAWOMIR', 'ORACZ', 48915128410, 'sła2409@gmail.com', '1967-08-04'),
(53, 'MICHAŁ', 'STOLARZ', 48461364852, 'mic9204@gmail.com', '1949-11-28'),
(54, 'ROMAN', 'ŁABĘCKI', 48321281721, 'rom1359@gmail.com', '1972-05-11'),
(55, 'WŁODZIMIERZ', 'MYSZK', 48481744886, 'wło3306@gmail.com', '1992-01-03'),
(56, 'DAMIAN', 'ZALEWSKI', 48774677797, 'dam6852@gmail.com', '1945-03-04'),
(57, 'ROBERT', 'KOWAL', 48362641216, 'rob1391@gmail.com', '1992-01-03'),
(58, 'ANTONI', 'LISIAK', 48682431877, 'ant4175@gmail.com', '1950-09-28'),
(59, 'IRENEUSZ', 'SZOPIŃSKI', 48431028889, 'ire9064@gmail.com', '1959-08-16'),
(60, 'FRANCISZEK', 'DĘBOWSKI', 48231869213, 'fra8313@gmail.com', '1940-09-03'),
(61, 'SŁAWOMIR', 'ŁUCKI', 48774041257, 'sła4643@gmail.com', '1961-02-14'),
(62, 'ROMAN', 'MARUT', 48733379385, 'rom4269@gmail.com', '1981-08-16'),
(63, 'JERZY', 'MOLIŃSKI', 48863422526, 'jer7500@gmail.com', '1991-09-10'),
(64, 'KAZIMIERZ', 'SOBIK', 48164732412, 'kaz6023@gmail.com', '1990-08-25'),
(65, 'PAWEŁ', 'SEROCZYŃSKI', 48747159936, 'paw5283@gmail.com', '1977-03-21'),
(66, 'JAROSŁAW', 'BARTECKI', 48745529851, 'jar2587@gmail.com', '1970-01-22'),
(67, 'TADEUSZ', 'PROKOPIUK', 48278341226, 'tad7292@gmail.com', '1978-09-18'),
(68, 'KACPER', 'ŁEBEK', 48214937516, 'kac9861@gmail.com', '1971-03-13'),
(69, 'OLIWIER', 'TOMIAK', 48548982243, 'oli3883@gmail.com', '1992-01-15'),
(70, 'KRZYSZTOF', 'DROGOSZ', 48831194694, 'krz3237@gmail.com', '1996-06-13'),
(71, 'MIŁOSZ', 'MACHOWSKI', 48924296466, 'mił1973@gmail.com', '2002-06-16'),
(72, 'LESZEK', 'WACŁAWSKI', 48260436867, 'les6358@gmail.com', '1991-11-17'),
(73, 'STANISŁAW', 'TELEGA', 48343026767, 'sta8337@gmail.com', '1955-12-16'),
(74, 'MICHAŁ', 'SŁUPSKI', 48312280767, 'mic9956@gmail.com', '1957-05-09'),
(75, 'WIKTOR', 'POHL', 48289854469, 'wik2741@gmail.com', '1975-08-11'),
(76, 'SŁAWOMIR', 'URBAN', 48970905156, 'sła1225@gmail.com', '1956-03-17'),
(77, 'WIESŁAW', 'SERDIUK', 48336369455, 'wie9267@gmail.com', '1966-06-13'),
(78, 'STEFAN', 'NALEPA', 48204090321, 'ste8636@gmail.com', '1953-12-28'),
(79, 'MIKOŁAJ', 'STEMPIEŃ', 48697651378, 'mik6542@gmail.com', '1961-06-18'),
(80, 'MACIEJ', 'SUWALSKI', 48519053655, 'mac6240@gmail.com', '1963-07-10'),
(81, 'WŁODZIMIERZ', 'WŁOCH', 48543579592, 'wło6220@gmail.com', '1991-08-22'),
(82, 'JAKUB', 'MAŚLANKA', 48869647647, 'jak6082@gmail.com', '1959-08-11'),
(83, 'WALDEMAR', 'JACAK', 48406059692, 'wal9806@gmail.com', '1967-12-06'),
(84, 'SYLWESTER', 'KONDRACIUK', 48113791821, 'syl9325@gmail.com', '1977-06-02'),
(85, 'DOMINIK', 'VOLKOV', 48866121789, 'dom3955@gmail.com', '1970-03-04'),
(86, 'MACIEJ', 'BAJ', 48201230736, 'mac2544@gmail.com', '1946-01-21'),
(87, 'KAZIMIERZ', 'ŁAPKA', 48934229267, 'kaz8661@gmail.com', '2000-02-04'),
(88, 'KAROL', 'ZIOBRO', 48463085607, 'kar8840@gmail.com', '1947-02-26'),
(89, 'IGNACY', 'FURTAK', 48593968250, 'ign9665@gmail.com', '1977-06-05'),
(90, 'MICHAŁ', 'MARKUSZEWSKI', 48996311525, 'mic4300@gmail.com', '1992-06-12'),
(91, 'FRANCISZEK', 'ZACHARA', 48795495621, 'fra6075@gmail.com', '1971-09-02'),
(92, 'IGNACY', 'WAWER', 48163286737, 'ign1002@gmail.com', '1940-07-07'),
(93, 'KACPER', 'NAGÓRSKI', 48618752058, 'kac8458@gmail.com', '1943-04-19'),
(94, 'OLIWIER', 'BAKUŁA', 48190258375, 'oli6560@gmail.com', '1977-06-22'),
(95, 'MICHAŁ', 'ŁEPKOWSKI', 48353066771, 'mic4510@gmail.com', '2000-06-12'),
(96, 'ADAM', 'CHWIAŁKOWSKI', 48655411220, 'ada9679@gmail.com', '1983-02-15'),
(97, 'ZBIGNIEW', 'CABAN', 48176174225, 'zbi7199@gmail.com', '1997-03-14'),
(98, 'STANISŁAW', 'PINDEL', 48362338436, 'sta4659@gmail.com', '1966-04-19'),
(99, 'ANTONI', 'KARKOSZKA', 48628936288, 'ant9649@gmail.com', '1973-06-05'),
(100, 'LUDWIK', 'ZARYCHTA', 48920316094, 'lud6619@gmail.com', '2004-05-17'),
(101, 'GRZEGORZ', 'KLIŚ', 48951212115, 'grz9690@gmail.com', '1987-03-11'),
(102, 'DOMINIK', 'KUSAK', 48329813788, 'dom6648@gmail.com', '1957-07-24'),
(103, 'PRZEMYSŁAW', 'ZUBER', 48278524182, 'prz9970@gmail.com', '1977-03-22'),
(104, 'WOJCIECH', 'CIEPIELA', 48494303264, 'woj9640@gmail.com', '1952-12-24'),
(105, 'ZENON', 'PABIAN', 48668684429, 'zen8984@gmail.com', '1962-05-08'),
(106, 'ADAM', 'SZAFRANIEC', 48211783469, 'ada1636@gmail.com', '1985-01-16'),
(107, 'ZBIGNIEW', 'CHORNYI', 48337380515, 'zbi7414@gmail.com', '1981-09-11'),
(108, 'ANTONI', 'ŻYWICKI', 48218719016, 'ant1338@gmail.com', '1973-10-20'),
(109, 'WITOLD', 'BACA', 48655829693, 'wit4946@gmail.com', '1945-10-24'),
(110, 'BARTŁOMIEJ', 'KIESZKOWSKI', 48725586883, 'bar9035@gmail.com', '1978-01-02'),
(111, 'ALEKSANDER', 'BILICKI', 48452407439, 'ale4117@gmail.com', '1945-02-05'),
(112, 'IGNACY', 'CURYŁO', 48802787743, 'ign4698@gmail.com', '2005-02-17'),
(113, 'ALAN', 'CHOWANIEC', 48597620170, 'ala8254@gmail.com', '2004-12-26'),
(114, 'STANISŁAW', 'MATUSZCZAK', 48282139456, 'sta8669@gmail.com', '1957-07-22'),
(115, 'ADRIAN', 'KABACIŃSKI', 48725827790, 'adr3208@gmail.com', '1980-07-24'),
(116, 'EDWARD', 'JURA', 48839190084, 'edw4548@gmail.com', '1944-07-05'),
(117, 'TADEUSZ', 'PROKOPOWICZ', 48112864051, 'tad6087@gmail.com', '1973-12-06'),
(118, 'MIECZYSŁAW', 'HOFFMAN', 48316792725, 'mie9909@gmail.com', '1971-05-01'),
(119, 'MATEUSZ', 'KOBIERSKI', 48434687977, 'mat9218@gmail.com', '1978-05-04'),
(120, 'BERNARD', 'SORDYL', 48152157148, 'ber5239@gmail.com', '1961-07-08'),
(121, 'MIŁOSZ', 'MALCZYK', 48707310987, 'mił1882@gmail.com', '1983-06-09'),
(122, 'HUBERT', 'CYWIŃSKI', 48756595168, 'hub3910@gmail.com', '1944-06-07'),
(123, 'MIECZYSŁAW', 'MŁYNARCZYK', 48676403059, 'mie9843@gmail.com', '1999-02-10'),
(124, 'MIECZYSŁAW', 'OSTOJSKI', 48192312615, 'mie8327@gmail.com', '1948-09-15'),
(125, 'BOLESŁAW', 'SZCZECH', 48285368559, 'bol9545@gmail.com', '1974-04-15'),
(126, 'STEFAN', 'MIKOŁAJCZYK', 48597872356, 'ste1793@gmail.com', '1941-03-08'),
(127, 'GRZEGORZ', 'ZYCH', 48212707582, 'grz2110@gmail.com', '1987-07-17'),
(128, 'ARKADIUSZ', 'WRZOS', 48866463287, 'ark9753@gmail.com', '1986-07-26'),
(129, 'SŁAWOMIR', 'OLECHNOWICZ', 48417565096, 'sła9246@gmail.com', '1962-04-03'),
(130, 'PATRYK', 'KUKLIŃSKI', 48706436273, 'pat7379@gmail.com', '1950-10-15'),
(131, 'MATEUSZ', 'BOBEK', 48438206118, 'mat5953@gmail.com', '1988-11-15'),
(132, 'MARCEL', 'SZCZEPANOWSKI', 48969217242, 'mar3492@gmail.com', '2004-05-16'),
(133, 'JÓZEF', 'FURMANIAK', 48294077213, 'józ7433@gmail.com', '1961-03-20'),
(134, 'KAMIL', 'KRZYWICKI', 48143127104, 'kam6351@gmail.com', '1987-06-25'),
(135, 'MARCIN', 'BYRSKI', 48260292852, 'mar7066@gmail.com', '1999-06-06'),
(136, 'SŁAWOMIR', 'BARYŁA', 48735774499, 'sła6292@gmail.com', '1959-01-18'),
(137, 'WIKTOR', 'KOSTRUBIEC', 48968721343, 'wik9041@gmail.com', '1963-08-21'),
(138, 'FELIKS', 'GÓRNIAK', 48720567824, 'fel1479@gmail.com', '1991-05-08'),
(139, 'IRENEUSZ', 'KLEPACZ', 48775247692, 'ire4685@gmail.com', '1947-12-22'),
(140, 'MARCIN', 'SARZYŃSKI', 48364407332, 'mar5653@gmail.com', '1987-05-17'),
(141, 'IRENEUSZ', 'BŁASZCZAK', 48474757832, 'ire3681@gmail.com', '1988-11-25'),
(142, 'MAREK', 'LEŚNIAK', 48592735658, 'mar6918@gmail.com', '1940-06-17'),
(143, 'ANTONI', 'MENCEL', 48169434688, 'ant5734@gmail.com', '1969-04-24'),
(144, 'NORBERT', 'ZUB', 48230825926, 'nor9674@gmail.com', '1966-05-09'),
(145, 'EDWARD', 'MAKSYMOWICZ', 48248369152, 'edw2005@gmail.com', '1992-08-03'),
(146, 'MIECZYSŁAW', 'GRUDZIEŃ', 48645106657, 'mie9319@gmail.com', '2005-11-19'),
(147, 'STEFAN', 'GRZYWACZEWSKI', 48396681148, 'ste1992@gmail.com', '1951-07-08'),
(148, 'ROMAN', 'GMYREK', 48467409817, 'rom3930@gmail.com', '1961-09-27'),
(149, 'LUDWIK', 'PRZYBYŁOWICZ', 48198573077, 'lud9966@gmail.com', '1967-12-11'),
(150, 'WIESŁAW', 'WOJTOWICZ', 48269066622, 'wie2081@gmail.com', '1949-08-09'),
(151, 'BOLESŁAW', 'KOZIŃSKI', 48984486438, 'bol7141@gmail.com', '1947-08-23'),
(152, 'BERNARD', 'RELIGA', 48516304247, 'ber4643@gmail.com', '2001-11-06'),
(153, 'DARIUSZ', 'KUNICKI', 48810301318, 'dar2291@gmail.com', '1959-07-23'),
(154, 'EDMUND', 'GÓRKA', 48409427715, 'edm9203@gmail.com', '1943-02-28'),
(155, 'KACPER', 'NOGA', 48142467706, 'kac7371@gmail.com', '1945-09-14'),
(156, 'MAKSYMILIAN', 'BUŚKO', 48357207938, 'mak7562@gmail.com', '1974-02-10'),
(157, 'MATEUSZ', 'MALEC', 48917509059, 'mat6204@gmail.com', '1955-04-21'),
(158, 'WŁADYSŁAW', 'ŚWIERCZYŃSKI', 48482704617, 'wła3859@gmail.com', '1993-10-16'),
(159, 'WALDEMAR', 'SIEMIENIUK', 48935700299, 'wal8522@gmail.com', '1984-07-15'),
(160, 'EDWARD', 'SZCZERBA', 48380560837, 'edw9833@gmail.com', '1955-12-10'),
(161, 'MICHAŁ', 'RATAJSKI', 48791571262, 'mic9823@gmail.com', '1950-01-26'),
(162, 'WACŁAW', 'RATYŃSKI', 48724732227, 'wac7948@gmail.com', '1975-02-24'),
(163, 'WITOLD', 'CIEPLAK', 48224389915, 'wit2163@gmail.com', '1950-06-09'),
(164, 'DAWID', 'OGONOWSKI', 48463662450, 'daw6528@gmail.com', '1981-09-08'),
(165, 'ROBERT', 'KOCOŃ', 48680527910, 'rob3539@gmail.com', '1943-11-21'),
(166, 'IGOR', 'CZERNIK', 48781170375, 'igo3862@gmail.com', '2001-06-19'),
(167, 'MAKSYMILIAN', 'SIMON', 48127752102, 'mak3750@gmail.com', '1961-06-25'),
(168, 'SYLWESTER', 'ORDON', 48341202544, 'syl2016@gmail.com', '1966-02-13'),
(169, 'KRYSTIAN', 'KONIECZKA', 48378583155, 'kry5241@gmail.com', '1953-11-21'),
(170, 'DARIUSZ', 'ŚLIWA', 48891673469, 'dar8947@gmail.com', '1959-03-20'),
(171, 'ADAM', 'MAŚLANKA', 48322736784, 'ada8695@gmail.com', '1953-02-22'),
(172, 'IGOR', 'CHRZĄSZCZ', 48417441536, 'igo2452@gmail.com', '1998-11-20'),
(173, 'LUDWIK', 'TARAN', 48725365929, 'lud6025@gmail.com', '1974-11-17'),
(174, 'DANIEL', 'WASIAK', 48559276720, 'dan1495@gmail.com', '1956-04-02'),
(175, 'HUBERT', 'MOROZOV', 48829376020, 'hub1301@gmail.com', '1985-09-03'),
(176, 'KAZIMIERZ', 'DOMINIAK', 48882962198, 'kaz8393@gmail.com', '1959-07-14'),
(177, 'BOGDAN', 'MELNYCHUK', 48642190341, 'bog5698@gmail.com', '1984-06-06'),
(178, 'KRZYSZTOF', 'KONOPKO', 48918646800, 'krz8598@gmail.com', '1982-01-10'),
(179, 'LESZEK', 'JAKUBEK', 48311632595, 'les7457@gmail.com', '1969-07-21'),
(180, 'IGOR', 'TROJNAR', 48676711528, 'igo5898@gmail.com', '1998-09-26'),
(181, 'MIŁOSZ', 'KĘSY', 48748886571, 'mił9304@gmail.com', '1967-07-13'),
(182, 'JAROSŁAW', 'KOZA', 48749779472, 'jar9916@gmail.com', '1986-06-11'),
(183, 'RAFAŁ', 'JACZEWSKI', 48479778580, 'raf3812@gmail.com', '1974-10-17'),
(184, 'JÓZEF', 'GROŃSKI', 48531285532, 'józ8129@gmail.com', '1948-06-02'),
(185, 'RAFAŁ', 'SANOCKI', 48591824449, 'raf9302@gmail.com', '1977-02-28'),
(186, 'MIŁOSZ', 'RZOŃCA', 48118144844, 'mił8553@gmail.com', '1959-12-06'),
(187, 'BRONISŁAW', 'WALAS', 48295329274, 'bro5946@gmail.com', '1951-07-07'),
(188, 'KAZIMIERZ', 'PASZKOWSKI', 48608225014, 'kaz5022@gmail.com', '1947-12-25'),
(189, 'ARTUR', 'FORNAL', 48239607488, 'art9574@gmail.com', '1969-02-18'),
(190, 'ROBERT', 'KŁOS', 48308961587, 'rob6565@gmail.com', '1987-02-27'),
(191, 'SŁAWOMIR', 'PATEREK', 48358373648, 'sła3786@gmail.com', '1940-09-14'),
(192, 'JAN', 'GAŁEK', 48336503456, 'jan8518@gmail.com', '1990-06-11'),
(193, 'JÓZEF', 'WYSOCZAŃSKI', 48171194314, 'józ2669@gmail.com', '1975-01-06'),
(194, 'WŁODZIMIERZ', 'ZIEMIŃSKI', 48362609637, 'wło8334@gmail.com', '2005-06-12'),
(195, 'MAKSYMILIAN', 'KAROLCZAK', 48373602169, 'mak8222@gmail.com', '1960-06-25'),
(196, 'BOGDAN', 'NIZIOŁ', 48827492872, 'bog8751@gmail.com', '1987-12-13'),
(197, 'ALEKSANDER', 'NAPIERAJ', 48319072966, 'ale9514@gmail.com', '2000-08-27'),
(198, 'WITOLD', 'SZYCHOWSKI', 48842288332, 'wit8753@gmail.com', '1961-01-03'),
(199, 'WŁODZIMIERZ', 'TRAN', 48632450494, 'wło2491@gmail.com', '1944-01-05'),
(200, 'WALDEMAR', 'ŻAK', 48111976347, 'wal6819@gmail.com', '1972-04-09'),
(201, 'JAROSŁAW', 'BURDA', 48826122352, 'jar8503@gmail.com', '1954-09-11'),
(202, 'SŁAWOMIR', 'PUCHAŁA', 48261203733, 'sła6186@gmail.com', '1952-02-12'),
(203, 'BARTOSZ', 'PIEKARSKI', 48258631521, 'bar5812@gmail.com', '1983-10-13'),
(204, 'DAMIAN', 'GUTOWSKI', 48289632832, 'dam4330@gmail.com', '1954-11-09'),
(205, 'BOGDAN', 'REKOWSKI', 48705416535, 'bog8635@gmail.com', '1946-01-07'),
(206, 'DAMIAN', 'HIRSZ', 48812093706, 'dam4955@gmail.com', '1994-09-20'),
(207, 'DOMINIK', 'PIĄTKOWSKI', 48747246708, 'dom2521@gmail.com', '2002-07-25'),
(208, 'ALEKSANDER', 'GROT', 48708875652, 'ale9086@gmail.com', '1944-01-11'),
(209, 'ALAN', 'MOŃKA', 48223295114, 'ala7678@gmail.com', '1970-03-27'),
(210, 'KAZIMIERZ', 'JURCZYK', 48351452740, 'kaz5495@gmail.com', '1962-07-15'),
(211, 'JERZY', 'PLACEK', 48654423616, 'jer5935@gmail.com', '1949-03-19'),
(212, 'DARIUSZ', 'GIL', 48229183101, 'dar9581@gmail.com', '1975-08-22'),
(213, 'LECH', 'CZYŻAK', 48296318341, 'lec2546@gmail.com', '1950-07-01'),
(214, 'GRZEGORZ', 'BRYCH', 48657065458, 'grz5568@gmail.com', '2000-11-13'),
(215, 'FILIP', 'GARUS', 48775588564, 'fil5767@gmail.com', '1990-09-24'),
(216, 'LEON', 'ŁABUDA', 48317938089, 'leo1286@gmail.com', '1992-08-17'),
(217, 'TADEUSZ', 'LIBERA', 48411389574, 'tad8730@gmail.com', '2005-01-20'),
(218, 'WŁADYSŁAW', 'ŁUSZCZEK', 48469715655, 'wła9471@gmail.com', '1942-11-25'),
(219, 'DANIEL', 'WĘGRZYN', 48414522009, 'dan8492@gmail.com', '1990-11-21'),
(220, 'SEBASTIAN', 'DOMBROWSKI', 48268483675, 'seb9785@gmail.com', '1956-10-28'),
(221, 'KRYSTIAN', 'URBANIEC', 48323436180, 'kry7820@gmail.com', '1985-07-02'),
(222, 'MIECZYSŁAW', 'SIELSKI', 48945287634, 'mie1095@gmail.com', '1995-12-07'),
(223, 'IGNACY', 'SKIBA', 48552747480, 'ign8326@gmail.com', '1942-03-19'),
(224, 'ANTONI', 'JASIK', 48614490321, 'ant3933@gmail.com', '1964-09-28'),
(225, 'ARTUR', 'BOROWIAK', 48993256695, 'art6528@gmail.com', '1974-03-25'),
(226, 'KONRAD', 'SKONECZNY', 48149688181, 'kon8019@gmail.com', '1944-02-06'),
(227, 'EDMUND', 'CHLEBEK', 48197017881, 'edm8652@gmail.com', '1991-06-21'),
(228, 'RYSZARD', 'ANTKIEWICZ', 48617086901, 'rys1189@gmail.com', '1988-12-12'),
(229, 'ŁUKASZ', 'BOGDAŃSKI', 48395299507, 'łuk8758@gmail.com', '1999-07-01'),
(230, 'PAWEŁ', 'LISIŃSKI', 48356903319, 'paw1670@gmail.com', '1978-09-27'),
(231, 'MAKSYMILIAN', 'SZMIDT', 48309649338, 'mak7566@gmail.com', '1958-11-01'),
(232, 'BRONISŁAW', 'CYGANEK', 48234982880, 'bro7208@gmail.com', '1991-04-05'),
(233, 'KAMIL', 'ZARZYCKI', 48352916931, 'kam2079@gmail.com', '1941-05-08'),
(234, 'BARTŁOMIEJ', 'KOKOT', 48590336504, 'bar3005@gmail.com', '1980-06-08'),
(235, 'DAMIAN', 'SCHAB', 48192966343, 'dam9298@gmail.com', '2002-03-22'),
(236, 'OSKAR', 'PISKORSKI', 48163821540, 'osk5747@gmail.com', '1947-07-06'),
(237, 'SEBASTIAN', 'FILIPCZUK', 48613739735, 'seb2897@gmail.com', '1949-06-13'),
(238, 'JACEK', 'WIĘCKOWSKI', 48929948609, 'jac7198@gmail.com', '1988-03-02'),
(239, 'WŁADYSŁAW', 'BLICHARZ', 48343944869, 'wła6026@gmail.com', '1945-03-03'),
(240, 'TADEUSZ', 'NAKONIECZNY', 48491244255, 'tad4415@gmail.com', '1949-06-16'),
(241, 'BOLESŁAW', 'WYSZOMIERSKI', 48862081503, 'bol6079@gmail.com', '1968-02-26'),
(242, 'KAMIL', 'ŻELAZNY', 48997554072, 'kam7666@gmail.com', '1941-11-24'),
(243, 'MARIUSZ', 'LACHOWSKI', 48715148711, 'mar6571@gmail.com', '1994-09-02'),
(244, 'MIECZYSŁAW', 'ZYCH', 48491765286, 'mie1319@gmail.com', '1998-02-01'),
(245, 'TADEUSZ', 'MAĆKIEWICZ', 48590891613, 'tad7428@gmail.com', '1961-02-19'),
(246, 'MAREK', 'MAGDA', 48443819398, 'mar8482@gmail.com', '1956-04-08'),
(247, 'FRANCISZEK', 'SOBOTKA', 48213261229, 'fra2635@gmail.com', '1976-04-12'),
(248, 'WŁADYSŁAW', 'PYREK', 48554670862, 'wła9898@gmail.com', '1989-05-06'),
(249, 'ANDRZEJ', 'MOSKALENKO', 48641300169, 'and4745@gmail.com', '2002-09-21'),
(250, 'ADRIAN', 'SZOT', 48542798671, 'adr2607@gmail.com', '1944-04-26');

-- --------------------------------------------------------

--
-- Table structure for table `uzytkownicy`
--

CREATE TABLE `uzytkownicy` (
  `id` int(11) NOT NULL,
  `nazwa_uzytkownika` varchar(20) NOT NULL,
  `haslo` varchar(255) NOT NULL,
  `imie` varchar(25) DEFAULT NULL,
  `nazwisko` varchar(30) DEFAULT NULL,
  `aktywne` tinyint(1) NOT NULL DEFAULT 0
) ENGINE=InnoDB DEFAULT CHARSET=utf8mb4 COLLATE=utf8mb4_polish_ci;

--
-- Dumping data for table `uzytkownicy`
--

INSERT INTO `uzytkownicy` (`id`, `nazwa_uzytkownika`, `haslo`, `imie`, `nazwisko`, `aktywne`) VALUES
(1, 'admin', '$2y$10$QZRrQvZxzmlLLvaIj9ovG.os8eK1suoPlJE/MndAA741K9mSPcJz2', '', '', 1);

-- --------------------------------------------------------

--
-- Table structure for table `wypozyczenia`
--

CREATE TABLE `wypozyczenia` (
  `id` int(11) NOT NULL,
  `id_auta` int(11) NOT NULL,
  `id_klienta` int(11) NOT NULL,
  `data_wypozyczenia` datetime NOT NULL,
  `data_zwrotu` datetime DEFAULT NULL,
  `cena` int(11) DEFAULT NULL
) ENGINE=InnoDB DEFAULT CHARSET=utf8 COLLATE=utf8_bin;

--
-- Dumping data for table `wypozyczenia`
--

INSERT INTO `wypozyczenia` (`id`, `id_auta`, `id_klienta`, `data_wypozyczenia`, `data_zwrotu`, `cena`) VALUES
(1, 186, 169, '2022-11-20 04:11:52', '2022-11-24 01:11:51', 3886),
(2, 46, 15, '2022-08-18 08:08:30', '2022-08-25 03:08:42', 5432),
(3, 72, 82, '2022-08-07 02:08:58', '2022-08-17 07:08:19', 2916),
(4, 112, 31, '2022-03-28 04:03:14', '2022-04-02 07:04:34', 1020),
(5, 188, 27, '2022-08-31 12:08:09', '2022-09-04 07:09:15', 4302),
(6, 14, 40, '2022-04-15 04:04:36', '2022-04-24 07:04:26', 1826),
(7, 33, 142, '2022-01-03 03:01:49', '2022-01-13 10:01:50', 7559),
(8, 32, 141, '2022-04-20 04:04:45', '2022-04-28 06:04:40', 2424),
(9, 180, 87, '2022-10-13 12:10:16', '2022-10-26 01:10:00', 7539),
(10, 174, 110, '2022-04-21 05:04:32', '2022-04-30 03:04:00', 7582),
(11, 143, 136, '2022-02-11 03:02:43', '2022-02-20 04:02:50', 7236),
(12, 129, 97, '2022-10-02 02:10:36', '2022-10-12 02:10:55', 5984),
(13, 173, 72, '2022-11-06 09:11:59', '2022-11-10 08:11:42', 1588),
(14, 114, 6, '2022-01-23 12:01:21', '2022-02-05 11:02:58', 12951),
(15, 64, 4, '2022-05-06 05:05:01', '2022-05-19 06:05:01', 10432),
(16, 120, 5, '2022-12-02 08:12:08', '2022-12-12 03:12:19', 7827),
(17, 124, 243, '2022-04-02 03:04:24', '2022-04-15 10:04:26', 13317),
(18, 36, 173, '2022-03-24 09:03:21', '2022-04-06 01:04:10', 8840),
(19, 171, 1, '2022-11-13 04:11:42', '2022-11-22 08:11:00', 2748),
(20, 107, 134, '2022-09-13 11:09:06', '2022-09-24 09:09:30', 5452),
(21, 65, 138, '2022-05-28 10:05:26', '2022-06-01 01:06:41', 1872),
(22, 119, 211, '2022-04-14 04:04:57', '2022-04-22 10:04:42', 7759),
(23, 81, 149, '2022-01-19 02:01:55', '2022-01-30 08:01:48', 4305),
(24, 85, 160, '2022-09-02 09:09:56', '2022-09-05 10:09:50', 2531),
(25, 51, 218, '2022-01-26 11:01:38', '2022-01-31 06:01:13', 4781),
(26, 53, 26, '2022-12-21 05:12:25', '2022-12-30 07:12:41', 6000),
(27, 145, 147, '2022-10-10 11:10:23', '2022-10-22 04:10:56', 3360),
(28, 34, 109, '2022-12-30 08:12:30', '2023-01-11 06:01:30', 7467),
(29, 88, 48, '2022-05-12 04:05:08', '2022-05-22 09:05:35', 7140),
(30, 62, 21, '2022-09-29 10:09:10', '2022-10-12 07:10:19', 8996),
(31, 200, 248, '2022-01-21 06:01:03', '2022-01-25 09:01:03', 1803),
(32, 16, 85, '2022-08-29 09:08:02', '2022-09-07 10:09:10', 7709),
(33, 4, 70, '2022-11-01 04:11:33', '2022-11-12 07:11:17', 8905),
(34, 118, 201, '2022-09-07 03:09:46', '2022-09-20 08:09:35', 7937),
(35, 29, 180, '2022-11-26 08:11:09', '2022-12-02 03:12:18', 3192),
(36, 60, 68, '2022-10-09 08:10:42', '2022-10-14 07:10:06', 1644),
(37, 184, 30, '2022-04-17 10:04:38', '2022-04-22 10:04:53', 4414),
(38, 150, 196, '2022-11-09 05:11:44', '2022-11-16 08:11:44', 6412),
(39, 90, 246, '2022-02-05 03:02:19', '2022-02-13 05:02:52', 5317),
(40, 136, 200, '2022-04-13 06:04:21', '2022-04-20 04:04:16', 1280),
(41, 105, 66, '2022-02-11 12:02:44', '2022-02-13 06:02:30', 2215),
(42, 37, 57, '2022-05-15 09:05:03', '2022-05-27 03:05:29', 3525),
(43, 154, 245, '2022-09-05 06:09:04', '2022-09-11 01:09:16', 5812),
(44, 22, 162, '2022-10-23 02:10:27', '2022-11-02 01:11:00', 6009),
(45, 110, 80, '2022-08-21 07:08:41', '2022-08-25 11:08:24', 2547),
(46, 80, 94, '2022-03-21 10:03:32', '2022-04-01 11:04:01', 6586),
(47, 111, 188, '2022-11-30 08:11:40', '2022-12-03 04:12:53', 2255),
(48, 147, 35, '2022-08-13 11:08:53', '2022-08-21 07:08:07', 2342),
(49, 96, 152, '2022-11-12 08:11:35', '2022-11-23 11:11:17', 6665),
(50, 121, 210, '2022-02-11 11:02:58', '2022-02-14 03:02:50', 1969),
(51, 15, 41, '2022-10-26 05:10:30', '2022-10-30 09:10:28', 3772),
(52, 106, 16, '2022-10-27 08:10:11', '2022-11-08 12:11:07', 5606),
(53, 167, 123, '2022-07-12 01:07:33', '2022-07-17 06:07:48', 941),
(54, 189, 217, '2022-07-01 08:07:04', '2022-07-11 04:07:40', 3091),
(55, 109, 64, '2022-06-30 01:06:07', '2022-07-13 03:07:53', 5236),
(56, 10, 114, '2022-02-05 01:02:20', '2022-02-12 08:02:56', 2187),
(57, 54, 78, '2022-05-24 02:05:49', '2022-05-27 12:05:05', 2047),
(58, 161, 163, '2022-09-23 06:09:44', '2022-09-27 08:09:35', 2046),
(59, 113, 222, '2022-11-02 05:11:01', '2022-11-07 11:11:04', 3686),
(60, 153, 205, '2022-12-21 09:12:22', '2022-12-30 02:12:03', 5762),
(61, 127, 150, '2022-02-25 05:02:03', '2022-03-05 09:03:09', 6542),
(62, 92, 175, '2022-04-15 04:04:52', '2022-04-21 01:04:11', 1281),
(63, 28, 139, '2022-09-02 02:09:18', '2022-09-10 02:09:50', 4815),
(64, 38, 77, '2022-04-25 10:04:32', '2022-05-05 10:05:49', 7984),
(65, 58, 229, '2022-11-24 08:11:50', '2022-12-06 08:12:18', 3607),
(66, 25, 235, '2022-06-28 08:06:16', '2022-07-10 07:07:31', 4781),
(67, 66, 11, '2022-07-09 11:07:28', '2022-07-15 07:07:40', 5795),
(68, 27, 43, '2022-10-26 09:10:05', '2022-11-03 06:11:20', 5066),
(69, 7, 219, '2022-09-14 07:09:05', '2022-09-20 04:09:36', 3513),
(70, 86, 23, '2022-01-20 11:01:27', '2022-01-25 10:01:47', 3277),
(71, 41, 194, '2022-02-24 07:02:46', '2022-03-09 10:03:57', 7862),
(72, 71, 107, '2022-06-26 12:06:10', '2022-06-29 06:06:54', 3725),
(73, 183, 209, '2022-03-06 01:03:57', '2022-03-14 05:03:02', 4079),
(74, 169, 179, '2022-09-17 06:09:57', '2022-09-25 05:09:24', 4771),
(75, 76, 49, '2022-09-23 07:09:21', '2022-09-29 02:09:41', 6295),
(76, 135, 236, '2022-09-03 02:09:42', '2022-09-10 07:09:43', 3622),
(77, 190, 192, '2022-03-30 10:03:49', '2022-04-12 05:04:10', 7959),
(78, 61, 86, '2022-08-24 01:08:31', '2022-08-28 08:08:55', 762),
(79, 23, 238, '2022-11-08 12:11:55', '2022-11-16 06:11:04', 5763),
(80, 151, 170, '2022-06-24 08:06:30', '2022-06-28 11:06:18', 4181),
(81, 47, 65, '2022-10-26 03:10:11', '2022-11-02 09:11:05', 4075),
(82, 83, 58, '2022-09-04 05:09:19', '2022-09-09 11:09:28', 2870),
(83, 26, 187, '2022-02-24 11:02:53', '2022-03-08 10:03:33', 11957),
(84, 170, 79, '2022-11-09 09:11:18', '2022-11-22 02:11:22', 8892),
(85, 77, 117, '2022-09-19 07:09:58', '2022-10-03 05:10:25', 4174),
(86, 177, 36, '2022-01-04 04:01:30', '2022-01-07 02:01:16', 1708),
(87, 198, 226, '2022-12-01 12:12:14', '2022-12-10 04:12:18', 5490),
(88, 12, 33, '2022-07-29 02:07:26', '2022-08-11 04:08:19', 12596),
(89, 74, 195, '2022-11-20 09:11:26', '2022-11-29 08:11:45', 7173),
(90, 9, 71, '2022-05-10 06:05:42', '2022-05-13 11:05:21', 735),
(91, 42, 241, '2022-02-04 05:02:58', '2022-02-13 12:02:59', 7902),
(92, 56, 74, '2022-07-04 10:07:16', '2022-07-09 10:07:38', 4016),
(93, 158, 113, '2022-12-06 07:12:17', '2022-12-18 10:12:47', 8490),
(94, 73, 198, '2022-09-24 02:09:13', '2022-10-02 02:10:32', 7999),
(95, 1, 60, '2022-08-01 11:08:48', '2022-08-07 02:08:53', 5107),
(96, 19, 135, '2022-05-03 02:05:13', '2022-05-10 12:05:52', 3706),
(97, 94, 25, '2022-06-02 08:06:23', '2022-06-08 09:06:25', 3275),
(98, 164, 89, '2022-06-29 11:06:31', '2022-07-02 11:07:40', 1198),
(99, 17, 204, '2022-04-07 01:04:04', '2022-04-18 09:04:02', 2165),
(100, 82, 224, '2023-01-01 11:01:06', '2023-01-15 10:01:04', 13970),
(101, 20, 168, '2022-10-18 02:10:22', '2022-10-27 06:10:56', 8282),
(102, 191, 122, '2022-07-28 12:07:53', '2022-07-30 07:07:57', 1592),
(103, 123, 90, '2022-10-28 05:10:59', '2022-10-30 05:10:36', 2515),
(104, 30, 101, '2022-08-07 11:08:12', '2022-08-14 11:08:24', 2108),
(105, 95, 32, '2022-12-29 10:12:46', '2023-01-04 07:01:08', 1173),
(106, 78, 20, '2022-05-31 08:05:43', '2022-06-12 05:06:21', 8329),
(107, 91, 99, '2022-01-31 01:01:18', '2022-02-03 01:02:11', 746),
(108, 125, 63, '2022-05-16 04:05:03', '2022-05-21 05:05:59', 4983),
(109, 175, 112, '2022-03-16 06:03:20', '2022-03-22 10:03:05', 2835),
(110, 156, 127, '2022-11-05 08:11:43', '2022-11-17 12:11:17', 6698),
(111, 122, 239, '2022-03-17 04:03:59', '2022-03-21 08:03:50', 1460),
(112, 43, 39, '2022-04-04 06:04:25', '2022-04-06 12:04:48', 2003),
(113, 21, 67, '2022-03-08 04:03:03', '2022-03-22 08:03:08', 10916),
(114, 185, 17, '2022-07-17 02:07:49', '2022-07-29 07:07:13', 10981),
(115, 18, 250, '2022-03-13 02:03:22', '2022-03-25 12:03:15', 11169),
(116, 48, 182, '2022-07-18 07:07:41', '2022-07-24 09:07:33', 6082),
(117, 172, 159, '2022-08-03 09:08:02', '2022-08-16 11:08:21', 10042),
(118, 199, 88, '2022-05-17 04:05:41', '2022-05-30 05:05:18', 5421),
(119, 168, 38, '2022-10-12 12:10:27', '2022-10-19 05:10:26', 2005),
(120, 163, 46, '2022-05-24 07:05:20', '2022-06-04 12:06:39', 3064),
(121, 197, 124, '2022-12-21 07:12:57', '2022-12-25 01:12:11', 3751),
(122, 68, 144, '2022-11-20 10:11:21', '2022-11-29 07:11:21', 4437),
(123, 160, 50, '2022-03-03 10:03:40', '2022-03-15 10:03:52', 8763),
(124, 178, 84, '2022-12-27 03:12:15', '2023-01-09 12:01:50', 9883),
(125, 45, 165, '2022-09-02 06:09:36', '2022-09-07 12:09:10', 1887),
(126, 13, 189, '2023-01-01 01:01:44', '2023-01-05 09:01:52', 4350),
(127, 149, 240, '2022-08-19 05:08:01', '2022-08-31 12:08:55', 7078),
(128, 39, 153, '2022-04-11 01:04:39', '2022-04-13 10:04:24', 2893),
(129, 100, 133, '2022-08-10 12:08:59', '2022-08-17 06:08:55', 5411),
(130, 75, 206, '2022-10-01 01:10:58', '2022-10-12 11:10:31', 7621),
(131, 50, 128, '2022-05-05 09:05:57', '2022-05-16 03:05:17', 9670),
(132, 89, 233, '2022-03-28 02:03:11', '2022-04-04 07:04:23', 3603),
(133, 2, 230, '2022-12-05 11:12:01', '2022-12-10 08:12:56', 2620),
(134, 11, 45, '2022-08-03 12:08:21', '2022-08-15 08:08:27', 6167),
(135, 182, 178, '2022-04-29 06:04:36', '2022-05-12 01:05:17', 6388),
(136, 144, 121, '2022-03-13 11:03:56', '2022-03-24 11:03:04', 6599),
(137, 179, 103, '2022-02-11 08:02:39', '2022-02-17 07:02:58', 2584),
(138, 193, 83, '2022-04-02 10:04:56', '2022-04-05 01:04:10', 417),
(139, 98, 143, '2022-06-29 08:06:43', '2022-07-04 04:07:14', 2608),
(140, 8, 148, '2022-01-19 07:01:55', '2022-01-31 03:01:40', 6178),
(141, 93, 29, '2022-04-12 07:04:32', '2022-04-23 08:04:05', 3307),
(142, 132, 207, '2022-03-21 02:03:45', '2022-04-01 03:04:37', 5498),
(143, 97, 172, '2022-03-06 05:03:44', '2022-03-11 07:03:05', 2542),
(144, 103, 220, '2022-10-28 08:10:20', '2022-11-09 09:11:59', 10851),
(145, 148, 96, '2022-05-08 09:05:03', '2022-05-16 07:05:49', 1578),
(146, 194, 181, '2022-08-16 08:08:17', '2022-08-19 09:08:58', 608),
(147, 134, 164, '2022-08-20 07:08:14', '2022-09-01 04:09:56', 7982),
(148, 162, 3, '2022-10-30 10:10:19', '2022-11-09 09:11:46', 6958),
(149, 115, 93, '2022-06-30 03:06:40', '2022-07-12 01:07:40', 11921),
(150, 152, 191, '2022-04-21 02:04:25', '2022-04-30 09:04:34', 6514),
(151, 184, 141, '2021-07-02 06:07:23', '2021-07-05 10:07:47', 2537),
(152, 153, 8, '2021-09-04 09:09:18', '2021-09-12 04:09:46', 5799),
(153, 96, 114, '2021-12-20 06:12:22', '2021-12-27 11:12:57', 4321),
(154, 83, 216, '2021-03-05 05:03:38', '2021-03-15 10:03:38', 5111),
(155, 58, 182, '2021-04-20 11:04:15', '2021-04-30 08:04:10', 2955),
(156, 191, 199, '2021-05-16 01:05:30', '2021-05-30 01:05:30', 9784),
(157, 117, 25, '2021-05-09 10:05:27', '2021-05-12 07:05:18', 578),
(158, 128, 163, '2021-12-08 04:12:24', '2021-12-11 06:12:40', 716),
(159, 163, 161, '2021-03-24 01:03:37', '2021-03-29 12:03:54', 1467),
(160, 124, 20, '2021-07-23 06:07:04', '2021-07-30 07:07:25', 7069),
(161, 95, 169, '2021-02-23 01:02:40', '2021-03-01 05:03:48', 1330),
(162, 13, 62, '2021-03-06 04:03:44', '2021-03-10 11:03:22', 4789),
(163, 121, 7, '2021-08-11 06:08:27', '2021-08-19 09:08:36', 7296),
(164, 110, 76, '2021-06-14 02:06:52', '2021-06-21 10:06:35', 5472),
(165, 190, 47, '2021-06-08 04:06:16', '2021-06-15 04:06:06', 4494),
(166, 170, 175, '2021-03-04 08:03:36', '2021-03-10 12:03:43', 4297),
(167, 149, 227, '2021-09-05 05:09:09', '2021-09-09 06:09:58', 2434),
(168, 132, 97, '2021-04-17 09:04:51', '2021-05-01 05:05:20', 6922),
(169, 182, 133, '2021-06-01 09:06:02', '2021-06-05 10:06:46', 2285),
(170, 187, 212, '2021-05-15 02:05:52', '2021-05-24 05:05:56', 6382),
(171, 167, 69, '2021-04-10 07:04:51', '2021-04-13 10:04:41', 621),
(172, 42, 154, '2021-10-12 07:10:08', '2021-10-23 03:10:40', 9742),
(173, 150, 151, '2021-04-12 03:04:13', '2021-04-21 08:04:16', 8716),
(174, 18, 213, '2021-10-24 09:10:50', '2021-10-30 04:10:32', 4762),
(175, 24, 83, '2021-06-21 12:06:10', '2021-06-23 11:06:36', 991),
(176, 84, 112, '2021-07-24 04:07:01', '2021-08-04 04:08:30', 6596),
(177, 36, 75, '2021-10-05 08:10:16', '2021-10-08 10:10:38', 2527),
(178, 108, 40, '2021-05-27 11:05:59', '2021-06-03 06:06:46', 4752),
(179, 196, 205, '2021-07-26 11:07:33', '2021-08-06 11:08:21', 10336),
(180, 5, 225, '2021-04-07 09:04:15', '2021-04-13 12:04:41', 1022),
(181, 197, 226, '2021-05-06 06:05:37', '2021-05-15 01:05:25', 9292),
(182, 41, 122, '2021-10-23 11:10:34', '2021-11-03 09:11:23', 6278),
(183, 59, 11, '2021-06-18 03:06:43', '2021-06-26 05:06:49', 6826),
(184, 140, 18, '2021-10-18 03:10:44', '2021-10-29 07:10:06', 5318),
(185, 30, 17, '2021-04-17 01:04:21', '2021-04-30 05:04:31', 3799),
(186, 22, 46, '2021-10-24 04:10:10', '2021-11-04 01:11:31', 6565),
(187, 131, 152, '2021-11-15 01:11:36', '2021-11-19 12:11:35', 1191),
(188, 2, 84, '2021-11-29 08:11:08', '2021-12-10 05:12:25', 6829),
(189, 199, 193, '2021-08-10 06:08:41', '2021-08-12 05:08:33', 984),
(190, 156, 157, '2021-02-13 06:02:05', '2021-02-24 05:02:44', 6259),
(191, 169, 28, '2021-07-08 04:07:34', '2021-07-18 02:07:19', 5950),
(192, 177, 156, '2021-08-16 03:08:44', '2021-08-23 08:08:46', 3606),
(193, 87, 147, '2021-09-16 07:09:40', '2021-09-20 04:09:28', 873),
(194, 178, 16, '2021-01-05 10:01:46', '2021-01-19 03:01:37', 10970),
(195, 188, 111, '2021-03-29 12:03:50', '2021-04-01 10:04:31', 2906),
(196, 16, 64, '2021-02-01 05:02:28', '2021-02-13 08:02:16', 10918),
(197, 158, 49, '2021-05-10 10:05:58', '2021-05-22 08:05:03', 8337),
(198, 120, 72, '2021-05-26 12:05:40', '2021-05-29 11:05:37', 2764),
(199, 106, 217, '2021-05-19 01:05:22', '2021-05-30 04:05:10', 5551),
(200, 48, 6, '2021-09-03 01:09:05', '2021-09-11 06:09:21', 8187),
(201, 103, 98, '2021-01-14 03:01:24', '2021-01-17 04:01:34', 2748),
(202, 7, 164, '2021-05-22 02:05:34', '2021-05-26 11:05:03', 2621),
(203, 52, 137, '2021-03-06 06:03:02', '2021-03-09 10:03:46', 1257),
(204, 6, 27, '2021-07-28 04:07:55', '2021-08-10 04:08:28', 6256),
(205, 185, 245, '2021-11-11 06:11:04', '2021-11-16 10:11:20', 5077),
(206, 71, 87, '2021-05-22 03:05:32', '2021-06-02 10:06:14', 10794),
(207, 45, 77, '2021-01-08 09:01:18', '2021-01-18 07:01:54', 3779),
(208, 126, 224, '2021-09-26 07:09:30', '2021-10-08 06:10:09', 4981),
(209, 40, 73, '2021-08-18 03:08:30', '2021-08-24 04:08:17', 3268),
(210, 100, 124, '2021-09-04 01:09:17', '2021-09-10 11:09:27', 5115),
(211, 86, 29, '2021-09-23 06:09:48', '2021-09-26 06:09:14', 1804),
(212, 102, 168, '2021-03-17 01:03:17', '2021-03-30 12:03:49', 11637),
(213, 116, 231, '2021-01-18 02:01:37', '2021-01-29 07:01:42', 6745),
(214, 68, 183, '2021-01-28 08:01:05', '2021-02-05 02:02:36', 3641),
(215, 109, 102, '2021-03-25 02:03:53', '2021-04-02 02:04:55', 3176),
(216, 85, 188, '2021-03-15 03:03:31', '2021-03-22 01:03:33', 6932),
(217, 160, 66, '2021-02-24 03:02:02', '2021-02-27 06:02:25', 2212),
(218, 143, 148, '2021-01-07 08:01:18', '2021-01-10 09:01:16', 2024),
(219, 122, 67, '2021-10-31 11:10:04', '2021-11-04 02:11:57', 1446),
(220, 37, 45, '2021-08-21 09:08:15', '2021-09-01 05:09:08', 3240),
(221, 70, 159, '2021-08-09 01:08:33', '2021-08-11 11:08:55', 2607),
(222, 89, 101, '2021-11-09 02:11:47', '2021-11-20 11:11:35', 5692),
(223, 137, 197, '2021-11-27 01:11:27', '2021-12-07 03:12:30', 2117),
(224, 168, 65, '2021-11-11 06:11:02', '2021-11-21 03:11:58', 2813),
(225, 17, 43, '2021-12-28 09:12:05', '2022-01-01 11:01:59', 816),
(226, 98, 179, '2021-09-12 11:09:10', '2021-09-14 11:09:12', 1214),
(227, 8, 138, '2021-05-27 03:05:57', '2021-05-29 11:05:20', 1426),
(228, 75, 96, '2021-07-31 07:07:29', '2021-08-03 07:08:52', 1764),
(229, 148, 187, '2021-07-30 05:07:30', '2021-08-09 11:08:58', 2148),
(230, 159, 61, '2021-09-26 09:09:03', '2021-09-29 06:09:49', 1999),
(231, 29, 191, '2021-06-29 11:06:16', '2021-07-08 01:07:45', 5439),
(232, 88, 13, '2021-09-07 09:09:16', '2021-09-14 07:09:48', 4830),
(233, 57, 131, '2021-05-20 03:05:00', '2021-05-24 01:05:37', 1179),
(234, 62, 248, '2021-02-06 02:02:37', '2021-02-09 11:02:46', 2715),
(235, 151, 173, '2021-08-09 02:08:46', '2021-08-19 02:08:44', 8547),
(236, 136, 203, '2021-05-26 07:05:51', '2021-05-31 12:05:37', 941),
(237, 181, 4, '2021-03-28 01:03:19', '2021-04-02 12:04:26', 893),
(238, 91, 249, '2021-11-30 05:11:09', '2021-12-11 12:12:54', 3240),
(239, 76, 34, '2021-01-18 02:01:13', '2021-01-24 11:01:31', 5880),
(240, 60, 171, '2021-11-28 01:11:20', '2021-12-04 02:12:05', 1964),
(241, 12, 37, '2021-12-17 08:12:15', '2021-12-27 10:12:54', 10602),
(242, 31, 130, '2021-12-24 10:12:16', '2022-01-02 06:01:53', 1871),
(243, 129, 33, '2021-03-26 04:03:29', '2021-04-01 09:04:31', 4009),
(244, 183, 136, '2021-04-06 08:04:33', '2021-04-15 06:04:57', 4457),
(245, 195, 215, '2021-06-14 04:06:57', '2021-06-23 10:06:43', 2634),
(246, 194, 210, '2021-06-08 07:06:05', '2021-06-14 11:06:22', 1133),
(247, 157, 110, '2021-07-20 07:07:53', '2021-07-27 01:07:37', 2898),
(248, 21, 109, '2021-03-16 04:03:19', '2021-03-24 02:03:30', 6345),
(249, 1, 60, '2021-03-17 03:03:10', '2021-03-26 06:03:32', 9609),
(250, 99, 59, '2021-07-23 08:07:57', '2021-07-26 03:07:34', 1650),
(251, 82, 235, '2021-02-02 09:02:53', '2021-02-14 10:02:54', 12068),
(252, 114, 162, '2021-02-25 12:02:22', '2021-03-07 02:03:42', 10100),
(253, 81, 150, '2021-12-22 12:12:42', '2021-12-29 05:12:21', 2681),
(254, 73, 155, '2021-01-21 07:01:36', '2021-01-26 06:01:21', 4468),
(255, 101, 146, '2021-07-11 11:07:30', '2021-07-22 03:07:55', 2228),
(256, 174, 116, '2021-01-10 01:01:06', '2021-01-21 09:01:47', 10656),
(257, 133, 204, '2021-10-12 11:10:41', '2021-10-24 10:10:40', 5736),
(258, 77, 221, '2021-11-28 05:11:26', '2021-12-02 06:12:15', 1216),
(259, 3, 58, '2021-12-13 06:12:55', '2021-12-18 02:12:28', 2421),
(260, 49, 185, '2021-09-10 03:09:35', '2021-09-21 12:09:21', 2074),
(261, 38, 208, '2021-06-28 08:06:05', '2021-07-05 10:07:25', 6071),
(262, 15, 107, '2021-11-02 12:11:36', '2021-11-07 01:11:55', 4083),
(263, 69, 23, '2021-05-17 11:05:48', '2021-05-20 08:05:27', 2378),
(264, 172, 88, '2021-08-26 06:08:21', '2021-09-08 09:09:10', 10096),
(265, 200, 228, '2021-11-22 07:11:17', '2021-12-01 07:12:30', 4247),
(266, 166, 139, '2021-12-12 09:12:22', '2021-12-17 11:12:56', 3204),
(267, 64, 180, '2021-01-23 08:01:59', '2021-02-05 05:02:22', 10309),
(268, 113, 103, '2021-10-27 01:10:13', '2021-11-07 10:11:18', 7970),
(269, 79, 74, '2021-04-18 01:04:21', '2021-04-29 11:04:42', 8737),
(270, 130, 2, '2021-04-25 10:04:05', '2021-04-30 05:04:21', 1056),
(271, 33, 39, '2021-09-04 03:09:00', '2021-09-10 01:09:15', 4143),
(272, 54, 129, '2021-02-27 08:02:17', '2021-03-09 07:03:32', 7305),
(273, 134, 94, '2021-10-19 06:10:20', '2021-11-02 04:11:55', 9782),
(274, 9, 86, '2021-01-28 04:01:42', '2021-02-03 12:02:51', 1170),
(275, 74, 176, '2021-11-23 09:11:02', '2021-11-29 11:11:57', 5284),
(276, 179, 250, '2021-12-27 05:12:59', '2022-01-07 01:01:58', 4327),
(277, 155, 223, '2021-09-27 11:09:13', '2021-10-06 09:10:33', 3767),
(278, 161, 41, '2021-01-28 11:01:52', '2021-02-07 06:02:51', 4889),
(279, 93, 30, '2021-12-17 06:12:08', '2021-12-24 02:12:21', 1894),
(280, 63, 132, '2021-02-16 05:02:35', '2021-02-22 04:02:58', 5166),
(281, 55, 190, '2021-12-24 07:12:18', '2021-12-29 05:12:44', 2966),
(282, 39, 15, '2021-03-01 10:03:22', '2021-03-04 04:03:46', 2752),
(283, 189, 167, '2021-03-24 09:03:14', '2021-03-31 05:03:11', 2036),
(284, 19, 24, '2021-05-13 01:05:45', '2021-05-17 04:05:46', 1823),
(285, 46, 119, '2021-08-23 12:08:04', '2021-09-02 04:09:52', 8122),
(286, 26, 165, '2021-12-17 06:12:31', '2021-12-30 02:12:47', 12836),
(287, 35, 158, '2021-04-13 04:04:59', '2021-04-25 05:04:52', 4618),
(288, 92, 71, '2021-09-06 05:09:22', '2021-09-16 08:09:43', 2017),
(289, 65, 194, '2021-03-05 04:03:51', '2021-03-19 02:03:38', 8344),
(290, 112, 195, '2021-09-21 06:09:35', '2021-10-03 03:10:31', 2369),
(291, 10, 125, '2021-06-27 04:06:56', '2021-07-08 06:07:08', 3322),
(292, 152, 19, '2021-04-04 03:04:58', '2021-04-17 04:04:36', 9484),
(293, 27, 91, '2021-09-28 07:09:33', '2021-10-10 04:10:16', 6806),
(294, 105, 54, '2021-03-02 12:03:49', '2021-03-04 10:03:24', 2399),
(295, 119, 31, '2021-10-21 03:10:58', '2021-10-28 02:10:42', 6944),
(296, 175, 118, '2021-12-23 09:12:04', '2022-01-04 01:01:49', 5588),
(297, 50, 230, '2021-11-22 04:11:57', '2021-11-25 01:11:44', 3020),
(298, 107, 42, '2021-02-24 01:02:21', '2021-03-07 11:03:57', 5957),
(299, 28, 218, '2021-04-28 02:04:49', '2021-05-10 09:05:20', 7381),
(300, 176, 53, '2021-04-25 01:04:02', '2021-04-29 09:04:31', 867),
(301, 191, 239, '2024-01-09 07:01:31', NULL, NULL),
(302, 156, 78, '2024-01-14 03:01:10', NULL, NULL),
(303, 187, 178, '2024-01-10 07:01:21', NULL, NULL),
(304, 51, 99, '2024-01-13 09:01:26', NULL, NULL),
(305, 141, 105, '2024-01-09 09:01:42', NULL, NULL),
(306, 176, 36, '2024-01-08 07:01:36', NULL, NULL),
(307, 63, 211, '2024-01-09 05:01:55', NULL, NULL),
(308, 160, 63, '2024-01-08 06:01:53', NULL, NULL),
(309, 142, 242, '2024-01-12 04:01:53', NULL, NULL),
(310, 35, 189, '2024-01-10 08:01:22', NULL, NULL),
(311, 99, 198, '2024-01-13 07:01:39', NULL, NULL),
(312, 196, 123, '2024-01-11 02:01:28', NULL, NULL),
(313, 72, 166, '2024-01-11 05:01:36', NULL, NULL),
(314, 68, 196, '2024-01-11 12:01:58', NULL, NULL),
(315, 131, 32, '2024-01-10 09:01:18', NULL, NULL),
(316, 122, 85, '2024-01-12 03:01:49', NULL, NULL),
(317, 23, 177, '2024-01-14 06:01:01', NULL, NULL),
(318, 192, 5, '2024-01-13 10:01:14', NULL, NULL),
(319, 8, 121, '2024-01-12 05:01:51', NULL, NULL),
(320, 75, 22, '2024-01-10 10:01:04', NULL, NULL),
(321, 95, 237, '2024-01-13 03:01:02', NULL, NULL),
(322, 40, 128, '2024-01-11 07:01:22', NULL, NULL),
(323, 69, 56, '2024-01-11 08:01:39', NULL, NULL),
(324, 121, 186, '2024-01-09 05:01:50', NULL, NULL),
(325, 132, 106, '2024-01-14 08:01:21', NULL, NULL),
(326, 106, 149, '2024-01-13 02:01:24', NULL, NULL),
(327, 18, 229, '2024-01-12 11:01:22', NULL, NULL),
(328, 94, 68, '2024-01-11 10:01:40', NULL, NULL),
(329, 86, 233, '2024-01-08 09:01:05', NULL, NULL),
(330, 164, 200, '2024-01-13 04:01:56', NULL, NULL),
(331, 27, 222, '2024-01-13 06:01:56', NULL, NULL),
(332, 7, 104, '2024-01-13 07:01:04', NULL, NULL),
(333, 90, 244, '2024-01-13 02:01:28', NULL, NULL),
(334, 49, 55, '2024-01-11 07:01:32', NULL, NULL),
(335, 11, 135, '2024-01-10 10:01:58', NULL, NULL),
(336, 3, 3, '2024-01-14 10:01:30', NULL, NULL);

--
-- Indexes for dumped tables
--

--
-- Indexes for table `flota`
--
ALTER TABLE `flota`
  ADD PRIMARY KEY (`id`);
ALTER TABLE `flota` ADD FULLTEXT KEY `marka` (`marka`,`model`,`kolor`);

--
-- Indexes for table `klienci`
--
ALTER TABLE `klienci`
  ADD PRIMARY KEY (`id`);

--
-- Indexes for table `uzytkownicy`
--
ALTER TABLE `uzytkownicy`
  ADD PRIMARY KEY (`id`);

--
-- Indexes for table `wypozyczenia`
--
ALTER TABLE `wypozyczenia`
  ADD PRIMARY KEY (`id`),
  ADD KEY `id_auta` (`id_auta`),
  ADD KEY `id_klienta` (`id_klienta`);

--
-- AUTO_INCREMENT for dumped tables
--

--
-- AUTO_INCREMENT for table `flota`
--
ALTER TABLE `flota`
  MODIFY `id` int(11) NOT NULL AUTO_INCREMENT, AUTO_INCREMENT=201;

--
-- AUTO_INCREMENT for table `klienci`
--
ALTER TABLE `klienci`
  MODIFY `id` int(11) NOT NULL AUTO_INCREMENT, AUTO_INCREMENT=251;

--
-- AUTO_INCREMENT for table `uzytkownicy`
--
ALTER TABLE `uzytkownicy`
  MODIFY `id` int(11) NOT NULL AUTO_INCREMENT, AUTO_INCREMENT=5;

--
-- AUTO_INCREMENT for table `wypozyczenia`
--
ALTER TABLE `wypozyczenia`
  MODIFY `id` int(11) NOT NULL AUTO_INCREMENT, AUTO_INCREMENT=337;

--
-- Constraints for dumped tables
--

--
-- Constraints for table `wypozyczenia`
--
ALTER TABLE `wypozyczenia`
  ADD CONSTRAINT `id_auta` FOREIGN KEY (`id_auta`) REFERENCES `flota` (`id`),
  ADD CONSTRAINT `id_klienta` FOREIGN KEY (`id_klienta`) REFERENCES `klienci` (`id`);
COMMIT;

/*!40101 SET CHARACTER_SET_CLIENT=@OLD_CHARACTER_SET_CLIENT */;
/*!40101 SET CHARACTER_SET_RESULTS=@OLD_CHARACTER_SET_RESULTS */;
/*!40101 SET COLLATION_CONNECTION=@OLD_COLLATION_CONNECTION */;
