-- phpMyAdmin SQL Dump
-- version 5.2.1
-- https://www.phpmyadmin.net/
--
-- Host: localhost
-- Generation Time: Dec 09, 2024 at 08:39 AM
-- Server version: 10.4.32-MariaDB
-- PHP Version: 8.2.12

SET SQL_MODE = "NO_AUTO_VALUE_ON_ZERO";
START TRANSACTION;
SET time_zone = "+00:00";


/*!40101 SET @OLD_CHARACTER_SET_CLIENT=@@CHARACTER_SET_CLIENT */;
/*!40101 SET @OLD_CHARACTER_SET_RESULTS=@@CHARACTER_SET_RESULTS */;
/*!40101 SET @OLD_COLLATION_CONNECTION=@@COLLATION_CONNECTION */;
/*!40101 SET NAMES utf8mb4 */;

--
-- Database: `wypozyczalnia`
--

-- --------------------------------------------------------

--
-- Table structure for table `flota`
--

CREATE TABLE `flota` (
  `id` int(11) NOT NULL,
  `marka` varchar(30) NOT NULL,
  `model` varchar(30) NOT NULL,
  `rocznik` year(4) NOT NULL,
  `kolor` varchar(20) NOT NULL,
  `przebieg` int(11) NOT NULL,
  `moc_km` int(11) NOT NULL,
  `dostepny` tinyint(1) NOT NULL DEFAULT 1,
  `nr_rej` varchar(15) NOT NULL,
  `cena` int(11) NOT NULL,
  `edytowany` timestamp NOT NULL DEFAULT current_timestamp() ON UPDATE current_timestamp(),
  `utworzony` timestamp NOT NULL DEFAULT current_timestamp()
) ENGINE=InnoDB DEFAULT CHARSET=utf8 COLLATE=utf8_bin;

--
-- Dumping data for table `flota`
--

INSERT INTO `flota` (`id`, `marka`, `model`, `rocznik`, `kolor`, `przebieg`, `moc_km`, `dostepny`, `nr_rej`, `cena`, `edytowany`, `utworzony`) VALUES
(1, 'Kia', 'XCeed', '2013', 'srebrny', 144076, 168, 1, 'WRST2Z9', 500, '2024-12-09 07:35:30', '2024-12-09 07:34:24'),
(2, 'Toyota', 'Aygo X', '2013', 'srebrny', 277775, 119, 1, 'WRRZXFL', 500, '2024-12-09 07:35:13', '2024-12-09 07:34:24'),
(3, 'Volvo', 'XC60', '2019', 'niebieski', 43803, 104, 1, 'WRW7K3I', 600, '2024-12-09 07:35:13', '2024-12-09 07:34:24'),
(4, 'Volkswagen', 'T-Roc', '2012', 'biały', 203893, 120, 0, 'WRP36XL', 900, '2024-12-09 07:35:13', '2024-12-09 07:34:24'),
(5, 'Kia', 'Ceed', '2019', 'srebrny', 70535, 142, 1, 'WRDE1E5', 600, '2024-12-09 07:35:13', '2024-12-09 07:34:24'),
(6, 'Skoda', 'Octavia', '2020', 'biały', 195463, 153, 0, 'WR05QBB', 500, '2024-12-09 07:35:13', '2024-12-09 07:34:24'),
(7, 'Audi', 'Q3', '2015', 'błękitny', 12293, 176, 0, 'WR3R5K4', 400, '2024-12-09 07:35:13', '2024-12-09 07:34:24'),
(8, 'Hyundai', 'i20', '2013', 'czerwony', 128745, 141, 1, 'WRI1LYR', 800, '2024-12-09 07:35:13', '2024-12-09 07:34:24'),
(9, 'Kia', 'XCeed', '2019', 'czarny', 213050, 137, 1, 'WR36LVV', 500, '2024-12-09 07:35:13', '2024-12-09 07:34:24'),
(10, 'Volkswagen', 'Arteon', '2016', 'czarny', 107031, 108, 0, 'WRK8DNM', 200, '2024-12-09 07:35:13', '2024-12-09 07:34:24'),
(11, 'Opel', 'Corsa', '2012', 'błękitny', 264185, 143, 1, 'WRP0SM1', 600, '2024-12-09 07:35:13', '2024-12-09 07:34:24'),
(12, 'BMW', 'X5', '2021', 'niebieski', 112639, 176, 1, 'WRBCCSJ', 800, '2024-12-09 07:35:13', '2024-12-09 07:34:24'),
(13, 'Kia', 'Sportage', '2013', 'czarny', 184520, 130, 1, 'WR9E252', 300, '2024-12-09 07:35:13', '2024-12-09 07:34:24'),
(14, 'Skoda', 'Kamiq', '2019', 'czarny', 117356, 93, 1, 'WRNHHWR', 400, '2024-12-09 07:35:13', '2024-12-09 07:34:24'),
(15, 'BMW', 'X5', '2020', 'biały', 209507, 167, 1, 'WRXN5ZA', 900, '2024-12-09 07:35:13', '2024-12-09 07:34:24'),
(16, 'Volkswagen', 'Golf', '2021', 'czarny', 196953, 98, 1, 'WRQ0PP3', 700, '2024-12-09 07:35:13', '2024-12-09 07:34:24'),
(17, 'Skoda', 'Fabia', '2016', 'błękitny', 180229, 113, 1, 'WR2DL2Q', 900, '2024-12-09 07:35:13', '2024-12-09 07:34:24'),
(18, 'Kia', 'XCeed', '2014', 'biały', 60653, 94, 1, 'WRBOWBC', 400, '2024-12-09 07:35:13', '2024-12-09 07:34:24'),
(19, 'BMW', 'X3', '2017', 'błękitny', 203076, 143, 1, 'WR987RW', 1000, '2024-12-09 07:35:13', '2024-12-09 07:34:24'),
(20, 'Hyundai', 'i20', '2014', 'czarny', 180989, 187, 1, 'WRFQHW6', 600, '2024-12-09 07:35:13', '2024-12-09 07:34:24'),
(21, 'Suzuki', 'Vitara', '2017', 'niebieski', 138402, 90, 1, 'WRW8TDI', 300, '2024-12-09 07:35:13', '2024-12-09 07:34:24'),
(22, 'Toyota', 'Yaris', '2013', 'srebrny', 184606, 127, 1, 'WRQEZPH', 300, '2024-12-09 07:35:13', '2024-12-09 07:34:24'),
(23, 'Cupra', 'Formentor', '2014', 'czerwony', 125431, 192, 1, 'WRIKILV', 1000, '2024-12-09 07:35:13', '2024-12-09 07:34:24'),
(24, 'Dacia', 'Sandero', '2012', 'srebrny', 236453, 150, 1, 'WRMMMVK', 600, '2024-12-09 07:35:13', '2024-12-09 07:34:24'),
(25, 'Dacia', 'Duster', '2019', 'czerwony', 231380, 165, 0, 'WR1WRS9', 500, '2024-12-09 07:35:13', '2024-12-09 07:34:24'),
(26, 'Dacia', 'Sandero', '2012', 'błękitny', 201741, 183, 1, 'WRVWJEF', 500, '2024-12-09 07:35:13', '2024-12-09 07:34:24'),
(27, 'Nissan', 'Qashqai', '2012', 'czerwony', 234898, 179, 1, 'WRA59O1', 800, '2024-12-09 07:35:13', '2024-12-09 07:34:24'),
(28, 'Skoda', 'Kodiaq', '2018', 'błękitny', 278558, 95, 1, 'WR1ELXL', 700, '2024-12-09 07:35:13', '2024-12-09 07:34:24'),
(29, 'Skoda', 'Karoq', '2015', 'niebieski', 295149, 192, 1, 'WRUUJBF', 600, '2024-12-09 07:35:13', '2024-12-09 07:34:24'),
(30, 'Toyota', 'C-HR', '2018', 'błękitny', 62958, 122, 1, 'WRSNXHV', 400, '2024-12-09 07:35:13', '2024-12-09 07:34:24'),
(31, 'Volvo', 'XC60', '2017', 'czerwony', 14348, 160, 1, 'WRXLW5O', 300, '2024-12-09 07:35:13', '2024-12-09 07:34:24'),
(32, 'BMW', 'X3', '2015', 'srebrny', 96439, 106, 1, 'WRMUJCI', 800, '2024-12-09 07:35:13', '2024-12-09 07:34:24'),
(33, 'Skoda', 'Octavia', '2015', 'błękitny', 188637, 188, 1, 'WRUIAIJ', 200, '2024-12-09 07:35:13', '2024-12-09 07:34:24'),
(34, 'Toyota', 'C-HR', '2015', 'niebieski', 156370, 125, 1, 'WR1UKG7', 1000, '2024-12-09 07:35:13', '2024-12-09 07:34:24'),
(35, 'Volkswagen', 'Tiguan', '2017', 'niebieski', 158709, 133, 1, 'WRGVKL5', 600, '2024-12-09 07:35:13', '2024-12-09 07:34:24'),
(36, 'Renault', 'Captur', '2012', 'czerwony', 171422, 120, 1, 'WR9B64C', 400, '2024-12-09 07:35:13', '2024-12-09 07:34:24'),
(37, 'Mercedes', 'GLE', '2015', 'czerwony', 291442, 191, 1, 'WRG0EG3', 200, '2024-12-09 07:35:13', '2024-12-09 07:34:24'),
(38, 'Toyota', 'Aygo X', '2013', 'srebrny', 163261, 108, 1, 'WRP9XBJ', 900, '2024-12-09 07:35:13', '2024-12-09 07:34:24'),
(39, 'Ford', 'Puma', '2018', 'niebieski', 110660, 129, 1, 'WR3VRAR', 700, '2024-12-09 07:35:13', '2024-12-09 07:34:24'),
(40, 'Hyundai', 'i20', '2012', 'srebrny', 12038, 104, 1, 'WRBJ9UH', 700, '2024-12-09 07:35:13', '2024-12-09 07:34:24'),
(41, 'Mercedes', 'GLE', '2018', 'biały', 209643, 94, 1, 'WR21QPB', 1000, '2024-12-09 07:35:13', '2024-12-09 07:34:24'),
(42, 'Mercedes', 'GLC', '2018', 'biały', 51507, 133, 1, 'WRYHUUN', 900, '2024-12-09 07:35:13', '2024-12-09 07:34:24'),
(43, 'Volvo', 'XC60', '2018', 'srebrny', 148888, 126, 1, 'WRB9HD1', 400, '2024-12-09 07:35:13', '2024-12-09 07:34:24'),
(44, 'Kia', 'Stonic', '2021', 'błękitny', 19832, 154, 1, 'WRCFBOU', 600, '2024-12-09 07:35:13', '2024-12-09 07:34:24'),
(45, 'BMW', 'X5', '2015', 'niebieski', 270138, 189, 0, 'WR8DECF', 200, '2024-12-09 07:35:13', '2024-12-09 07:34:24'),
(46, 'Mercedes', 'GLC', '2020', 'błękitny', 182413, 154, 1, 'WRB9LRD', 800, '2024-12-09 07:35:13', '2024-12-09 07:34:24'),
(47, 'Dacia', 'Sandero', '2018', 'czarny', 202917, 188, 1, 'WR1V5KQ', 400, '2024-12-09 07:35:13', '2024-12-09 07:34:24'),
(48, 'BMW', 'X5', '2012', 'niebieski', 137991, 96, 1, 'WRQ3ZRU', 300, '2024-12-09 07:35:13', '2024-12-09 07:34:24'),
(49, 'Toyota', 'Corolla', '2019', 'niebieski', 238036, 123, 1, 'WR7W10F', 600, '2024-12-09 07:35:13', '2024-12-09 07:34:24'),
(50, 'BMW', 'X5', '2012', 'czarny', 144467, 113, 1, 'WRAIDI6', 900, '2024-12-09 07:35:13', '2024-12-09 07:34:24'),
(51, 'Volvo', 'XC60', '2017', 'srebrny', 257085, 192, 1, 'WROEE8S', 800, '2024-12-09 07:35:13', '2024-12-09 07:34:24'),
(52, 'Volvo', 'XC40', '2018', 'czarny', 86126, 180, 0, 'WR51Q3T', 900, '2024-12-09 07:35:13', '2024-12-09 07:34:24'),
(53, 'Opel', 'Corsa', '2012', 'biały', 240873, 129, 0, 'WR0TPRR', 700, '2024-12-09 07:35:13', '2024-12-09 07:34:24'),
(54, 'Skoda', 'Karoq', '2014', 'czerwony', 112430, 97, 1, 'WRQ5WR9', 700, '2024-12-09 07:35:13', '2024-12-09 07:34:24'),
(55, 'Skoda', 'Superb', '2013', 'srebrny', 223425, 144, 1, 'WRDSVP7', 300, '2024-12-09 07:35:13', '2024-12-09 07:34:24'),
(56, 'Volvo', 'XC40', '2013', 'niebieski', 166590, 142, 0, 'WRVCMFX', 900, '2024-12-09 07:35:13', '2024-12-09 07:34:24'),
(57, 'Skoda', 'Scala', '2021', 'srebrny', 142454, 130, 1, 'WRT8RT3', 800, '2024-12-09 07:35:13', '2024-12-09 07:34:24'),
(58, 'Hyundai', 'i30', '2012', 'czarny', 120305, 129, 1, 'WRXS6MB', 800, '2024-12-09 07:35:13', '2024-12-09 07:34:24'),
(59, 'Renault', 'Arkana', '2021', 'czerwony', 183125, 143, 1, 'WRAK358', 800, '2024-12-09 07:35:13', '2024-12-09 07:34:24'),
(60, 'Mercedes', 'GLC', '2016', 'czarny', 157073, 107, 1, 'WRT1IV7', 500, '2024-12-09 07:35:13', '2024-12-09 07:34:24'),
(61, 'Volkswagen', 'Passat', '2015', 'niebieski', 151867, 121, 1, 'WRLUP91', 700, '2024-12-09 07:35:13', '2024-12-09 07:34:24'),
(62, 'Kia', 'XCeed', '2018', 'błękitny', 291367, 104, 1, 'WRBHKPW', 700, '2024-12-09 07:35:13', '2024-12-09 07:34:24'),
(63, 'Kia', 'Sportage', '2013', 'czerwony', 68158, 94, 1, 'WRAXL3G', 400, '2024-12-09 07:35:13', '2024-12-09 07:34:24'),
(64, 'Skoda', 'Octavia', '2014', 'czerwony', 279115, 135, 1, 'WR58QDR', 800, '2024-12-09 07:35:13', '2024-12-09 07:34:24'),
(65, 'Opel', 'Corsa', '2019', 'biały', 74263, 125, 1, 'WRRSHG4', 600, '2024-12-09 07:35:13', '2024-12-09 07:34:24'),
(66, 'BMW', 'Seria 5', '2018', 'błękitny', 48597, 194, 1, 'WRB0E9I', 900, '2024-12-09 07:35:13', '2024-12-09 07:34:24'),
(67, 'Kia', 'Sportage', '2014', 'czarny', 39744, 105, 0, 'WRD8F2J', 500, '2024-12-09 07:35:13', '2024-12-09 07:34:24'),
(68, 'Kia', 'Sportage', '2020', 'błękitny', 118041, 111, 1, 'WRAV6OL', 800, '2024-12-09 07:35:13', '2024-12-09 07:34:24'),
(69, 'Volvo', 'XC60', '2014', 'czerwony', 179917, 170, 1, 'WRZ91HL', 500, '2024-12-09 07:35:13', '2024-12-09 07:34:24'),
(70, 'Volkswagen', 'T-Roc', '2012', 'błękitny', 152400, 135, 1, 'WRI6L6W', 300, '2024-12-09 07:35:13', '2024-12-09 07:34:24'),
(71, 'Kia', 'Ceed', '2015', 'srebrny', 72261, 170, 1, 'WRUGYZ6', 700, '2024-12-09 07:35:13', '2024-12-09 07:34:24'),
(72, 'Fiat', '500', '2017', 'czerwony', 151178, 149, 1, 'WR9C2K1', 900, '2024-12-09 07:35:13', '2024-12-09 07:34:24'),
(73, 'Suzuki', 'Vitara', '2013', 'niebieski', 78141, 159, 1, 'WRZMA4T', 900, '2024-12-09 07:35:13', '2024-12-09 07:34:24'),
(74, 'Skoda', 'Octavia', '2021', 'błękitny', 31437, 179, 1, 'WRKLAMC', 500, '2024-12-09 07:35:13', '2024-12-09 07:34:24'),
(75, 'Kia', 'XCeed', '2016', 'niebieski', 21532, 168, 1, 'WRW1Z17', 200, '2024-12-09 07:35:13', '2024-12-09 07:34:24'),
(76, 'Renault', 'Clio', '2015', 'niebieski', 4960, 191, 1, 'WR8QDPU', 800, '2024-12-09 07:35:13', '2024-12-09 07:34:24'),
(77, 'Renault', 'Arkana', '2020', 'srebrny', 207037, 130, 1, 'WRYFJ46', 1000, '2024-12-09 07:35:13', '2024-12-09 07:34:24'),
(78, 'Skoda', 'Superb', '2015', 'niebieski', 12110, 162, 1, 'WR7J8NN', 900, '2024-12-09 07:35:13', '2024-12-09 07:34:24'),
(79, 'Hyundai', 'Tucson', '2012', 'błękitny', 7260, 129, 1, 'WRWOJ8W', 500, '2024-12-09 07:35:13', '2024-12-09 07:34:24'),
(80, 'Renault', 'Arkana', '2017', 'biały', 93984, 146, 1, 'WRPS6RL', 700, '2024-12-09 07:35:13', '2024-12-09 07:34:24'),
(81, 'Volkswagen', 'Arteon', '2019', 'biały', 252647, 143, 1, 'WRFGGTQ', 1000, '2024-12-09 07:35:13', '2024-12-09 07:34:24'),
(82, 'Volvo', 'XC40', '2014', 'niebieski', 181007, 175, 1, 'WR9C5FN', 700, '2024-12-09 07:35:13', '2024-12-09 07:34:24'),
(83, 'Dacia', 'Duster', '2019', 'czarny', 290801, 137, 0, 'WRT5NE5', 500, '2024-12-09 07:35:13', '2024-12-09 07:34:24'),
(84, 'Audi', 'Q3', '2020', 'srebrny', 253268, 142, 1, 'WRTNJXH', 400, '2024-12-09 07:35:13', '2024-12-09 07:34:24'),
(85, 'Skoda', 'Kodiaq', '2014', 'czerwony', 210692, 120, 1, 'WR7CBHT', 500, '2024-12-09 07:35:13', '2024-12-09 07:34:24'),
(86, 'BMW', 'Seria 3', '2014', 'niebieski', 189368, 121, 0, 'WRBJFQ7', 900, '2024-12-09 07:35:13', '2024-12-09 07:34:24'),
(87, 'Toyota', 'Aygo X', '2013', 'czerwony', 146049, 190, 0, 'WRL5KTU', 900, '2024-12-09 07:35:13', '2024-12-09 07:34:24'),
(88, 'Audi', 'Q5', '2012', 'niebieski', 166683, 132, 0, 'WRLHPUE', 200, '2024-12-09 07:35:13', '2024-12-09 07:34:24'),
(89, 'Volkswagen', 'Golf', '2020', 'biały', 292978, 191, 0, 'WR8OV8B', 400, '2024-12-09 07:35:13', '2024-12-09 07:34:24'),
(90, 'Hyundai', 'i20', '2019', 'czarny', 279362, 183, 1, 'WRFPWNB', 300, '2024-12-09 07:35:13', '2024-12-09 07:34:24'),
(91, 'Toyota', 'Yaris', '2019', 'biały', 223849, 197, 0, 'WRGO0LA', 900, '2024-12-09 07:35:13', '2024-12-09 07:34:24'),
(92, 'Suzuki', 'Vitara', '2013', 'biały', 297874, 129, 1, 'WRMI2I9', 200, '2024-12-09 07:35:13', '2024-12-09 07:34:24'),
(93, 'Hyundai', 'i30', '2016', 'czerwony', 64161, 136, 1, 'WR9OYSQ', 600, '2024-12-09 07:35:13', '2024-12-09 07:34:24'),
(94, 'Toyota', 'RAV4', '2019', 'biały', 278361, 110, 1, 'WR1J6OI', 600, '2024-12-09 07:35:13', '2024-12-09 07:34:24'),
(95, 'Fiat', '500', '2015', 'srebrny', 224264, 123, 1, 'WRZ2T03', 600, '2024-12-09 07:35:13', '2024-12-09 07:34:24'),
(96, 'Toyota', 'Yaris Cross', '2019', 'czerwony', 8241, 171, 1, 'WR8CYR1', 600, '2024-12-09 07:35:13', '2024-12-09 07:34:24'),
(97, 'Kia', 'XCeed', '2017', 'błękitny', 177226, 173, 1, 'WRU6N8I', 700, '2024-12-09 07:35:13', '2024-12-09 07:34:24'),
(98, 'Toyota', 'Yaris Cross', '2017', 'niebieski', 229199, 124, 1, 'WR6FO4H', 400, '2024-12-09 07:35:13', '2024-12-09 07:34:24'),
(99, 'Skoda', 'Octavia', '2018', 'czerwony', 225387, 116, 1, 'WR48UG5', 800, '2024-12-09 07:35:13', '2024-12-09 07:34:24'),
(100, 'Dacia', 'Sandero', '2021', 'błękitny', 178548, 141, 1, 'WRGEW4J', 400, '2024-12-09 07:35:13', '2024-12-09 07:34:24'),
(101, 'Volkswagen', 'T-Roc', '2021', 'błękitny', 264551, 125, 1, 'WR8DOUL', 400, '2024-12-09 07:35:13', '2024-12-09 07:34:24'),
(102, 'Hyundai', 'Tucson', '2013', 'niebieski', 211567, 149, 1, 'WRNHBYM', 400, '2024-12-09 07:35:13', '2024-12-09 07:34:24'),
(103, 'Suzuki', 'Vitara', '2015', 'błękitny', 49683, 90, 1, 'WRYWPBU', 200, '2024-12-09 07:35:13', '2024-12-09 07:34:24'),
(104, 'Volvo', 'XC60', '2019', 'czerwony', 176549, 118, 1, 'WR3KRZ9', 200, '2024-12-09 07:35:13', '2024-12-09 07:34:24'),
(105, 'Volkswagen', 'Arteon', '2013', 'srebrny', 45729, 93, 1, 'WRUFBDK', 900, '2024-12-09 07:35:13', '2024-12-09 07:34:24'),
(106, 'Renault', 'Captur', '2013', 'niebieski', 99164, 179, 1, 'WR1JOOO', 400, '2024-12-09 07:35:13', '2024-12-09 07:34:24'),
(107, 'Renault', 'Arkana', '2015', 'biały', 19849, 101, 0, 'WRJ5AIW', 300, '2024-12-09 07:35:13', '2024-12-09 07:34:24'),
(108, 'Renault', 'Trafic', '2020', 'czarny', 33195, 136, 1, 'WRR9FUP', 700, '2024-12-09 07:35:13', '2024-12-09 07:34:24'),
(109, 'Toyota', 'Yaris Cross', '2014', 'biały', 184788, 171, 1, 'WRHAP56', 700, '2024-12-09 07:35:13', '2024-12-09 07:34:24'),
(110, 'BMW', 'X3', '2018', 'niebieski', 181765, 191, 1, 'WRJJ0VS', 600, '2024-12-09 07:35:13', '2024-12-09 07:34:24'),
(111, 'Mercedes', 'GLE', '2018', 'niebieski', 143662, 136, 1, 'WR49I7D', 600, '2024-12-09 07:35:13', '2024-12-09 07:34:24'),
(112, 'Renault', 'Captur', '2018', 'czerwony', 183613, 200, 1, 'WR2GV7W', 400, '2024-12-09 07:35:13', '2024-12-09 07:34:24'),
(113, 'Audi', 'Q3', '2017', 'błękitny', 2248, 180, 1, 'WRY16S9', 300, '2024-12-09 07:35:13', '2024-12-09 07:34:24'),
(114, 'Toyota', 'Corolla', '2020', 'biały', 84363, 106, 1, 'WRNNHOT', 1000, '2024-12-09 07:35:13', '2024-12-09 07:34:24'),
(115, 'BMW', 'Seria 5', '2019', 'czarny', 57238, 153, 1, 'WRUJPML', 800, '2024-12-09 07:35:13', '2024-12-09 07:34:24'),
(116, 'Audi', 'Q5', '2016', 'czerwony', 57743, 98, 0, 'WR8B1Z2', 900, '2024-12-09 07:35:13', '2024-12-09 07:34:24'),
(117, 'Skoda', 'Kamiq', '2012', 'biały', 269931, 129, 1, 'WR7QRCN', 400, '2024-12-09 07:35:13', '2024-12-09 07:34:24'),
(118, 'Mercedes', 'GLE', '2019', 'srebrny', 204701, 176, 1, 'WR8G9HO', 500, '2024-12-09 07:35:13', '2024-12-09 07:34:24'),
(119, 'Volkswagen', 'Arteon', '2014', 'czerwony', 106683, 157, 0, 'WRZNBD0', 500, '2024-12-09 07:35:13', '2024-12-09 07:34:24'),
(120, 'Audi', 'A3', '2016', 'czarny', 256431, 137, 1, 'WRTI69T', 300, '2024-12-09 07:35:13', '2024-12-09 07:34:24'),
(121, 'BMW', 'X3', '2017', 'czerwony', 168571, 187, 1, 'WR7153M', 800, '2024-12-09 07:35:13', '2024-12-09 07:34:24'),
(122, 'Volkswagen', 'Tiguan', '2021', 'czerwony', 22857, 145, 1, 'WRBGMOC', 300, '2024-12-09 07:35:13', '2024-12-09 07:34:24'),
(123, 'Renault', 'Clio', '2013', 'czerwony', 123473, 168, 0, 'WR7JQNA', 900, '2024-12-09 07:35:13', '2024-12-09 07:34:24'),
(124, 'Suzuki', 'Vitara', '2012', 'czarny', 286506, 127, 1, 'WRHI9M9', 400, '2024-12-09 07:35:13', '2024-12-09 07:34:24'),
(125, 'Kia', 'Stonic', '2012', 'biały', 219867, 199, 1, 'WRPHUKM', 500, '2024-12-09 07:35:13', '2024-12-09 07:34:24'),
(126, 'Volkswagen', 'Passat', '2014', 'czerwony', 51980, 117, 1, 'WR7LJUD', 300, '2024-12-09 07:35:13', '2024-12-09 07:34:24'),
(127, 'Ford', 'Puma', '2016', 'błękitny', 136460, 96, 1, 'WRZDCJU', 900, '2024-12-09 07:35:13', '2024-12-09 07:34:24'),
(128, 'Volvo', 'XC40', '2014', 'srebrny', 173886, 149, 1, 'WRF5Y9Y', 400, '2024-12-09 07:35:13', '2024-12-09 07:34:24'),
(129, 'Renault', 'Arkana', '2016', 'niebieski', 6884, 161, 1, 'WRFNG4D', 300, '2024-12-09 07:35:13', '2024-12-09 07:34:24'),
(130, 'Volkswagen', 'Passat', '2014', 'czerwony', 132765, 170, 1, 'WRQ2Y67', 1000, '2024-12-09 07:35:13', '2024-12-09 07:34:24'),
(131, 'BMW', 'Seria 3', '2018', 'srebrny', 294142, 155, 1, 'WRU3M1K', 600, '2024-12-09 07:35:13', '2024-12-09 07:34:24'),
(132, 'Renault', 'Trafic', '2015', 'błękitny', 113872, 173, 1, 'WRGS54B', 900, '2024-12-09 07:35:13', '2024-12-09 07:34:24'),
(133, 'Suzuki', 'Vitara', '2018', 'czarny', 236693, 128, 1, 'WR6TRIV', 200, '2024-12-09 07:35:13', '2024-12-09 07:34:24'),
(134, 'Audi', 'A4', '2018', 'biały', 255500, 138, 1, 'WRQ17LI', 200, '2024-12-09 07:35:13', '2024-12-09 07:34:24'),
(135, 'BMW', 'X3', '2014', 'błękitny', 131058, 167, 1, 'WRENBAG', 200, '2024-12-09 07:35:13', '2024-12-09 07:34:24'),
(136, 'BMW', 'Seria 3', '2016', 'czerwony', 128772, 199, 1, 'WRSMPRM', 700, '2024-12-09 07:35:13', '2024-12-09 07:34:24'),
(137, 'Cupra', 'Formentor', '2012', 'niebieski', 38551, 169, 1, 'WRJKVAP', 800, '2024-12-09 07:35:13', '2024-12-09 07:34:24'),
(138, 'Toyota', 'Aygo X', '2018', 'niebieski', 196516, 169, 1, 'WRI2KUW', 500, '2024-12-09 07:35:13', '2024-12-09 07:34:24'),
(139, 'Audi', 'Q5', '2019', 'niebieski', 184413, 133, 1, 'WRGUW56', 500, '2024-12-09 07:35:13', '2024-12-09 07:34:24'),
(140, 'Audi', 'Q3', '2018', 'błękitny', 27140, 148, 1, 'WRZ10VY', 700, '2024-12-09 07:35:13', '2024-12-09 07:34:24'),
(141, 'Volvo', 'XC40', '2021', 'czerwony', 196552, 182, 1, 'WRHQ3A0', 300, '2024-12-09 07:35:13', '2024-12-09 07:34:24'),
(142, 'Volkswagen', 'Tiguan', '2012', 'błękitny', 264106, 159, 1, 'WRNDJ0Q', 1000, '2024-12-09 07:35:13', '2024-12-09 07:34:24'),
(143, 'Skoda', 'Kamiq', '2018', 'błękitny', 159957, 160, 0, 'WRABVWI', 200, '2024-12-09 07:35:13', '2024-12-09 07:34:24'),
(144, 'Kia', 'Sportage', '2017', 'srebrny', 95318, 128, 0, 'WRSAH09', 500, '2024-12-09 07:35:13', '2024-12-09 07:34:24'),
(145, 'Hyundai', 'i20', '2014', 'czerwony', 254608, 92, 1, 'WRNIZBW', 400, '2024-12-09 07:35:13', '2024-12-09 07:34:24'),
(146, 'Opel', 'Corsa', '2016', 'srebrny', 248952, 189, 1, 'WRZX0JN', 1000, '2024-12-09 07:35:13', '2024-12-09 07:34:24'),
(147, 'Toyota', 'C-HR', '2015', 'czarny', 170313, 117, 1, 'WRVA6I9', 300, '2024-12-09 07:35:13', '2024-12-09 07:34:24'),
(148, 'Dacia', 'Duster', '2016', 'czarny', 167128, 146, 1, 'WRVC7YB', 300, '2024-12-09 07:35:13', '2024-12-09 07:34:24'),
(149, 'Audi', 'Q5', '2017', 'biały', 281870, 104, 1, 'WR9RA3W', 700, '2024-12-09 07:35:13', '2024-12-09 07:34:24'),
(150, 'Volkswagen', 'Tiguan', '2018', 'błękitny', 163421, 142, 1, 'WRU6EN0', 200, '2024-12-09 07:35:13', '2024-12-09 07:34:24'),
(151, 'Volkswagen', 'T-Roc', '2019', 'biały', 64887, 167, 1, 'WRAUF4H', 200, '2024-12-09 07:35:13', '2024-12-09 07:34:24'),
(152, 'Toyota', 'Corolla', '2021', 'błękitny', 109327, 163, 1, 'WR1AVO0', 300, '2024-12-09 07:35:13', '2024-12-09 07:34:24'),
(153, 'Audi', 'Q5', '2021', 'niebieski', 257755, 160, 1, 'WRAYS8X', 800, '2024-12-09 07:35:13', '2024-12-09 07:34:24'),
(154, 'Skoda', 'Kamiq', '2012', 'biały', 207671, 132, 1, 'WRJ5VNO', 500, '2024-12-09 07:35:13', '2024-12-09 07:34:24'),
(155, 'Hyundai', 'i30', '2012', 'błękitny', 264110, 90, 1, 'WRO3BJU', 500, '2024-12-09 07:35:13', '2024-12-09 07:34:24'),
(156, 'Kia', 'XCeed', '2018', 'srebrny', 95254, 117, 1, 'WRGLHRK', 400, '2024-12-09 07:35:13', '2024-12-09 07:34:24'),
(157, 'Skoda', 'Karoq', '2016', 'czarny', 273884, 133, 1, 'WRBVMDB', 500, '2024-12-09 07:35:13', '2024-12-09 07:34:24'),
(158, 'Skoda', 'Scala', '2021', 'błękitny', 270555, 127, 0, 'WRZX6F5', 700, '2024-12-09 07:35:13', '2024-12-09 07:34:24'),
(159, 'Volkswagen', 'Passat', '2020', 'srebrny', 142921, 118, 1, 'WRVEE9M', 1000, '2024-12-09 07:35:13', '2024-12-09 07:34:24'),
(160, 'Hyundai', 'i20', '2017', 'niebieski', 17173, 188, 0, 'WRCC7Q1', 700, '2024-12-09 07:35:13', '2024-12-09 07:34:24'),
(161, 'Volkswagen', 'Golf', '2017', 'srebrny', 253089, 177, 0, 'WRGJG0K', 700, '2024-12-09 07:35:13', '2024-12-09 07:34:24'),
(162, 'Hyundai', 'Tucson', '2021', 'biały', 166043, 181, 0, 'WRU2XND', 300, '2024-12-09 07:35:13', '2024-12-09 07:34:24'),
(163, 'Renault', 'Clio', '2013', 'czerwony', 173585, 141, 1, 'WRNKMR8', 400, '2024-12-09 07:35:13', '2024-12-09 07:34:24'),
(164, 'Audi', 'Q5', '2016', 'srebrny', 283538, 120, 1, 'WRRMOH6', 500, '2024-12-09 07:35:13', '2024-12-09 07:34:24'),
(165, 'Mercedes', 'GLC', '2013', 'biały', 295627, 101, 1, 'WRTWP8G', 400, '2024-12-09 07:35:13', '2024-12-09 07:34:24'),
(166, 'Dacia', 'Duster', '2014', 'biały', 248843, 140, 1, 'WR59OVO', 700, '2024-12-09 07:35:13', '2024-12-09 07:34:24'),
(167, 'Skoda', 'Fabia', '2015', 'srebrny', 56947, 178, 1, 'WRD9CI6', 400, '2024-12-09 07:35:13', '2024-12-09 07:34:24'),
(168, 'Renault', 'Arkana', '2015', 'czarny', 142071, 133, 0, 'WRSFIFD', 900, '2024-12-09 07:35:13', '2024-12-09 07:34:24'),
(169, 'Kia', 'XCeed', '2020', 'czerwony', 133086, 170, 0, 'WRONV8E', 1000, '2024-12-09 07:35:13', '2024-12-09 07:34:24'),
(170, 'Cupra', 'Formentor', '2020', 'błękitny', 9590, 141, 1, 'WR06AS4', 1000, '2024-12-09 07:35:13', '2024-12-09 07:34:24'),
(171, 'Renault', 'Clio', '2020', 'czarny', 88638, 96, 1, 'WRYSEMV', 900, '2024-12-09 07:35:13', '2024-12-09 07:34:24'),
(172, 'Nissan', 'Qashqai', '2017', 'czarny', 243146, 93, 1, 'WRDNFP5', 800, '2024-12-09 07:35:13', '2024-12-09 07:34:24'),
(173, 'Skoda', 'Fabia', '2017', 'czarny', 186097, 176, 0, 'WRNE8DD', 500, '2024-12-09 07:35:13', '2024-12-09 07:34:24'),
(174, 'Toyota', 'RAV4', '2014', 'niebieski', 69016, 110, 1, 'WRSA1Y3', 300, '2024-12-09 07:35:13', '2024-12-09 07:34:24'),
(175, 'Toyota', 'Yaris Cross', '2021', 'błękitny', 233559, 101, 0, 'WRKQR5P', 500, '2024-12-09 07:35:13', '2024-12-09 07:34:24'),
(176, 'Nissan', 'Qashqai', '2020', 'srebrny', 167524, 116, 0, 'WRNG9RB', 1000, '2024-12-09 07:35:13', '2024-12-09 07:34:24'),
(177, 'Toyota', 'C-HR', '2020', 'czerwony', 166193, 163, 1, 'WRLZFLQ', 500, '2024-12-09 07:35:13', '2024-12-09 07:34:24'),
(178, 'Mercedes', 'GLE', '2019', 'niebieski', 205, 184, 1, 'WRTF0A9', 900, '2024-12-09 07:35:13', '2024-12-09 07:34:24'),
(179, 'Volkswagen', 'Arteon', '2015', 'biały', 12270, 107, 0, 'WR5067O', 400, '2024-12-09 07:35:13', '2024-12-09 07:34:24'),
(180, 'Audi', 'Q3', '2013', 'czarny', 253871, 146, 0, 'WR0TVUU', 800, '2024-12-09 07:35:13', '2024-12-09 07:34:24'),
(181, 'Skoda', 'Fabia', '2020', 'błękitny', 77609, 154, 1, 'WR01NCB', 400, '2024-12-09 07:35:13', '2024-12-09 07:34:24'),
(182, 'Mercedes', 'GLE', '2019', 'czarny', 280907, 164, 1, 'WRC9BXW', 900, '2024-12-09 07:35:13', '2024-12-09 07:34:24'),
(183, 'Toyota', 'Yaris Cross', '2021', 'czarny', 116504, 92, 1, 'WRB48WC', 300, '2024-12-09 07:35:13', '2024-12-09 07:34:24'),
(184, 'Volvo', 'XC40', '2019', 'biały', 242639, 99, 1, 'WRJKXSV', 800, '2024-12-09 07:35:13', '2024-12-09 07:34:24'),
(185, 'Toyota', 'C-HR', '2013', 'błękitny', 30086, 99, 1, 'WR9R1RO', 800, '2024-12-09 07:35:13', '2024-12-09 07:34:24'),
(186, 'Skoda', 'Octavia', '2013', 'błękitny', 57148, 187, 1, 'WRBJHXJ', 500, '2024-12-09 07:35:13', '2024-12-09 07:34:24'),
(187, 'Toyota', 'Aygo X', '2018', 'biały', 253595, 102, 1, 'WRDQXOK', 800, '2024-12-09 07:35:13', '2024-12-09 07:34:24'),
(188, 'BMW', 'Seria 3', '2019', 'biały', 289773, 112, 1, 'WR6UF86', 800, '2024-12-09 07:35:13', '2024-12-09 07:34:24'),
(189, 'Mercedes', 'GLE', '2020', 'błękitny', 75241, 95, 1, 'WRK5N2Y', 700, '2024-12-09 07:35:13', '2024-12-09 07:34:24'),
(190, 'Toyota', 'Yaris', '2016', 'czarny', 281664, 167, 1, 'WRSN97M', 600, '2024-12-09 07:35:13', '2024-12-09 07:34:24'),
(191, 'Dacia', 'Duster', '2012', 'srebrny', 215181, 164, 1, 'WRHOLHD', 300, '2024-12-09 07:35:13', '2024-12-09 07:34:24'),
(192, 'Suzuki', 'Vitara', '2019', 'czerwony', 191612, 150, 1, 'WRLHZZB', 600, '2024-12-09 07:35:13', '2024-12-09 07:34:24'),
(193, 'Renault', 'Trafic', '2017', 'srebrny', 68712, 138, 1, 'WRFGIRY', 800, '2024-12-09 07:35:13', '2024-12-09 07:34:24'),
(194, 'Suzuki', 'Vitara', '2016', 'niebieski', 236455, 127, 0, 'WRXTOYG', 300, '2024-12-09 07:35:13', '2024-12-09 07:34:24'),
(195, 'Mercedes', 'GLE', '2021', 'czarny', 178622, 198, 1, 'WR0RDFS', 1000, '2024-12-09 07:35:13', '2024-12-09 07:34:24'),
(196, 'Kia', 'Sportage', '2019', 'czerwony', 244135, 96, 1, 'WR0ZIEX', 500, '2024-12-09 07:35:13', '2024-12-09 07:34:24'),
(197, 'Audi', 'A4', '2013', 'błękitny', 46415, 184, 1, 'WRFRBOP', 600, '2024-12-09 07:35:13', '2024-12-09 07:34:24'),
(198, 'Skoda', 'Fabia', '2016', 'czarny', 162922, 179, 1, 'WRLLGXJ', 500, '2024-12-09 07:35:13', '2024-12-09 07:34:24'),
(199, 'Hyundai', 'Tucson', '2016', 'biały', 150565, 162, 0, 'WRAHUPR', 900, '2024-12-09 07:35:13', '2024-12-09 07:34:24'),
(200, 'Renault', 'Arkana', '2017', 'czerwony', 109887, 199, 1, 'WRMHSQS', 300, '2024-12-09 07:35:13', '2024-12-09 07:34:24');

-- --------------------------------------------------------

--
-- Table structure for table `klienci`
--

CREATE TABLE `klienci` (
  `id` int(11) NOT NULL,
  `imie` varchar(30) NOT NULL,
  `nazwisko` varchar(30) NOT NULL,
  `nr_tel` bigint(20) DEFAULT NULL,
  `email` varchar(40) DEFAULT NULL,
  `data_ur` date DEFAULT NULL,
  `edytowany` timestamp NOT NULL DEFAULT current_timestamp() ON UPDATE current_timestamp(),
  `utworzony` timestamp NOT NULL DEFAULT current_timestamp()
) ENGINE=InnoDB DEFAULT CHARSET=utf8 COLLATE=utf8_bin;

--
-- Dumping data for table `klienci`
--

INSERT INTO `klienci` (`id`, `imie`, `nazwisko`, `nr_tel`, `email`, `data_ur`, `edytowany`, `utworzony`) VALUES
(1, 'DAMIAN', 'SKRZYPCZYK', 957233818, 'dan2515@gmail.com', '1984-03-10', '2024-12-09 07:37:11', '2024-12-09 07:36:40'),
(2, 'SŁAWOMIR', 'MATOGA', 869852018, 'sła2231@gmail.com', '1973-06-02', '2024-12-09 07:37:11', '2024-12-09 07:36:40'),
(3, 'JULIAN', 'LIPCZYŃSKI', 567186919, 'jul1623@gmail.com', '1960-04-28', '2024-12-09 07:37:11', '2024-12-09 07:36:40'),
(4, 'STEFAN', 'BACZYŃSKI', 497129325, 'ste7800@gmail.com', '1947-09-27', '2024-12-09 07:37:11', '2024-12-09 07:36:40'),
(5, 'JAROSŁAW', 'BARANEK', 546387495, 'jar4581@gmail.com', '1963-03-28', '2024-12-09 07:37:11', '2024-12-09 07:36:40'),
(6, 'ADRIAN', 'MOSTOWSKI', 440379541, 'adr5227@gmail.com', '1963-08-02', '2024-12-09 07:37:11', '2024-12-09 07:36:40'),
(7, 'DANIEL', 'ZIOBROWSKI', 612013894, 'dan2303@gmail.com', '1995-02-04', '2024-12-09 07:37:11', '2024-12-09 07:36:40'),
(8, 'DAMIAN', 'GAIK', 309928009, 'dam2303@gmail.com', '1957-06-16', '2024-12-09 07:37:11', '2024-12-09 07:36:40'),
(9, 'JAROSŁAW', 'NAREWSKI', 356426285, 'jar2229@gmail.com', '1989-08-27', '2024-12-09 07:37:11', '2024-12-09 07:36:40'),
(10, 'LECH', 'KANIEWSKI', 221444911, 'lec6404@gmail.com', '1959-05-24', '2024-12-09 07:37:11', '2024-12-09 07:36:40'),
(11, 'ROBERT', 'ORLIKOWSKI', 259558827, 'rob9878@gmail.com', '1968-08-17', '2024-12-09 07:37:11', '2024-12-09 07:36:40'),
(12, 'MIKOŁAJ', 'CZARNOCKI', 236156987, 'mik2822@gmail.com', '1984-08-13', '2024-12-09 07:37:11', '2024-12-09 07:36:40'),
(13, 'EDMUND', 'GORGOŃ', 310183204, 'edm6575@gmail.com', '1953-07-04', '2024-12-09 07:37:11', '2024-12-09 07:36:40'),
(14, 'FILIP', 'SZCZEPANEK', 759181664, 'fil6557@gmail.com', '1973-06-08', '2024-12-09 07:37:11', '2024-12-09 07:36:40'),
(15, 'ZBIGNIEW', 'KIEŁBASA', 152628129, 'zbi6650@gmail.com', '1976-12-15', '2024-12-09 07:37:11', '2024-12-09 07:36:40'),
(16, 'FILIP', 'PLUCIŃSKI', 696589893, 'fil4968@gmail.com', '1980-06-12', '2024-12-09 07:37:11', '2024-12-09 07:36:40'),
(17, 'ROBERT', 'JOKIEL', 353963842, 'rob8447@gmail.com', '1985-04-20', '2024-12-09 07:37:11', '2024-12-09 07:36:40'),
(18, 'LUDWIK', 'LALIK', 198828882, 'lud1290@gmail.com', '1946-07-13', '2024-12-09 07:37:11', '2024-12-09 07:36:40'),
(19, 'MIŁOSZ', 'SOBIK', 347797436, 'mił6525@gmail.com', '1984-09-03', '2024-12-09 07:37:11', '2024-12-09 07:36:40'),
(20, 'WIKTOR', 'NICPOŃ', 666319147, 'wik6930@gmail.com', '1960-04-16', '2024-12-09 07:37:11', '2024-12-09 07:36:40'),
(21, 'BOGDAN', 'JARZĘBOWSKI', 624538563, 'bog5890@gmail.com', '1993-12-18', '2024-12-09 07:37:11', '2024-12-09 07:36:40'),
(22, 'BARTŁOMIEJ', 'MRUK', 284395698, 'bar4505@gmail.com', '1976-06-21', '2024-12-09 07:37:11', '2024-12-09 07:36:40'),
(23, 'MIROSŁAW', 'CZERNIK', 590114030, 'mir2527@gmail.com', '2003-05-01', '2024-12-09 07:37:11', '2024-12-09 07:36:40'),
(24, 'ZYGMUNT', 'WOJAS', 397251925, 'zyg3814@gmail.com', '1958-11-14', '2024-12-09 07:37:11', '2024-12-09 07:36:40'),
(25, 'SZYMON', 'CHOJNACKI', 458907524, 'szy1144@gmail.com', '2004-07-24', '2024-12-09 07:37:11', '2024-12-09 07:36:40'),
(26, 'OSKAR', 'FIC', 628615122, 'osk4785@gmail.com', '1969-10-04', '2024-12-09 07:37:11', '2024-12-09 07:36:40'),
(27, 'LESZEK', 'MACIEJOWSKI', 596048029, 'les5916@gmail.com', '1959-06-20', '2024-12-09 07:37:11', '2024-12-09 07:36:40'),
(28, 'SŁAWOMIR', 'GIERCZAK', 627133416, 'sła5882@gmail.com', '1980-06-12', '2024-12-09 07:37:11', '2024-12-09 07:36:40'),
(29, 'RADOSŁAW', 'GNIADEK', 619860104, 'rad6349@gmail.com', '1941-09-19', '2024-12-09 07:37:11', '2024-12-09 07:36:40'),
(30, 'LESZEK', 'SZEFER', 907333655, 'les1224@gmail.com', '1947-07-16', '2024-12-09 07:37:11', '2024-12-09 07:36:40'),
(31, 'FRANCISZEK', 'TARCZYŃSKI', 252394881, 'fra8660@gmail.com', '1975-12-24', '2024-12-09 07:37:11', '2024-12-09 07:36:40'),
(32, 'RAFAŁ', 'BARAŃSKI', 906538340, 'raf3350@gmail.com', '1955-02-11', '2024-12-09 07:37:11', '2024-12-09 07:36:40'),
(33, 'EDMUND', 'WOJTYCZKA', 988567177, 'edm1955@gmail.com', '2005-02-25', '2024-12-09 07:37:11', '2024-12-09 07:36:40'),
(34, 'IGNACY', 'KULAK', 396751238, 'ign7498@gmail.com', '1941-04-23', '2024-12-09 07:37:11', '2024-12-09 07:36:40'),
(35, 'NORBERT', 'SUWALSKI', 669052230, 'nor2999@gmail.com', '1991-01-20', '2024-12-09 07:37:11', '2024-12-09 07:36:40'),
(36, 'DAWID', 'KNOP', 321005919, 'daw3738@gmail.com', '1951-02-21', '2024-12-09 07:37:11', '2024-12-09 07:36:40'),
(37, 'WŁODZIMIERZ', 'MIKOS', 291869904, 'wło6431@gmail.com', '1940-04-13', '2024-12-09 07:37:11', '2024-12-09 07:36:40'),
(38, 'KAMIL', 'OLIWA', 582904367, 'kam7939@gmail.com', '1950-06-17', '2024-12-09 07:37:11', '2024-12-09 07:36:40'),
(39, 'CEZARY', 'JANOTA', 707448442, 'cez7311@gmail.com', '1940-10-05', '2024-12-09 07:37:11', '2024-12-09 07:36:40'),
(40, 'JÓZEF', 'PIEKARSKI', 115062921, 'józ6632@gmail.com', '1982-09-02', '2024-12-09 07:37:11', '2024-12-09 07:36:40'),
(41, 'OLIWIER', 'KLAWIKOWSKI', 437660585, 'oli6436@gmail.com', '1953-03-06', '2024-12-09 07:37:11', '2024-12-09 07:36:40'),
(42, 'WACŁAW', 'ZAJĄC', 598601929, 'wac9673@gmail.com', '1956-01-28', '2024-12-09 07:37:11', '2024-12-09 07:36:40'),
(43, 'ADRIAN', 'TRZEŚNIEWSKI', 954420989, 'adr8411@gmail.com', '2005-08-25', '2024-12-09 07:37:11', '2024-12-09 07:36:40'),
(44, 'SEBASTIAN', 'ROGACKI', 125809810, 'seb4484@gmail.com', '1949-01-28', '2024-12-09 07:37:11', '2024-12-09 07:36:40'),
(45, 'RYSZARD', 'MATUSIEWICZ', 860080140, 'rys3866@gmail.com', '1971-12-16', '2024-12-09 07:37:11', '2024-12-09 07:36:40'),
(46, 'ROBERT', 'KRZYSZTOFIK', 646463422, 'rob9026@gmail.com', '2001-01-07', '2024-12-09 07:37:11', '2024-12-09 07:36:40'),
(47, 'MAREK', 'ZABOROWSKI', 736340681, 'mar3168@gmail.com', '1971-02-19', '2024-12-09 07:37:11', '2024-12-09 07:36:40'),
(48, 'KAMIL', 'SANKOWSKI', 960723587, 'kam1855@gmail.com', '1940-06-24', '2024-12-09 07:37:11', '2024-12-09 07:36:40'),
(49, 'MARIUSZ', 'PASEK', 452826154, 'mar2622@gmail.com', '1952-11-19', '2024-12-09 07:37:11', '2024-12-09 07:36:40'),
(50, 'ROBERT', 'WALASEK', 354770193, 'rob2530@gmail.com', '1950-07-10', '2024-12-09 07:37:11', '2024-12-09 07:36:40'),
(51, 'BOGDAN', 'KULA', 852516237, 'bog2482@gmail.com', '2004-04-27', '2024-12-09 07:37:11', '2024-12-09 07:36:40'),
(52, 'HENRYK', 'ŚWIDZIŃSKI', 801026745, 'hen8685@gmail.com', '1997-03-17', '2024-12-09 07:37:11', '2024-12-09 07:36:40'),
(53, 'BOGDAN', 'TALAR', 360608434, 'bog9860@gmail.com', '2004-11-12', '2024-12-09 07:37:11', '2024-12-09 07:36:40'),
(54, 'LUCJAN', 'NASIŁOWSKI', 297494979, 'luc7122@gmail.com', '1968-10-09', '2024-12-09 07:37:11', '2024-12-09 07:36:40'),
(55, 'MACIEJ', 'NIEDŹWIEDZKI', 764315456, 'mac8965@gmail.com', '1963-01-02', '2024-12-09 07:37:11', '2024-12-09 07:36:40'),
(56, 'KAROL', 'CHMIELOWIEC', 515344717, 'kar3661@gmail.com', '1981-11-13', '2024-12-09 07:37:11', '2024-12-09 07:36:40'),
(57, 'MAREK', 'MŁYNEK', 568229648, 'mar8111@gmail.com', '1940-03-06', '2024-12-09 07:37:11', '2024-12-09 07:36:40'),
(58, 'MACIEJ', 'PANFIL', 393404284, 'mac6938@gmail.com', '1994-07-25', '2024-12-09 07:37:11', '2024-12-09 07:36:40'),
(59, 'MIECZYSŁAW', 'STASIUK', 316933076, 'mie4434@gmail.com', '1947-07-27', '2024-12-09 07:37:11', '2024-12-09 07:36:40'),
(60, 'MARIUSZ', 'OKRÓJ', 113816386, 'mar7019@gmail.com', '1982-12-21', '2024-12-09 07:37:11', '2024-12-09 07:36:40'),
(61, 'JACEK', 'PIETRASZKO', 218939370, 'jac9654@gmail.com', '1960-03-05', '2024-12-09 07:37:11', '2024-12-09 07:36:40'),
(62, 'WITOLD', 'JATCZAK', 676210214, 'wit5725@gmail.com', '1946-07-13', '2024-12-09 07:37:11', '2024-12-09 07:36:40'),
(63, 'WACŁAW', 'SZKLARCZYK', 617279735, 'wac4809@gmail.com', '1990-03-03', '2024-12-09 07:37:11', '2024-12-09 07:36:40'),
(64, 'LEON', 'ŁĘCKI', 840681499, 'leo2021@gmail.com', '1997-11-19', '2024-12-09 07:37:11', '2024-12-09 07:36:40'),
(65, 'ROMAN', 'MRÓWKA', 210188628, 'rom4631@gmail.com', '1997-04-23', '2024-12-09 07:37:11', '2024-12-09 07:36:40'),
(66, 'KONRAD', 'KAMECKI', 658645389, 'kon2290@gmail.com', '1947-03-05', '2024-12-09 07:37:11', '2024-12-09 07:36:40'),
(67, 'BRONISŁAW', 'ARENDT', 291524859, 'bro5932@gmail.com', '1945-11-05', '2024-12-09 07:37:11', '2024-12-09 07:36:40'),
(68, 'ZDZISŁAW', 'KARBOWSKI', 431226009, 'zdz8050@gmail.com', '2003-02-04', '2024-12-09 07:37:11', '2024-12-09 07:36:40'),
(69, 'LUCJAN', 'ZIELONKA', 537165699, 'luc4860@gmail.com', '2005-03-25', '2024-12-09 07:37:11', '2024-12-09 07:36:40'),
(70, 'BRONISŁAW', 'KOZIEJ', 473774322, 'bro7471@gmail.com', '2004-05-16', '2024-12-09 07:37:11', '2024-12-09 07:36:40'),
(71, 'JAN', 'RABENDA', 960963621, 'jan8347@gmail.com', '1957-12-26', '2024-12-09 07:37:11', '2024-12-09 07:36:40'),
(72, 'WŁODZIMIERZ', 'BONDARUK', 964931853, 'wło3207@gmail.com', '1987-05-25', '2024-12-09 07:37:11', '2024-12-09 07:36:40'),
(73, 'KAMIL', 'SKOCZEK', 948162885, 'kam1110@gmail.com', '2001-12-11', '2024-12-09 07:37:11', '2024-12-09 07:36:40'),
(74, 'ŁUKASZ', 'KOŁODZIEJEK', 941647016, 'łuk6847@gmail.com', '2001-04-13', '2024-12-09 07:37:11', '2024-12-09 07:36:40'),
(75, 'CZESŁAW', 'ŻELAZKO', 951058105, 'cze1294@gmail.com', '1952-03-19', '2024-12-09 07:37:11', '2024-12-09 07:36:40'),
(76, 'GRZEGORZ', 'GĄSIOREK', 416155528, 'grz9340@gmail.com', '1992-11-03', '2024-12-09 07:37:11', '2024-12-09 07:36:40'),
(77, 'MARCEL', 'MODZELEWSKI', 974464660, 'mar2481@gmail.com', '1957-02-27', '2024-12-09 07:37:11', '2024-12-09 07:36:40'),
(78, 'ROMAN', 'BIENIAS', 161258409, 'rom7466@gmail.com', '1963-08-23', '2024-12-09 07:37:11', '2024-12-09 07:36:40'),
(79, 'LECH', 'SZYMCZAK', 397542189, 'lec2604@gmail.com', '1970-08-03', '2024-12-09 07:37:11', '2024-12-09 07:36:40'),
(80, 'EDMUND', 'BABENKO', 413108209, 'edm9526@gmail.com', '1942-09-18', '2024-12-09 07:37:11', '2024-12-09 07:36:40'),
(81, 'MIŁOSZ', 'DUŚ', 279665668, 'mił1354@gmail.com', '1949-05-20', '2024-12-09 07:37:11', '2024-12-09 07:36:40'),
(82, 'MARIUSZ', 'GWIAZDA', 309324356, 'mar1265@gmail.com', '1985-11-21', '2024-12-09 07:37:11', '2024-12-09 07:36:40'),
(83, 'ŁUKASZ', 'CHOLEWA', 239015424, 'łuk5621@gmail.com', '1959-08-10', '2024-12-09 07:37:11', '2024-12-09 07:36:40'),
(84, 'WIKTOR', 'BIELAS', 933800712, 'wik8693@gmail.com', '1976-03-24', '2024-12-09 07:37:11', '2024-12-09 07:36:40'),
(85, 'ARKADIUSZ', 'FOJCIK', 797239588, 'ark7143@gmail.com', '1981-10-17', '2024-12-09 07:37:11', '2024-12-09 07:36:40'),
(86, 'PRZEMYSŁAW', 'RADCHENKO', 699757579, 'prz4091@gmail.com', '1956-12-14', '2024-12-09 07:37:11', '2024-12-09 07:36:40'),
(87, 'MARIAN', 'SEMENIUK', 961368632, 'mar4494@gmail.com', '1947-03-20', '2024-12-09 07:37:11', '2024-12-09 07:36:40'),
(88, 'BOGUSŁAW', 'ANTOSIK', 975958556, 'bog6086@gmail.com', '1986-06-28', '2024-12-09 07:37:11', '2024-12-09 07:36:40'),
(89, 'SYLWESTER', 'GRZESZCZUK', 715333275, 'syl2865@gmail.com', '1959-09-28', '2024-12-09 07:37:11', '2024-12-09 07:36:40'),
(90, 'STEFAN', 'PŁOCHOCKI', 329603662, 'ste5505@gmail.com', '1985-03-04', '2024-12-09 07:37:11', '2024-12-09 07:36:40'),
(91, 'MIECZYSŁAW', 'MALINOWSKI', 666819914, 'mie3198@gmail.com', '1995-07-22', '2024-12-09 07:37:11', '2024-12-09 07:36:40'),
(92, 'ZDZISŁAW', 'KOZERA', 771712768, 'zdz5358@gmail.com', '1952-09-13', '2024-12-09 07:37:11', '2024-12-09 07:36:40'),
(93, 'ZYGMUNT', 'KRÓLIK', 851299146, 'zyg2644@gmail.com', '1969-05-12', '2024-12-09 07:37:11', '2024-12-09 07:36:40'),
(94, 'SŁAWOMIR', 'KUBIK', 702325992, 'sła9093@gmail.com', '1969-09-24', '2024-12-09 07:37:11', '2024-12-09 07:36:40'),
(95, 'JAKUB', 'CELEJ', 885353802, 'jak3190@gmail.com', '1986-12-16', '2024-12-09 07:37:11', '2024-12-09 07:36:40'),
(96, 'DARIUSZ', 'GŁADYSZ', 218275237, 'dar4942@gmail.com', '1966-12-19', '2024-12-09 07:37:11', '2024-12-09 07:36:40'),
(97, 'JULIAN', 'MICHAŁOWICZ', 270924946, 'jul6847@gmail.com', '1986-04-07', '2024-12-09 07:37:11', '2024-12-09 07:36:40'),
(98, 'LECH', 'MAŁKOWSKI', 575946982, 'lec1439@gmail.com', '1963-10-26', '2024-12-09 07:37:11', '2024-12-09 07:36:40'),
(99, 'ARTUR', 'SIUDA', 528726635, 'art5507@gmail.com', '1974-03-11', '2024-12-09 07:37:11', '2024-12-09 07:36:40'),
(100, 'KACPER', 'KRZEMPEK', 599328389, 'kac6683@gmail.com', '1978-02-04', '2024-12-09 07:37:11', '2024-12-09 07:36:40'),
(101, 'LUCJAN', 'FALIŃSKI', 128162530, 'luc4311@gmail.com', '1990-09-08', '2024-12-09 07:37:11', '2024-12-09 07:36:40'),
(102, 'ROBERT', 'GÓRAL', 105555496, 'rob9284@gmail.com', '1978-01-15', '2024-12-09 07:37:11', '2024-12-09 07:36:40'),
(103, 'TOMASZ', 'KOCHANOWICZ', 981420435, 'tom7707@gmail.com', '1946-10-21', '2024-12-09 07:37:11', '2024-12-09 07:36:40'),
(104, 'LUDWIK', 'WOLNIEWICZ', 260711942, 'lud8173@gmail.com', '1960-01-02', '2024-12-09 07:37:11', '2024-12-09 07:36:40'),
(105, 'MARCEL', 'BONDARUK', 208204400, 'mar8644@gmail.com', '1982-11-24', '2024-12-09 07:37:11', '2024-12-09 07:36:40'),
(106, 'NORBERT', 'DRYWA', 105007720, 'nor1863@gmail.com', '1961-04-19', '2024-12-09 07:37:11', '2024-12-09 07:36:40'),
(107, 'JÓZEF', 'KOPERSKI', 190770436, 'józ3010@gmail.com', '1996-08-27', '2024-12-09 07:37:11', '2024-12-09 07:36:40'),
(108, 'BARTŁOMIEJ', 'GÓRSKI', 831068752, 'bar2433@gmail.com', '1960-11-11', '2024-12-09 07:37:11', '2024-12-09 07:36:40'),
(109, 'RADOSŁAW', 'JARZĘBSKI', 497180910, 'rad5221@gmail.com', '1981-04-16', '2024-12-09 07:37:11', '2024-12-09 07:36:40'),
(110, 'EDMUND', 'BETLEJ', 732312868, 'edm6991@gmail.com', '1940-04-09', '2024-12-09 07:37:11', '2024-12-09 07:36:40'),
(111, 'HENRYK', 'CHOJNOWSKI', 635985952, 'hen2167@gmail.com', '1952-06-26', '2024-12-09 07:37:11', '2024-12-09 07:36:40'),
(112, 'JAROSŁAW', 'KWIATKOWSKI', 372423153, 'jar8489@gmail.com', '1967-03-28', '2024-12-09 07:37:11', '2024-12-09 07:36:40'),
(113, 'DANIEL', 'SULIŃSKI', 844724176, 'dan4048@gmail.com', '1990-02-27', '2024-12-09 07:37:11', '2024-12-09 07:36:40'),
(114, 'BOGUSŁAW', 'ZWIERZYŃSKI', 397318565, 'bog6323@gmail.com', '1960-11-01', '2024-12-09 07:37:11', '2024-12-09 07:36:40'),
(115, 'JÓZEF', 'WAWRZYŃCZAK', 648838937, 'józ6833@gmail.com', '2000-03-03', '2024-12-09 07:37:11', '2024-12-09 07:36:40'),
(116, 'LECH', 'SŁOTWIŃSKI', 848816811, 'lec6469@gmail.com', '1969-05-13', '2024-12-09 07:37:11', '2024-12-09 07:36:40'),
(117, 'ADAM', 'HABER', 790272057, 'ada7860@gmail.com', '1979-02-04', '2024-12-09 07:37:11', '2024-12-09 07:36:40'),
(118, 'JAN', 'WIEWIÓRA', 874186146, 'jan9304@gmail.com', '2002-12-02', '2024-12-09 07:37:11', '2024-12-09 07:36:40'),
(119, 'BERNARD', 'ZELEK', 585165936, 'ber2546@gmail.com', '1977-04-16', '2024-12-09 07:37:11', '2024-12-09 07:36:40'),
(120, 'EDWARD', 'KOSIBA', 882305550, 'edw6287@gmail.com', '1942-11-21', '2024-12-09 07:37:11', '2024-12-09 07:36:40'),
(121, 'MARIAN', 'CZERNIK', 741588898, 'mar6995@gmail.com', '2000-11-26', '2024-12-09 07:37:11', '2024-12-09 07:36:40'),
(122, 'DARIUSZ', 'WAL', 135988204, 'dar6096@gmail.com', '1950-11-24', '2024-12-09 07:37:11', '2024-12-09 07:36:40'),
(123, 'IGNACY', 'OLIINYK', 837599094, 'ign9253@gmail.com', '1987-01-26', '2024-12-09 07:37:11', '2024-12-09 07:36:40'),
(124, 'JAKUB', 'PŁATEK', 783452347, 'jak1126@gmail.com', '1944-08-26', '2024-12-09 07:37:11', '2024-12-09 07:36:40'),
(125, 'FILIP', 'KUŹMICKI', 984643402, 'fil5850@gmail.com', '1963-07-13', '2024-12-09 07:37:11', '2024-12-09 07:36:40'),
(126, 'LECH', 'KACHEL', 337886990, 'lec8349@gmail.com', '1969-05-03', '2024-12-09 07:37:11', '2024-12-09 07:36:40'),
(127, 'WITOLD', 'SONDEJ', 413111798, 'wit2102@gmail.com', '1998-11-02', '2024-12-09 07:37:11', '2024-12-09 07:36:40'),
(128, 'LUCJAN', 'POPŁAWSKI', 916436774, 'luc1556@gmail.com', '1941-11-20', '2024-12-09 07:37:11', '2024-12-09 07:36:40'),
(129, 'LESZEK', 'JORDAN', 671460288, 'les4578@gmail.com', '1947-11-23', '2024-12-09 07:37:11', '2024-12-09 07:36:40'),
(130, 'ROBERT', 'PETRYK', 727318996, 'rob9113@gmail.com', '2005-08-26', '2024-12-09 07:37:11', '2024-12-09 07:36:40'),
(131, 'ARKADIUSZ', 'NIZIOŁ', 758059341, 'ark2313@gmail.com', '1979-03-10', '2024-12-09 07:37:11', '2024-12-09 07:36:40'),
(132, 'MACIEJ', 'STASIEWICZ', 679524835, 'mac8282@gmail.com', '1949-10-01', '2024-12-09 07:37:11', '2024-12-09 07:36:40'),
(133, 'GRZEGORZ', 'GWIAZDOWSKI', 231364326, 'grz2470@gmail.com', '1971-05-21', '2024-12-09 07:37:11', '2024-12-09 07:36:40'),
(134, 'ROBERT', 'TOBOLSKI', 312698248, 'rob9189@gmail.com', '2000-12-09', '2024-12-09 07:37:11', '2024-12-09 07:36:40'),
(135, 'GRZEGORZ', 'MIELCAREK', 256134994, 'grz4217@gmail.com', '1941-01-09', '2024-12-09 07:37:11', '2024-12-09 07:36:40'),
(136, 'LECH', 'DOBRZAŃSKI', 486974133, 'lec7237@gmail.com', '1978-09-26', '2024-12-09 07:37:11', '2024-12-09 07:36:40'),
(137, 'KAZIMIERZ', 'BONDYRA', 361970416, 'kaz6450@gmail.com', '1986-06-15', '2024-12-09 07:37:11', '2024-12-09 07:36:40'),
(138, 'KONRAD', 'ZABŁOCKI', 685192580, 'kon7726@gmail.com', '1999-02-25', '2024-12-09 07:37:11', '2024-12-09 07:36:40'),
(139, 'ZYGMUNT', 'KUDZIA', 249241203, 'zyg7245@gmail.com', '1989-03-10', '2024-12-09 07:37:11', '2024-12-09 07:36:40'),
(140, 'ARTUR', 'DZIEKOŃSKI', 616552572, 'art2920@gmail.com', '1953-11-09', '2024-12-09 07:37:11', '2024-12-09 07:36:40'),
(141, 'CEZARY', 'MIERZYŃSKI', 707445670, 'cez7080@gmail.com', '1963-06-28', '2024-12-09 07:37:11', '2024-12-09 07:36:40'),
(142, 'DOMINIK', 'WOJTCZAK', 726041123, 'dom8422@gmail.com', '1990-02-14', '2024-12-09 07:37:11', '2024-12-09 07:36:40'),
(143, 'EUGENIUSZ', 'SZYMKOWIAK', 972097349, 'eug8478@gmail.com', '1948-05-18', '2024-12-09 07:37:11', '2024-12-09 07:36:40'),
(144, 'ANTONI', 'MITRĘGA', 986547171, 'ant6367@gmail.com', '1978-07-12', '2024-12-09 07:37:11', '2024-12-09 07:36:40'),
(145, 'BOGDAN', 'GRABIEC', 778708924, 'bog9736@gmail.com', '1964-05-22', '2024-12-09 07:37:11', '2024-12-09 07:36:40'),
(146, 'DAWID', 'CICHOWICZ', 581503204, 'daw1819@gmail.com', '1956-11-27', '2024-12-09 07:37:11', '2024-12-09 07:36:40'),
(147, 'WACŁAW', 'HYJEK', 966260019, 'wac7204@gmail.com', '1965-06-04', '2024-12-09 07:37:11', '2024-12-09 07:36:40'),
(148, 'LESZEK', 'AMBROŻY', 516547188, 'les7583@gmail.com', '1950-05-04', '2024-12-09 07:37:11', '2024-12-09 07:36:40'),
(149, 'OSKAR', 'KONKEL', 925191373, 'osk5521@gmail.com', '1955-10-28', '2024-12-09 07:37:11', '2024-12-09 07:36:40'),
(150, 'ZYGMUNT', 'MAMEDOV', 342951820, 'zyg5345@gmail.com', '1998-02-09', '2024-12-09 07:37:11', '2024-12-09 07:36:40'),
(151, 'KONRAD', 'GARUS', 301879207, 'kon5711@gmail.com', '1983-07-27', '2024-12-09 07:37:11', '2024-12-09 07:36:40'),
(152, 'LESZEK', 'ZAJĄCZKOWSKI', 217421004, 'les3282@gmail.com', '1966-06-18', '2024-12-09 07:37:11', '2024-12-09 07:36:40'),
(153, 'STANISŁAW', 'BIENIASZ', 391112924, 'sta9251@gmail.com', '1967-07-16', '2024-12-09 07:37:11', '2024-12-09 07:36:40'),
(154, 'MIECZYSŁAW', 'GONCIARZ', 218568497, 'mie8955@gmail.com', '1964-02-03', '2024-12-09 07:37:11', '2024-12-09 07:36:40'),
(155, 'OSKAR', 'GŁUSZEK', 993980478, 'osk8676@gmail.com', '1959-10-05', '2024-12-09 07:37:11', '2024-12-09 07:36:40'),
(156, 'RAFAŁ', 'JANUS', 683626483, 'raf7223@gmail.com', '1971-11-13', '2024-12-09 07:37:11', '2024-12-09 07:36:40'),
(157, 'NORBERT', 'NOSAL', 562426515, 'nor3669@gmail.com', '1992-10-10', '2024-12-09 07:37:11', '2024-12-09 07:36:40'),
(158, 'DAMIAN', 'GNIEWEK', 813569477, 'dam2104@gmail.com', '1996-03-20', '2024-12-09 07:37:11', '2024-12-09 07:36:40'),
(159, 'PIOTR', 'RYNKIEWICZ', 246002409, 'pio3745@gmail.com', '1948-09-22', '2024-12-09 07:37:11', '2024-12-09 07:36:40'),
(160, 'MIROSŁAW', 'GOLIŃSKI', 692194245, 'mir6125@gmail.com', '1958-08-17', '2024-12-09 07:37:11', '2024-12-09 07:36:40'),
(161, 'MARCEL', 'STARCZEWSKI', 591889511, 'mar2873@gmail.com', '1967-04-04', '2024-12-09 07:37:11', '2024-12-09 07:36:40'),
(162, 'WALDEMAR', 'CHRZANOWSKI', 878942849, 'wal8704@gmail.com', '1953-09-13', '2024-12-09 07:37:11', '2024-12-09 07:36:40'),
(163, 'SŁAWOMIR', 'RACHWAŁ', 248893742, 'sła5619@gmail.com', '1956-10-08', '2024-12-09 07:37:11', '2024-12-09 07:36:40'),
(164, 'ROMAN', 'LUPA', 185516462, 'rom5334@gmail.com', '1941-12-22', '2024-12-09 07:37:11', '2024-12-09 07:36:40'),
(165, 'EDWARD', 'GRABIŃSKI', 272488232, 'edw7622@gmail.com', '1990-06-19', '2024-12-09 07:37:11', '2024-12-09 07:36:40'),
(166, 'EUGENIUSZ', 'IWANIEC', 593769307, 'eug1092@gmail.com', '1974-02-15', '2024-12-09 07:37:11', '2024-12-09 07:36:40'),
(167, 'ZBIGNIEW', 'KONDRAT', 495468431, 'zbi8240@gmail.com', '1953-04-11', '2024-12-09 07:37:11', '2024-12-09 07:36:40'),
(168, 'KRZYSZTOF', 'DMYTRUK', 630230941, 'krz6828@gmail.com', '1984-03-05', '2024-12-09 07:37:11', '2024-12-09 07:36:40'),
(169, 'ROMAN', 'ZĄBEK', 723700266, 'rom8101@gmail.com', '1958-07-06', '2024-12-09 07:37:11', '2024-12-09 07:36:40'),
(170, 'JAKUB', 'DWORAK', 311750510, 'jak7186@gmail.com', '1972-07-10', '2024-12-09 07:37:11', '2024-12-09 07:36:40'),
(171, 'ARKADIUSZ', 'SZLAGA', 101109634, 'ark2949@gmail.com', '1986-01-24', '2024-12-09 07:37:11', '2024-12-09 07:36:40'),
(172, 'ARKADIUSZ', 'KARASIEWICZ', 708941629, 'ark6394@gmail.com', '1990-04-11', '2024-12-09 07:37:11', '2024-12-09 07:36:40'),
(173, 'PRZEMYSŁAW', 'FRANKE', 965622935, 'prz2445@gmail.com', '1949-08-13', '2024-12-09 07:37:11', '2024-12-09 07:36:40'),
(174, 'KACPER', 'JEŻAK', 961100241, 'kac9679@gmail.com', '1952-01-08', '2024-12-09 07:37:11', '2024-12-09 07:36:40'),
(175, 'STEFAN', 'TURCZYŃSKI', 686827357, 'ste2518@gmail.com', '1998-11-11', '2024-12-09 07:37:11', '2024-12-09 07:36:40'),
(176, 'HUBERT', 'CIESIELSKI', 327608708, 'hub5774@gmail.com', '2002-07-12', '2024-12-09 07:37:11', '2024-12-09 07:36:40'),
(177, 'BRONISŁAW', 'PIETRASZEWSKI', 223587558, 'bro7688@gmail.com', '1942-03-06', '2024-12-09 07:37:11', '2024-12-09 07:36:40'),
(178, 'LECH', 'MATEJKO', 518603609, 'lec3071@gmail.com', '1984-02-28', '2024-12-09 07:37:11', '2024-12-09 07:36:40'),
(179, 'RADOSŁAW', 'WASIELEWSKI', 228869313, 'rad7084@gmail.com', '1982-10-25', '2024-12-09 07:37:11', '2024-12-09 07:36:40'),
(180, 'FRANCISZEK', 'SZTUKA', 537499445, 'fra3068@gmail.com', '1977-05-06', '2024-12-09 07:37:11', '2024-12-09 07:36:40'),
(181, 'ZYGMUNT', 'DOMBROWSKI', 269729894, 'zyg4138@gmail.com', '2000-07-19', '2024-12-09 07:37:11', '2024-12-09 07:36:40'),
(182, 'EDWARD', 'LESZEK', 162553925, 'edw3216@gmail.com', '1948-12-28', '2024-12-09 07:37:11', '2024-12-09 07:36:40'),
(183, 'EDMUND', 'MAJCHER', 394132159, 'edm4876@gmail.com', '1951-07-06', '2024-12-09 07:37:11', '2024-12-09 07:36:40'),
(184, 'SŁAWOMIR', 'GRZELCZAK', 644131567, 'sła2100@gmail.com', '1951-11-22', '2024-12-09 07:37:11', '2024-12-09 07:36:40'),
(185, 'JACEK', 'KĘPA', 144277763, 'jac2540@gmail.com', '1948-01-17', '2024-12-09 07:37:11', '2024-12-09 07:36:40'),
(186, 'BOGUSŁAW', 'RODAK', 176694663, 'bog6276@gmail.com', '1986-02-23', '2024-12-09 07:37:11', '2024-12-09 07:36:40'),
(187, 'ARTUR', 'KRAWCZYK', 595405155, 'art8751@gmail.com', '1941-04-24', '2024-12-09 07:37:11', '2024-12-09 07:36:40'),
(188, 'MIKOŁAJ', 'KIEŁKOWSKI', 245333446, 'mik5899@gmail.com', '1995-07-23', '2024-12-09 07:37:11', '2024-12-09 07:36:40'),
(189, 'MARIAN', 'CHOJNICKI', 270631032, 'mar9980@gmail.com', '1953-05-07', '2024-12-09 07:37:11', '2024-12-09 07:36:40'),
(190, 'BERNARD', 'MŁODZIANOWSKI', 191022721, 'ber5699@gmail.com', '1947-07-23', '2024-12-09 07:37:11', '2024-12-09 07:36:40'),
(191, 'FELIKS', 'PAWLIK', 609379313, 'fel2702@gmail.com', '1940-06-25', '2024-12-09 07:37:11', '2024-12-09 07:36:40'),
(192, 'JULIAN', 'PUSTELNIK', 264984276, 'jul5329@gmail.com', '1960-06-01', '2024-12-09 07:37:11', '2024-12-09 07:36:40'),
(193, 'ALAN', 'NAJDER', 274348254, 'ala6522@gmail.com', '1989-08-04', '2024-12-09 07:37:11', '2024-12-09 07:36:40'),
(194, 'DARIUSZ', 'SZCZEPKOWSKI', 479184428, 'dar5618@gmail.com', '1956-09-11', '2024-12-09 07:37:11', '2024-12-09 07:36:40'),
(195, 'LUDWIK', 'JURECKI', 489390337, 'lud4530@gmail.com', '1972-08-18', '2024-12-09 07:37:11', '2024-12-09 07:36:40'),
(196, 'WIESŁAW', 'POWROŹNIK', 423639095, 'wie6876@gmail.com', '1942-03-09', '2024-12-09 07:37:11', '2024-12-09 07:36:40'),
(197, 'ZDZISŁAW', 'FICEK', 735792323, 'zdz3010@gmail.com', '1987-08-26', '2024-12-09 07:37:11', '2024-12-09 07:36:40'),
(198, 'MARCIN', 'FALIŃSKI', 564448547, 'mar9511@gmail.com', '1968-11-17', '2024-12-09 07:37:11', '2024-12-09 07:36:40'),
(199, 'DAMIAN', 'DOLECKI', 355069080, 'dam6754@gmail.com', '1957-01-08', '2024-12-09 07:37:11', '2024-12-09 07:36:40'),
(200, 'ADAM', 'TEPER', 760305053, 'ada2496@gmail.com', '1943-06-26', '2024-12-09 07:37:11', '2024-12-09 07:36:40'),
(201, 'EDWARD', 'SAMBOR', 984032647, 'edw3584@gmail.com', '1993-01-01', '2024-12-09 07:37:11', '2024-12-09 07:36:40'),
(202, 'DARIUSZ', 'ADAMUS', 503364569, 'dar6182@gmail.com', '1980-07-21', '2024-12-09 07:37:11', '2024-12-09 07:36:40'),
(203, 'IGNACY', 'WĄŻ', 761933964, 'ign2521@gmail.com', '1946-07-25', '2024-12-09 07:37:11', '2024-12-09 07:36:40'),
(204, 'IGOR', 'FELIKS', 786483479, 'igo8809@gmail.com', '1960-11-24', '2024-12-09 07:37:11', '2024-12-09 07:36:40'),
(205, 'ŁUKASZ', 'SAŁATA', 799454026, 'łuk4539@gmail.com', '1953-10-14', '2024-12-09 07:37:11', '2024-12-09 07:36:40'),
(206, 'PAWEŁ', 'GRYGORUK', 322576857, 'paw4625@gmail.com', '1988-02-09', '2024-12-09 07:37:11', '2024-12-09 07:36:40'),
(207, 'SZYMON', 'GRZANKA', 607059823, 'szy9731@gmail.com', '1948-02-21', '2024-12-09 07:37:11', '2024-12-09 07:36:40'),
(208, 'DARIUSZ', 'TURKIEWICZ', 542241313, 'dar5811@gmail.com', '1972-12-04', '2024-12-09 07:37:11', '2024-12-09 07:36:40'),
(209, 'KONRAD', 'GRUDZIEŃ', 596164880, 'kon1955@gmail.com', '1992-09-03', '2024-12-09 07:37:11', '2024-12-09 07:36:40'),
(210, 'WŁADYSŁAW', 'GAWRYŚ', 242467216, 'wła3392@gmail.com', '1943-12-27', '2024-12-09 07:37:11', '2024-12-09 07:36:40'),
(211, 'EDWARD', 'ŚWIERCZ', 904343591, 'edw3930@gmail.com', '1942-06-19', '2024-12-09 07:37:11', '2024-12-09 07:36:40'),
(212, 'JAROSŁAW', 'DYRCZ', 730810937, 'jar3690@gmail.com', '1946-04-14', '2024-12-09 07:37:11', '2024-12-09 07:36:40'),
(213, 'JÓZEF', 'TUTAK', 477000782, 'józ8958@gmail.com', '1963-11-27', '2024-12-09 07:37:11', '2024-12-09 07:36:40'),
(214, 'LECH', 'SULIKOWSKI', 606518322, 'lec8605@gmail.com', '1962-12-11', '2024-12-09 07:37:11', '2024-12-09 07:36:40'),
(215, 'ANTONI', 'BUDEK', 237403776, 'ant1072@gmail.com', '1999-03-01', '2024-12-09 07:37:11', '2024-12-09 07:36:40'),
(216, 'WOJCIECH', 'DANIEL', 607817295, 'woj3837@gmail.com', '1954-07-21', '2024-12-09 07:37:11', '2024-12-09 07:36:40'),
(217, 'MICHAŁ', 'WALISZEWSKI', 602149407, 'mic5248@gmail.com', '1950-10-03', '2024-12-09 07:37:11', '2024-12-09 07:36:40'),
(218, 'STANISŁAW', 'ŁUKAWSKI', 356675167, 'sta6877@gmail.com', '1943-04-27', '2024-12-09 07:37:11', '2024-12-09 07:36:40'),
(219, 'JANUSZ', 'GORCZYŃSKI', 262179027, 'jan6662@gmail.com', '1970-10-19', '2024-12-09 07:37:11', '2024-12-09 07:36:40'),
(220, 'JANUSZ', 'PELC', 132798348, 'jan5922@gmail.com', '1994-02-20', '2024-12-09 07:37:11', '2024-12-09 07:36:40'),
(221, 'MARCIN', 'GOZDEK', 580649188, 'mar3443@gmail.com', '1981-10-23', '2024-12-09 07:37:11', '2024-12-09 07:36:40'),
(222, 'EDWARD', 'PONIATOWSKI', 387798795, 'edw1428@gmail.com', '1975-10-16', '2024-12-09 07:37:11', '2024-12-09 07:36:40'),
(223, 'MIKOŁAJ', 'CHOWANIEC', 573592088, 'mik7056@gmail.com', '1944-08-27', '2024-12-09 07:37:11', '2024-12-09 07:36:40'),
(224, 'KAZIMIERZ', 'STEPANOV', 567940627, 'kaz7329@gmail.com', '1941-12-28', '2024-12-09 07:37:11', '2024-12-09 07:36:40'),
(225, 'WACŁAW', 'OLESZEK', 780686715, 'wac1516@gmail.com', '1955-05-01', '2024-12-09 07:37:11', '2024-12-09 07:36:40'),
(226, 'KRZYSZTOF', 'KOWOLIK', 315143094, 'krz5029@gmail.com', '1995-09-27', '2024-12-09 07:37:11', '2024-12-09 07:36:40'),
(227, 'GRZEGORZ', 'TYCZYŃSKI', 919022571, 'grz5882@gmail.com', '2000-07-16', '2024-12-09 07:37:11', '2024-12-09 07:36:40'),
(228, 'DAWID', 'DUDZIK', 405492721, 'daw7256@gmail.com', '1978-04-10', '2024-12-09 07:37:11', '2024-12-09 07:36:40'),
(229, 'WIESŁAW', 'SYTA', 709638803, 'wie5077@gmail.com', '1953-05-21', '2024-12-09 07:37:11', '2024-12-09 07:36:40'),
(230, 'EDWARD', 'NAWROCKI', 273314775, 'edw2865@gmail.com', '1983-04-05', '2024-12-09 07:37:11', '2024-12-09 07:36:40'),
(231, 'LECH', 'ŁAWICKI', 909881580, 'lec7753@gmail.com', '1943-10-13', '2024-12-09 07:37:11', '2024-12-09 07:36:40'),
(232, 'LUCJAN', 'NAWRAT', 440615856, 'luc8326@gmail.com', '2003-12-14', '2024-12-09 07:37:11', '2024-12-09 07:36:40'),
(233, 'DAMIAN', 'PIECZONKA', 422563975, 'dam2544@gmail.com', '1991-01-28', '2024-12-09 07:37:11', '2024-12-09 07:36:40'),
(234, 'CEZARY', 'GÓRECKI', 961633774, 'cez5623@gmail.com', '2002-07-20', '2024-12-09 07:37:11', '2024-12-09 07:36:40'),
(235, 'IGNACY', 'OLEŚ', 203419895, 'ign7697@gmail.com', '1979-12-05', '2024-12-09 07:37:11', '2024-12-09 07:36:40'),
(236, 'ŁUKASZ', 'JANUS', 272737112, 'łuk2906@gmail.com', '2003-09-01', '2024-12-09 07:37:11', '2024-12-09 07:36:40'),
(237, 'DANIEL', 'TARKA', 107836992, 'dan4126@gmail.com', '2004-04-13', '2024-12-09 07:37:11', '2024-12-09 07:36:40'),
(238, 'LUCJAN', 'PRZYWARA', 414569554, 'luc6316@gmail.com', '1974-03-13', '2024-12-09 07:37:11', '2024-12-09 07:36:40'),
(239, 'MIECZYSŁAW', 'OSIECKI', 475784207, 'mie6577@gmail.com', '1998-03-24', '2024-12-09 07:37:11', '2024-12-09 07:36:40'),
(240, 'WACŁAW', 'BIELAWA', 494131769, 'wac4593@gmail.com', '1978-02-04', '2024-12-09 07:37:11', '2024-12-09 07:36:40'),
(241, 'MICHAŁ', 'ROMANOWICZ', 413050217, 'mic7809@gmail.com', '1979-10-22', '2024-12-09 07:37:11', '2024-12-09 07:36:40'),
(242, 'ALAN', 'LEWKOWICZ', 950016363, 'ala5217@gmail.com', '1950-04-05', '2024-12-09 07:37:11', '2024-12-09 07:36:40'),
(243, 'MACIEJ', 'TURCZYN', 189650930, 'mac8906@gmail.com', '1944-01-14', '2024-12-09 07:37:11', '2024-12-09 07:36:40'),
(244, 'ZBIGNIEW', 'RUSIECKI', 784999551, 'zbi7080@gmail.com', '1951-10-01', '2024-12-09 07:37:11', '2024-12-09 07:36:40'),
(245, 'IGOR', 'GRZESZCZYK', 759382988, 'igo8409@gmail.com', '1960-09-27', '2024-12-09 07:37:11', '2024-12-09 07:36:40'),
(246, 'CEZARY', 'DĘBSKI', 483452576, 'cez1167@gmail.com', '2004-08-16', '2024-12-09 07:37:11', '2024-12-09 07:36:40'),
(247, 'WOJCIECH', 'MERTA', 455924949, 'woj2803@gmail.com', '1984-07-14', '2024-12-09 07:37:11', '2024-12-09 07:36:40'),
(248, 'WIESŁAW', 'KŁECZEK', 177884934, 'wie7784@gmail.com', '1970-10-27', '2024-12-09 07:37:11', '2024-12-09 07:36:40'),
(249, 'SYLWESTER', 'SZYMAŃSKI', 306372267, 'syl6906@gmail.com', '1965-04-13', '2024-12-09 07:37:11', '2024-12-09 07:36:40'),
(250, 'ANTONI', 'RUCKI', 400992068, 'ant4553@gmail.com', '1948-02-22', '2024-12-09 07:37:11', '2024-12-09 07:36:40'),
(257, 'adminek', 'adminkowy', NULL, NULL, NULL, '2024-12-09 07:37:11', '2024-12-09 07:36:40');

-- --------------------------------------------------------

--
-- Table structure for table `uzytkownicy`
--

CREATE TABLE `uzytkownicy` (
  `id` int(11) NOT NULL,
  `email` varchar(100) NOT NULL,
  `haslo` varchar(255) NOT NULL,
  `aktywne` tinyint(1) NOT NULL DEFAULT 0,
  `pracownik` tinyint(1) NOT NULL,
  `id_klienta` int(11) DEFAULT NULL,
  `kod_aktywacyjny` varchar(32) NOT NULL,
  `kod_waznosc` datetime DEFAULT NULL,
  `utworzony` timestamp NOT NULL DEFAULT current_timestamp(),
  `edytowany` timestamp NOT NULL DEFAULT current_timestamp() ON UPDATE current_timestamp()
) ENGINE=InnoDB DEFAULT CHARSET=utf8mb4 COLLATE=utf8mb4_polish_ci;

--
-- Dumping data for table `uzytkownicy`
--

INSERT INTO `uzytkownicy` (`id`, `email`, `haslo`, `aktywne`, `pracownik`, `id_klienta`, `kod_aktywacyjny`, `kod_waznosc`, `utworzony`, `edytowany`) VALUES
(1, 'admin', '$2a$10$F.Dt638GmBY8Eh6bxpiRT.U19D3ZIWe0hNnx/KL32yu/xYeLbFj0a', 1, 1, 257, '', NULL, '2024-12-09 07:37:59', '2024-12-09 07:37:39'),
(2, 'test@test.com', '$2a$10$KkhDLjo.pMQrJH5FGcUu2O4V2vzCUD/CnBcYm2L5Vn5wKCGmSxzc2', 1, 1, 1, '', NULL, '2024-12-09 07:37:59', '2024-12-09 07:37:39'),
(5, 'jul1623@gmail.com', '$2y$10$tH/QkTkAVbW/qPRcFj32deucnMWCWZbBQI3PVXgQ1Dh2Cbm00BAFq', 1, 0, 3, '', NULL, '2024-12-09 07:37:59', '2024-12-09 07:37:39');

-- --------------------------------------------------------

--
-- Table structure for table `wypozyczenia`
--

CREATE TABLE `wypozyczenia` (
  `id` int(11) NOT NULL,
  `id_auta` int(11) NOT NULL,
  `id_klienta` int(11) NOT NULL,
  `data_wypozyczenia` datetime NOT NULL,
  `data_zwrotu` datetime DEFAULT NULL,
  `cena` int(11) DEFAULT NULL,
  `edytowany` timestamp NOT NULL DEFAULT current_timestamp() ON UPDATE current_timestamp(),
  `utworzony` timestamp NOT NULL DEFAULT current_timestamp()
) ENGINE=InnoDB DEFAULT CHARSET=utf8 COLLATE=utf8_bin;

--
-- Dumping data for table `wypozyczenia`
--

INSERT INTO `wypozyczenia` (`id`, `id_auta`, `id_klienta`, `data_wypozyczenia`, `data_zwrotu`, `cena`, `edytowany`, `utworzony`) VALUES
(1, 40, 228, '2022-10-08 07:10:20', '2022-10-20 02:10:51', 8247, '2024-12-09 07:39:21', '2024-12-09 07:38:59'),
(2, 153, 165, '2022-08-06 03:08:22', '2022-08-16 04:08:35', 7629, '2024-12-09 07:39:21', '2024-12-09 07:38:59'),
(3, 84, 176, '2022-03-30 10:03:18', '2022-04-06 03:04:25', 2681, '2024-12-09 07:39:21', '2024-12-09 07:38:59'),
(4, 129, 110, '2022-05-07 03:05:45', '2022-05-19 06:05:35', 3786, '2024-12-09 07:39:21', '2024-12-09 07:38:59'),
(5, 178, 183, '2022-10-07 11:10:57', '2022-10-14 11:10:33', 6754, '2024-12-09 07:39:21', '2024-12-09 07:38:59'),
(6, 54, 55, '2022-01-06 04:01:35', '2022-01-15 09:01:23', 6424, '2024-12-09 07:39:21', '2024-12-09 07:38:59'),
(7, 1, 37, '2022-10-30 04:10:39', '2022-11-04 11:11:35', 2642, '2024-12-09 07:39:21', '2024-12-09 07:38:59'),
(8, 60, 161, '2022-02-01 07:02:05', '2022-02-13 04:02:26', 5951, '2024-12-09 07:39:21', '2024-12-09 07:38:59'),
(9, 45, 22, '2022-11-07 05:11:49', '2022-11-18 03:11:34', 2086, '2024-12-09 07:39:21', '2024-12-09 07:38:59'),
(10, 163, 13, '2022-09-25 07:09:09', '2022-10-04 04:10:23', 3539, '2024-12-09 07:39:21', '2024-12-09 07:38:59'),
(11, 63, 164, '2022-06-14 12:06:19', '2022-06-24 02:06:12', 4236, '2024-12-09 07:39:21', '2024-12-09 07:38:59'),
(12, 103, 7, '2022-04-19 11:04:23', '2022-04-21 08:04:34', 475, '2024-12-09 07:39:21', '2024-12-09 07:38:59'),
(13, 28, 126, '2022-04-25 10:04:49', '2022-04-30 02:04:36', 3274, '2024-12-09 07:39:21', '2024-12-09 07:38:59'),
(14, 136, 190, '2022-02-25 04:02:22', '2022-03-09 07:03:20', 8831, '2024-12-09 07:39:21', '2024-12-09 07:38:59'),
(15, 128, 221, '2022-04-08 05:04:59', '2022-04-14 01:04:37', 2339, '2024-12-09 07:39:21', '2024-12-09 07:38:59'),
(16, 47, 123, '2022-05-18 08:05:26', '2022-05-23 12:05:58', 1866, '2024-12-09 07:39:21', '2024-12-09 07:38:59'),
(17, 13, 47, '2022-09-14 11:09:17', '2022-09-25 06:09:25', 3081, '2024-12-09 07:39:21', '2024-12-09 07:38:59'),
(18, 24, 31, '2022-06-07 08:06:22', '2022-06-19 06:06:15', 7151, '2024-12-09 07:39:21', '2024-12-09 07:38:59'),
(19, 22, 216, '2022-03-05 06:03:13', '2022-03-09 10:03:57', 1397, '2024-12-09 07:39:21', '2024-12-09 07:38:59'),
(20, 10, 108, '2022-01-05 09:01:52', '2022-01-13 03:01:41', 1553, '2024-12-09 07:39:21', '2024-12-09 07:38:59'),
(21, 181, 103, '2022-08-24 11:08:51', '2022-09-07 04:09:45', 5485, '2024-12-09 07:39:21', '2024-12-09 07:38:59'),
(22, 16, 169, '2022-06-10 07:06:34', '2022-06-20 05:06:41', 6945, '2024-12-09 07:39:21', '2024-12-09 07:38:59'),
(23, 69, 71, '2022-04-09 11:04:00', '2022-04-13 01:04:39', 2031, '2024-12-09 07:39:21', '2024-12-09 07:38:59'),
(24, 177, 72, '2022-01-13 11:01:49', '2022-01-24 02:01:36', 5555, '2024-12-09 07:39:21', '2024-12-09 07:38:59'),
(25, 114, 211, '2022-11-05 03:11:33', '2022-11-16 06:11:30', 11124, '2024-12-09 07:39:21', '2024-12-09 07:38:59'),
(26, 2, 29, '2022-10-20 07:10:26', '2022-10-22 10:10:32', 1066, '2024-12-09 07:39:21', '2024-12-09 07:38:59'),
(27, 116, 185, '2022-09-05 09:09:58', '2022-09-18 05:09:21', 11530, '2024-12-09 07:39:21', '2024-12-09 07:38:59'),
(28, 173, 139, '2022-07-25 12:07:03', '2022-08-02 07:08:19', 4402, '2024-12-09 07:39:21', '2024-12-09 07:38:59'),
(29, 183, 145, '2022-06-29 07:06:19', '2022-07-07 09:07:25', 2420, '2024-12-09 07:39:21', '2024-12-09 07:38:59'),
(30, 12, 34, '2022-11-06 09:11:25', '2022-11-19 04:11:20', 10633, '2024-12-09 07:39:21', '2024-12-09 07:38:59'),
(31, 156, 45, '2022-08-03 01:08:18', '2022-08-08 09:08:49', 2335, '2024-12-09 07:39:21', '2024-12-09 07:38:59'),
(32, 105, 89, '2022-04-03 10:04:53', '2022-04-10 05:04:33', 6090, '2024-12-09 07:39:21', '2024-12-09 07:38:59'),
(33, 115, 137, '2022-03-11 02:03:29', '2022-03-21 07:03:04', 8180, '2024-12-09 07:39:21', '2024-12-09 07:38:59'),
(34, 35, 67, '2022-10-03 03:10:27', '2022-10-13 09:10:00', 6158, '2024-12-09 07:39:21', '2024-12-09 07:38:59'),
(35, 87, 48, '2022-12-14 11:12:25', '2022-12-16 10:12:08', 2209, '2024-12-09 07:39:21', '2024-12-09 07:38:59'),
(36, 192, 155, '2022-09-21 02:09:44', '2022-10-01 05:10:37', 6066, '2024-12-09 07:39:21', '2024-12-09 07:38:59'),
(37, 9, 68, '2022-02-25 06:02:31', '2022-03-05 12:03:42', 4130, '2024-12-09 07:39:21', '2024-12-09 07:38:59'),
(38, 19, 210, '2022-09-11 10:09:26', '2022-09-17 08:09:30', 5914, '2024-12-09 07:39:21', '2024-12-09 07:38:59'),
(39, 11, 15, '2022-06-04 04:06:21', '2022-06-17 08:06:01', 8189, '2024-12-09 07:39:21', '2024-12-09 07:38:59'),
(40, 80, 19, '2022-10-23 08:10:16', '2022-11-06 04:11:52', 9705, '2024-12-09 07:39:21', '2024-12-09 07:38:59'),
(41, 125, 23, '2022-12-02 05:12:05', '2022-12-12 01:12:01', 4908, '2024-12-09 07:39:21', '2024-12-09 07:38:59'),
(42, 145, 11, '2022-04-03 07:04:31', '2022-04-08 07:04:52', 1805, '2024-12-09 07:39:21', '2024-12-09 07:38:59'),
(43, 148, 212, '2022-08-06 11:08:20', '2022-08-12 01:08:48', 1820, '2024-12-09 07:39:21', '2024-12-09 07:38:59'),
(44, 15, 63, '2022-05-05 04:05:38', '2022-05-15 05:05:18', 8567, '2024-12-09 07:39:21', '2024-12-09 07:38:59'),
(45, 161, 82, '2022-07-09 06:07:53', '2022-07-13 09:07:36', 2520, '2024-12-09 07:39:21', '2024-12-09 07:38:59'),
(46, 4, 247, '2022-08-30 12:08:12', '2022-09-11 02:09:23', 10882, '2024-12-09 07:39:21', '2024-12-09 07:38:59'),
(47, 44, 122, '2022-02-25 03:02:40', '2022-03-07 02:03:13', 5966, '2024-12-09 07:39:21', '2024-12-09 07:38:59'),
(48, 50, 237, '2022-02-08 02:02:40', '2022-02-11 05:02:31', 2358, '2024-12-09 07:39:21', '2024-12-09 07:38:59'),
(49, 61, 33, '2022-10-26 02:10:39', '2022-10-31 06:10:41', 3646, '2024-12-09 07:39:21', '2024-12-09 07:38:59'),
(50, 3, 52, '2022-02-05 01:02:58', '2022-02-17 12:02:09', 6889, '2024-12-09 07:39:21', '2024-12-09 07:38:59'),
(51, 119, 195, '2022-05-10 07:05:24', '2022-05-19 05:05:38', 4204, '2024-12-09 07:39:21', '2024-12-09 07:38:59'),
(52, 165, 130, '2022-09-08 02:09:31', '2022-09-20 02:09:46', 5001, '2024-12-09 07:39:21', '2024-12-09 07:38:59'),
(53, 33, 96, '2022-02-05 12:02:54', '2022-02-14 06:02:56', 1748, '2024-12-09 07:39:21', '2024-12-09 07:38:59'),
(54, 199, 119, '2022-11-22 10:11:07', '2022-11-26 11:11:13', 3168, '2024-12-09 07:39:21', '2024-12-09 07:38:59'),
(55, 113, 241, '2022-03-02 03:03:26', '2022-03-05 09:03:28', 825, '2024-12-09 07:39:21', '2024-12-09 07:38:59'),
(56, 142, 66, '2022-06-16 05:06:46', '2022-06-27 11:06:41', 11219, '2024-12-09 07:39:21', '2024-12-09 07:38:59'),
(57, 55, 203, '2022-08-28 10:08:54', '2022-09-10 04:09:00', 3981, '2024-12-09 07:39:21', '2024-12-09 07:38:59'),
(58, 160, 152, '2022-09-12 10:09:19', '2022-09-25 04:09:42', 8920, '2024-12-09 07:39:21', '2024-12-09 07:38:59'),
(59, 58, 202, '2022-10-06 09:10:43', '2022-10-11 06:10:23', 3903, '2024-12-09 07:39:21', '2024-12-09 07:38:59'),
(60, 85, 3, '2022-10-21 05:10:19', '2022-10-31 05:10:46', 5263, '2024-12-09 07:39:21', '2024-12-09 07:38:59'),
(61, 122, 213, '2022-04-29 10:04:29', '2022-05-06 07:05:45', 2069, '2024-12-09 07:39:21', '2024-12-09 07:38:59'),
(62, 67, 200, '2022-04-18 06:04:45', '2022-04-24 06:04:20', 3015, '2024-12-09 07:39:21', '2024-12-09 07:38:59'),
(63, 29, 14, '2022-06-13 05:06:26', '2022-06-22 01:06:59', 5302, '2024-12-09 07:39:21', '2024-12-09 07:38:59'),
(64, 191, 97, '2022-04-19 05:04:07', '2022-04-22 10:04:34', 963, '2024-12-09 07:39:21', '2024-12-09 07:38:59'),
(65, 159, 100, '2022-08-31 08:08:23', '2022-09-11 09:09:20', 11524, '2024-12-09 07:39:21', '2024-12-09 07:38:59'),
(66, 104, 70, '2022-04-25 08:04:54', '2022-04-28 02:04:50', 645, '2024-12-09 07:39:21', '2024-12-09 07:38:59'),
(67, 193, 24, '2022-09-13 04:09:15', '2022-09-18 10:09:11', 4614, '2024-12-09 07:39:21', '2024-12-09 07:38:59'),
(68, 76, 104, '2022-05-27 07:05:08', '2022-06-07 10:06:48', 8912, '2024-12-09 07:39:21', '2024-12-09 07:38:59'),
(69, 102, 76, '2022-02-07 12:02:08', '2022-02-16 09:02:00', 3944, '2024-12-09 07:39:21', '2024-12-09 07:38:59'),
(70, 100, 239, '2022-01-15 08:01:10', '2022-01-19 09:01:26', 1825, '2024-12-09 07:39:21', '2024-12-09 07:38:59'),
(71, 133, 83, '2022-03-29 12:03:32', '2022-04-01 08:04:32', 664, '2024-12-09 07:39:21', '2024-12-09 07:38:59'),
(72, 46, 124, '2022-09-17 08:09:04', '2022-09-30 12:09:39', 9721, '2024-12-09 07:39:21', '2024-12-09 07:38:59'),
(73, 174, 79, '2022-06-10 03:06:47', '2022-06-20 12:06:35', 2963, '2024-12-09 07:39:21', '2024-12-09 07:38:59'),
(74, 71, 193, '2022-02-21 10:02:46', '2022-02-24 03:02:09', 1897, '2024-12-09 07:39:21', '2024-12-09 07:38:59'),
(75, 62, 181, '2022-04-30 01:04:19', '2022-05-13 01:05:15', 8752, '2024-12-09 07:39:21', '2024-12-09 07:38:59'),
(76, 72, 244, '2022-03-24 09:03:27', '2022-03-30 07:03:09', 5281, '2024-12-09 07:39:21', '2024-12-09 07:38:59'),
(77, 134, 199, '2022-06-27 05:06:09', '2022-07-02 10:07:25', 1142, '2024-12-09 07:39:21', '2024-12-09 07:38:59'),
(78, 168, 91, '2022-11-05 01:11:45', '2022-11-15 06:11:55', 9620, '2024-12-09 07:39:21', '2024-12-09 07:38:59'),
(79, 172, 182, '2022-11-27 01:11:05', '2022-12-02 11:12:01', 4721, '2024-12-09 07:39:21', '2024-12-09 07:38:59'),
(80, 43, 154, '2022-06-29 06:06:25', '2022-07-07 09:07:20', 3458, '2024-12-09 07:39:21', '2024-12-09 07:38:59'),
(81, 7, 85, '2022-10-17 08:10:58', '2022-10-26 10:10:35', 3823, '2024-12-09 07:39:21', '2024-12-09 07:38:59'),
(82, 135, 235, '2022-02-03 09:02:00', '2022-02-13 10:02:25', 2009, '2024-12-09 07:39:21', '2024-12-09 07:38:59'),
(83, 68, 84, '2022-05-23 07:05:12', '2022-05-28 09:05:09', 3660, '2024-12-09 07:39:21', '2024-12-09 07:38:59'),
(84, 14, 151, '2022-06-02 04:06:56', '2022-06-04 06:06:14', 838, '2024-12-09 07:39:21', '2024-12-09 07:38:59'),
(85, 92, 125, '2022-01-13 11:01:22', '2022-01-27 11:01:31', 2694, '2024-12-09 07:39:21', '2024-12-09 07:38:59'),
(86, 146, 116, '2022-03-29 05:03:26', '2022-04-12 05:04:01', 13523, '2024-12-09 07:39:21', '2024-12-09 07:38:59'),
(87, 120, 81, '2022-01-03 07:01:02', '2022-01-09 03:01:10', 1750, '2024-12-09 07:39:21', '2024-12-09 07:38:59'),
(88, 99, 121, '2022-11-25 01:11:08', '2022-12-05 11:12:08', 8302, '2024-12-09 07:39:21', '2024-12-09 07:38:59'),
(89, 73, 61, '2022-06-02 06:06:58', '2022-06-11 10:06:43', 8691, '2024-12-09 07:39:21', '2024-12-09 07:38:59'),
(90, 144, 191, '2022-06-09 08:06:28', '2022-06-18 01:06:13', 4352, '2024-12-09 07:39:21', '2024-12-09 07:38:59'),
(91, 143, 186, '2022-10-08 12:10:17', '2022-10-11 06:10:08', 645, '2024-12-09 07:39:21', '2024-12-09 07:38:59'),
(92, 30, 46, '2022-09-16 10:09:03', '2022-09-18 11:09:09', 816, '2024-12-09 07:39:21', '2024-12-09 07:38:59'),
(93, 169, 75, '2022-03-11 06:03:16', '2022-03-23 08:03:17', 12604, '2024-12-09 07:39:21', '2024-12-09 07:38:59'),
(94, 176, 233, '2022-08-28 11:08:51', '2022-09-02 03:09:52', 4143, '2024-12-09 07:39:21', '2024-12-09 07:38:59'),
(95, 77, 50, '2022-10-17 09:10:13', '2022-10-21 04:10:55', 3769, '2024-12-09 07:39:21', '2024-12-09 07:38:59'),
(96, 155, 40, '2022-07-23 11:07:52', '2022-07-29 12:07:01', 2779, '2024-12-09 07:39:21', '2024-12-09 07:38:59'),
(97, 175, 248, '2022-07-10 06:07:06', '2022-07-23 07:07:01', 6538, '2024-12-09 07:39:21', '2024-12-09 07:38:59'),
(98, 81, 141, '2022-06-11 02:06:59', '2022-06-17 01:06:14', 5955, '2024-12-09 07:39:21', '2024-12-09 07:38:59'),
(99, 157, 175, '2022-08-15 10:08:40', '2022-08-17 11:08:31', 1270, '2024-12-09 07:39:21', '2024-12-09 07:38:59'),
(100, 190, 240, '2022-09-20 07:09:50', '2022-09-26 10:09:14', 3986, '2024-12-09 07:39:21', '2024-12-09 07:38:59'),
(101, 90, 43, '2022-05-23 01:05:15', '2022-06-01 09:06:21', 2653, '2024-12-09 07:39:21', '2024-12-09 07:38:59'),
(102, 150, 156, '2022-09-29 10:09:14', '2022-10-06 02:10:39', 1336, '2024-12-09 07:39:21', '2024-12-09 07:38:59'),
(103, 124, 205, '2022-12-29 04:12:20', '2023-01-02 05:01:58', 1617, '2024-12-09 07:39:21', '2024-12-09 07:38:59'),
(104, 6, 215, '2022-06-03 11:06:21', '2022-06-08 11:06:56', 2491, '2024-12-09 07:39:21', '2024-12-09 07:38:59'),
(105, 23, 142, '2022-06-04 09:06:12', '2022-06-18 05:06:21', 13332, '2024-12-09 07:39:21', '2024-12-09 07:38:59'),
(106, 112, 171, '2022-03-07 09:03:11', '2022-03-17 05:03:18', 3939, '2024-12-09 07:39:21', '2024-12-09 07:38:59'),
(107, 36, 225, '2022-11-02 01:11:15', '2022-11-14 08:11:01', 4911, '2024-12-09 07:39:21', '2024-12-09 07:38:59'),
(108, 131, 138, '2022-10-22 06:10:34', '2022-10-24 06:10:19', 1214, '2024-12-09 07:39:21', '2024-12-09 07:38:59'),
(109, 198, 53, '2022-08-17 12:08:21', '2022-08-28 02:08:34', 5290, '2024-12-09 07:39:21', '2024-12-09 07:38:59'),
(110, 39, 194, '2022-10-07 12:10:48', '2022-10-18 05:10:30', 7505, '2024-12-09 07:39:21', '2024-12-09 07:38:59'),
(111, 20, 227, '2022-09-30 03:09:12', '2022-10-03 12:10:03', 2022, '2024-12-09 07:39:21', '2024-12-09 07:38:59'),
(112, 17, 198, '2022-12-23 10:12:49', '2022-12-27 09:12:54', 3578, '2024-12-09 07:39:21', '2024-12-09 07:38:59'),
(113, 101, 109, '2022-12-28 04:12:31', '2022-12-31 02:12:20', 973, '2024-12-09 07:39:21', '2024-12-09 07:38:59'),
(114, 96, 49, '2022-12-01 10:12:35', '2022-12-15 06:12:54', 8017, '2024-12-09 07:39:21', '2024-12-09 07:38:59'),
(115, 88, 117, '2022-03-29 11:03:30', '2022-04-03 05:04:30', 1050, '2024-12-09 07:39:21', '2024-12-09 07:38:59'),
(116, 42, 56, '2022-05-16 08:05:05', '2022-05-25 08:05:36', 8112, '2024-12-09 07:39:21', '2024-12-09 07:38:59'),
(117, 34, 77, '2022-09-08 02:09:00', '2022-09-11 12:09:32', 2922, '2024-12-09 07:39:21', '2024-12-09 07:38:59'),
(118, 138, 115, '2022-11-02 12:11:53', '2022-11-09 09:11:53', 3932, '2024-12-09 07:39:21', '2024-12-09 07:38:59'),
(119, 91, 132, '2022-04-29 07:04:16', '2022-05-09 01:05:42', 8335, '2024-12-09 07:39:21', '2024-12-09 07:38:59'),
(120, 152, 219, '2022-07-25 10:07:11', '2022-08-06 10:08:56', 3605, '2024-12-09 07:39:21', '2024-12-09 07:38:59'),
(121, 108, 159, '2022-08-09 03:08:45', '2022-08-20 03:08:04', 7362, '2024-12-09 07:39:21', '2024-12-09 07:38:59'),
(122, 78, 10, '2022-09-25 03:09:23', '2022-10-01 06:10:30', 5036, '2024-12-09 07:39:21', '2024-12-09 07:38:59'),
(123, 94, 229, '2022-08-10 12:08:53', '2022-08-17 08:08:43', 4681, '2024-12-09 07:39:21', '2024-12-09 07:38:59'),
(124, 139, 80, '2022-12-15 01:12:30', '2022-12-22 09:12:25', 3418, '2024-12-09 07:39:21', '2024-12-09 07:38:59'),
(125, 194, 26, '2022-08-13 04:08:29', '2022-08-19 03:08:24', 1793, '2024-12-09 07:39:21', '2024-12-09 07:38:59'),
(126, 149, 173, '2022-06-01 02:06:53', '2022-06-13 03:06:19', 8428, '2024-12-09 07:39:21', '2024-12-09 07:38:59'),
(127, 164, 25, '2022-07-04 04:07:34', '2022-07-07 09:07:30', 1601, '2024-12-09 07:39:21', '2024-12-09 07:38:59'),
(128, 186, 120, '2022-10-09 11:10:00', '2022-10-14 01:10:51', 2550, '2024-12-09 07:39:21', '2024-12-09 07:38:59'),
(129, 140, 250, '2022-07-31 11:07:36', '2022-08-09 08:08:11', 6548, '2024-12-09 07:39:21', '2024-12-09 07:38:59'),
(130, 121, 201, '2022-10-12 07:10:44', '2022-10-18 05:10:56', 5129, '2024-12-09 07:39:21', '2024-12-09 07:38:59'),
(131, 107, 207, '2022-03-27 09:03:41', '2022-03-31 10:03:23', 1367, '2024-12-09 07:39:21', '2024-12-09 07:38:59'),
(132, 127, 187, '2022-05-29 01:05:59', '2022-06-11 07:06:07', 12395, '2024-12-09 07:39:21', '2024-12-09 07:38:59'),
(133, 57, 226, '2022-03-05 03:03:13', '2022-03-18 10:03:52', 10625, '2024-12-09 07:39:21', '2024-12-09 07:38:59'),
(134, 70, 160, '2022-10-28 10:10:24', '2022-11-01 08:11:36', 1343, '2024-12-09 07:39:21', '2024-12-09 07:38:59'),
(135, 141, 174, '2022-04-10 02:04:36', '2022-04-22 03:04:10', 3613, '2024-12-09 07:39:21', '2024-12-09 07:38:59'),
(136, 197, 188, '2022-12-28 03:12:20', '2023-01-02 01:01:01', 2961, '2024-12-09 07:39:21', '2024-12-09 07:38:59'),
(137, 167, 20, '2022-01-19 04:01:40', '2022-01-27 10:01:03', 3298, '2024-12-09 07:39:21', '2024-12-09 07:38:59'),
(138, 117, 44, '2022-01-22 06:01:47', '2022-02-03 02:02:40', 4723, '2024-12-09 07:39:21', '2024-12-09 07:38:59'),
(139, 147, 94, '2022-05-10 05:05:07', '2022-05-14 07:05:47', 1222, '2024-12-09 07:39:21', '2024-12-09 07:38:59'),
(140, 52, 214, '2022-09-26 06:09:25', '2022-09-29 05:09:15', 2639, '2024-12-09 07:39:21', '2024-12-09 07:38:59'),
(141, 195, 243, '2022-05-06 03:05:05', '2022-05-15 07:05:06', 8675, '2024-12-09 07:39:21', '2024-12-09 07:38:59'),
(142, 65, 41, '2022-11-30 09:11:15', '2022-12-07 10:12:32', 4221, '2024-12-09 07:39:21', '2024-12-09 07:38:59'),
(143, 179, 140, '2022-04-04 08:04:29', '2022-04-11 03:04:28', 2517, '2024-12-09 07:39:21', '2024-12-09 07:38:59'),
(144, 5, 42, '2022-02-28 11:02:11', '2022-03-08 05:03:43', 4641, '2024-12-09 07:39:21', '2024-12-09 07:38:59'),
(145, 109, 147, '2022-02-28 12:02:10', '2022-03-10 12:03:48', 6651, '2024-12-09 07:39:21', '2024-12-09 07:38:59'),
(146, 38, 180, '2022-10-11 07:10:01', '2022-10-18 06:10:05', 5814, '2024-12-09 07:39:21', '2024-12-09 07:38:59'),
(147, 83, 90, '2022-10-05 04:10:24', '2022-10-15 01:10:38', 4675, '2024-12-09 07:39:21', '2024-12-09 07:38:59'),
(148, 185, 9, '2022-04-03 08:04:27', '2022-04-12 05:04:19', 6683, '2024-12-09 07:39:21', '2024-12-09 07:38:59'),
(149, 21, 106, '2022-11-21 06:11:24', '2022-12-04 11:12:40', 4107, '2024-12-09 07:39:21', '2024-12-09 07:38:59'),
(150, 106, 112, '2022-03-19 07:03:06', '2022-03-23 05:03:49', 1569, '2024-12-09 07:39:21', '2024-12-09 07:38:59'),
(151, 194, 44, '2021-08-10 07:08:55', '2021-08-14 12:08:11', 968, '2024-12-09 07:39:21', '2024-12-09 07:38:59'),
(152, 132, 73, '2021-03-13 10:03:32', '2021-03-23 02:03:18', 8261, '2024-12-09 07:39:21', '2024-12-09 07:38:59'),
(153, 60, 76, '2021-03-28 08:03:43', '2021-04-02 05:04:17', 2435, '2024-12-09 07:39:21', '2024-12-09 07:38:59'),
(154, 177, 133, '2021-02-18 11:02:35', '2021-02-22 01:02:09', 2037, '2024-12-09 07:39:21', '2024-12-09 07:38:59'),
(155, 198, 156, '2021-01-06 04:01:35', '2021-01-16 08:01:55', 5068, '2024-12-09 07:39:21', '2024-12-09 07:38:59'),
(156, 43, 94, '2021-10-05 10:10:11', '2021-10-11 07:10:38', 2554, '2024-12-09 07:39:21', '2024-12-09 07:38:59'),
(157, 200, 190, '2021-05-23 12:05:43', '2021-05-29 05:05:45', 1713, '2024-12-09 07:39:21', '2024-12-09 07:38:59'),
(158, 98, 246, '2021-05-15 04:05:21', '2021-05-26 04:05:42', 4198, '2024-12-09 07:39:21', '2024-12-09 07:38:59'),
(159, 15, 128, '2021-01-11 03:01:18', '2021-01-20 04:01:45', 8605, '2024-12-09 07:39:21', '2024-12-09 07:38:59'),
(160, 174, 74, '2021-07-16 07:07:04', '2021-07-24 03:07:16', 2346, '2024-12-09 07:39:21', '2024-12-09 07:38:59'),
(161, 1, 32, '2021-10-21 06:10:49', '2021-10-28 10:10:43', 3592, '2024-12-09 07:39:21', '2024-12-09 07:38:59'),
(162, 77, 230, '2021-01-29 01:01:59', '2021-02-07 03:02:39', 8584, '2024-12-09 07:39:21', '2024-12-09 07:38:59'),
(163, 146, 171, '2021-12-24 06:12:13', '2022-01-04 02:01:17', 10856, '2024-12-09 07:39:21', '2024-12-09 07:38:59'),
(164, 138, 198, '2021-05-06 09:05:57', '2021-05-20 05:05:35', 6669, '2024-12-09 07:39:21', '2024-12-09 07:38:59'),
(165, 178, 124, '2021-03-22 02:03:50', '2021-03-28 06:03:21', 5969, '2024-12-09 07:39:21', '2024-12-09 07:38:59'),
(166, 31, 241, '2021-09-18 10:09:55', '2021-09-25 06:09:37', 2052, '2024-12-09 07:39:21', '2024-12-09 07:38:59'),
(167, 53, 200, '2021-09-26 07:09:58', '2021-10-02 04:10:00', 4111, '2024-12-09 07:39:21', '2024-12-09 07:38:59'),
(168, 3, 216, '2021-04-10 04:04:49', '2021-04-19 08:04:32', 5786, '2024-12-09 07:39:21', '2024-12-09 07:38:59'),
(169, 128, 204, '2021-04-24 08:04:48', '2021-04-27 11:04:49', 1453, '2024-12-09 07:39:21', '2024-12-09 07:38:59'),
(170, 5, 178, '2021-12-14 09:12:28', '2021-12-27 01:12:31', 7585, '2024-12-09 07:39:21', '2024-12-09 07:38:59'),
(171, 147, 59, '2021-11-16 10:11:32', '2021-11-21 07:11:37', 1459, '2024-12-09 07:39:21', '2024-12-09 07:38:59'),
(172, 9, 181, '2021-02-09 06:02:26', '2021-02-18 05:02:22', 4232, '2024-12-09 07:39:21', '2024-12-09 07:38:59'),
(173, 127, 111, '2021-03-30 03:03:36', '2021-04-05 09:04:42', 6088, '2024-12-09 07:39:21', '2024-12-09 07:38:59'),
(174, 102, 66, '2021-08-09 12:08:51', '2021-08-15 12:08:46', 2603, '2024-12-09 07:39:21', '2024-12-09 07:38:59'),
(175, 114, 139, '2021-05-19 12:05:13', '2021-05-24 07:05:37', 5286, '2024-12-09 07:39:21', '2024-12-09 07:38:59'),
(176, 36, 147, '2021-05-10 12:05:48', '2021-05-17 02:05:07', 3039, '2024-12-09 07:39:21', '2024-12-09 07:38:59'),
(177, 7, 194, '2021-09-05 09:09:23', '2021-09-14 11:09:55', 3633, '2024-12-09 07:39:21', '2024-12-09 07:38:59'),
(178, 186, 78, '2021-03-06 03:03:06', '2021-03-18 07:03:38', 6075, '2024-12-09 07:39:21', '2024-12-09 07:38:59'),
(179, 65, 143, '2021-07-06 01:07:27', '2021-07-09 04:07:59', 1861, '2024-12-09 07:39:21', '2024-12-09 07:38:59'),
(180, 120, 55, '2021-03-31 10:03:47', '2021-04-04 12:04:32', 1225, '2024-12-09 07:39:21', '2024-12-09 07:38:59'),
(181, 11, 6, '2021-03-08 03:03:32', '2021-03-18 04:03:31', 6025, '2024-12-09 07:39:21', '2024-12-09 07:38:59'),
(182, 122, 168, '2021-09-12 10:09:34', '2021-09-23 01:09:21', 3045, '2024-12-09 07:39:21', '2024-12-09 07:38:59'),
(183, 171, 38, '2021-04-13 10:04:29', '2021-04-23 03:04:43', 9162, '2024-12-09 07:39:21', '2024-12-09 07:38:59'),
(184, 27, 249, '2021-12-14 01:12:41', '2021-12-23 10:12:37', 7493, '2024-12-09 07:39:21', '2024-12-09 07:38:59'),
(185, 125, 72, '2021-08-23 05:08:24', '2021-08-27 06:08:30', 2253, '2024-12-09 07:39:21', '2024-12-09 07:38:59'),
(186, 157, 107, '2021-10-09 09:10:22', '2021-10-21 10:10:32', 6020, '2024-12-09 07:39:21', '2024-12-09 07:38:59'),
(187, 61, 136, '2021-10-14 11:10:02', '2021-10-22 01:10:20', 5293, '2024-12-09 07:39:21', '2024-12-09 07:38:59'),
(188, 29, 239, '2021-02-13 01:02:51', '2021-02-19 10:02:07', 3842, '2024-12-09 07:39:21', '2024-12-09 07:38:59'),
(189, 72, 187, '2021-12-30 10:12:43', '2022-01-03 10:01:01', 3160, '2024-12-09 07:39:21', '2024-12-09 07:38:59'),
(190, 123, 8, '2021-11-30 11:11:58', '2021-12-03 04:12:07', 1976, '2024-12-09 07:39:21', '2024-12-09 07:38:59'),
(191, 151, 189, '2021-06-18 06:06:19', '2021-06-21 10:06:34', 629, '2024-12-09 07:39:21', '2024-12-09 07:38:59'),
(192, 167, 120, '2021-06-28 11:06:06', '2021-07-11 05:07:57', 5096, '2024-12-09 07:39:21', '2024-12-09 07:38:59'),
(193, 140, 150, '2021-12-12 08:12:51', '2021-12-25 01:12:21', 9235, '2024-12-09 07:39:21', '2024-12-09 07:38:59'),
(194, 113, 15, '2021-07-24 06:07:03', '2021-07-31 02:07:20', 2053, '2024-12-09 07:39:21', '2024-12-09 07:38:59'),
(195, 73, 206, '2021-10-15 12:10:05', '2021-10-28 03:10:09', 11811, '2024-12-09 07:39:21', '2024-12-09 07:38:59'),
(196, 51, 35, '2021-11-25 05:11:58', '2021-12-03 02:12:20', 6679, '2024-12-09 07:39:21', '2024-12-09 07:38:59'),
(197, 95, 119, '2021-07-08 01:07:37', '2021-07-13 09:07:13', 3212, '2024-12-09 07:39:21', '2024-12-09 07:38:59'),
(198, 190, 12, '2021-12-20 01:12:45', '2021-12-25 02:12:16', 2732, '2024-12-09 07:39:21', '2024-12-09 07:38:59'),
(199, 33, 63, '2021-01-25 02:01:34', '2021-02-03 12:02:08', 1683, '2024-12-09 07:39:21', '2024-12-09 07:38:59'),
(200, 124, 20, '2021-11-16 10:11:29', '2021-11-19 03:11:58', 1080, '2024-12-09 07:39:21', '2024-12-09 07:38:59'),
(201, 176, 236, '2021-04-29 07:04:30', '2021-05-12 12:05:44', 12708, '2024-12-09 07:39:21', '2024-12-09 07:38:59'),
(202, 45, 85, '2021-10-04 09:10:19', '2021-10-13 08:10:59', 1792, '2024-12-09 07:39:21', '2024-12-09 07:38:59'),
(203, 52, 56, '2021-07-16 08:07:52', '2021-07-20 08:07:40', 3591, '2024-12-09 07:39:21', '2024-12-09 07:38:59'),
(204, 197, 34, '2021-04-28 02:04:34', '2021-05-05 05:05:09', 4576, '2024-12-09 07:39:21', '2024-12-09 07:38:59'),
(205, 26, 7, '2021-12-09 11:12:59', '2021-12-18 03:12:01', 4327, '2024-12-09 07:39:21', '2024-12-09 07:38:59'),
(206, 144, 9, '2021-01-22 05:01:10', '2021-02-04 07:02:59', 6790, '2024-12-09 07:39:21', '2024-12-09 07:38:59'),
(207, 115, 84, '2021-01-09 07:01:03', '2021-01-20 03:01:53', 8681, '2024-12-09 07:39:21', '2024-12-09 07:38:59'),
(208, 117, 170, '2021-05-20 04:05:57', '2021-05-23 05:05:55', 1011, '2024-12-09 07:39:21', '2024-12-09 07:38:59'),
(209, 152, 229, '2021-10-01 10:10:01', '2021-10-06 03:10:09', 1554, '2024-12-09 07:39:21', '2024-12-09 07:38:59'),
(210, 105, 69, '2021-04-03 02:04:00', '2021-04-14 02:04:49', 9891, '2024-12-09 07:39:21', '2024-12-09 07:38:59'),
(211, 196, 201, '2021-07-24 07:07:20', '2021-07-31 02:07:00', 3387, '2024-12-09 07:39:21', '2024-12-09 07:38:59'),
(212, 25, 174, '2021-01-06 11:01:12', '2021-01-10 11:01:39', 1987, '2024-12-09 07:39:21', '2024-12-09 07:38:59'),
(213, 141, 65, '2021-05-04 01:05:08', '2021-05-13 05:05:08', 2603, '2024-12-09 07:39:21', '2024-12-09 07:38:59'),
(214, 129, 102, '2021-07-13 04:07:17', '2021-07-15 02:07:44', 722, '2024-12-09 07:39:21', '2024-12-09 07:38:59'),
(215, 24, 248, '2021-07-13 02:07:38', '2021-07-17 10:07:38', 2600, '2024-12-09 07:39:21', '2024-12-09 07:38:59'),
(216, 131, 29, '2021-05-28 11:05:59', '2021-06-10 12:06:51', 7815, '2024-12-09 07:39:21', '2024-12-09 07:38:59'),
(217, 97, 141, '2021-04-30 01:04:43', '2021-05-03 02:05:52', 2131, '2024-12-09 07:39:21', '2024-12-09 07:38:59'),
(218, 96, 18, '2021-08-14 03:08:58', '2021-08-17 12:08:39', 2034, '2024-12-09 07:39:21', '2024-12-09 07:38:59'),
(219, 104, 173, '2021-04-22 02:04:00', '2021-04-29 08:04:25', 1449, '2024-12-09 07:39:21', '2024-12-09 07:38:59'),
(220, 69, 163, '2021-10-03 09:10:02', '2021-10-17 02:10:25', 6856, '2024-12-09 07:39:21', '2024-12-09 07:38:59'),
(221, 28, 144, '2021-02-05 05:02:39', '2021-02-16 05:02:27', 7352, '2024-12-09 07:39:21', '2024-12-09 07:38:59'),
(222, 170, 45, '2021-08-23 12:08:11', '2021-08-30 12:08:14', 6988, '2024-12-09 07:39:21', '2024-12-09 07:38:59'),
(223, 76, 207, '2021-01-13 08:01:39', '2021-01-25 02:01:58', 8984, '2024-12-09 07:39:21', '2024-12-09 07:38:59'),
(224, 64, 172, '2021-07-28 10:07:12', '2021-08-04 09:08:12', 5543, '2024-12-09 07:39:21', '2024-12-09 07:38:59'),
(225, 59, 86, '2021-03-04 03:03:26', '2021-03-14 04:03:23', 8442, '2024-12-09 07:39:21', '2024-12-09 07:38:59'),
(226, 68, 209, '2021-04-02 01:04:52', '2021-04-06 09:04:30', 3475, '2024-12-09 07:39:21', '2024-12-09 07:38:59'),
(227, 118, 196, '2021-08-15 02:08:49', '2021-08-28 03:08:07', 6519, '2024-12-09 07:39:21', '2024-12-09 07:38:59'),
(228, 58, 4, '2021-06-09 11:06:34', '2021-06-12 07:06:10', 1844, '2024-12-09 07:39:21', '2024-12-09 07:38:59'),
(229, 168, 159, '2021-03-24 10:03:44', '2021-03-31 08:03:59', 5740, '2024-12-09 07:39:21', '2024-12-09 07:38:59'),
(230, 183, 125, '2021-05-18 03:05:42', '2021-05-31 10:05:47', 3842, '2024-12-09 07:39:21', '2024-12-09 07:38:59'),
(231, 44, 130, '2021-10-29 01:10:19', '2021-11-10 12:11:21', 7206, '2024-12-09 07:39:21', '2024-12-09 07:38:59'),
(232, 162, 71, '2021-12-09 10:12:34', '2021-12-15 12:12:31', 1670, '2024-12-09 07:39:21', '2024-12-09 07:38:59'),
(233, 149, 83, '2021-07-17 01:07:27', '2021-07-29 06:07:08', 8535, '2024-12-09 07:39:21', '2024-12-09 07:38:59'),
(234, 22, 129, '2021-06-11 02:06:06', '2021-06-15 01:06:41', 1339, '2024-12-09 07:39:21', '2024-12-09 07:38:59'),
(235, 83, 25, '2021-04-01 05:04:47', '2021-04-12 05:04:41', 5510, '2024-12-09 07:39:21', '2024-12-09 07:38:59'),
(236, 192, 238, '2021-07-04 09:07:15', '2021-07-06 10:07:43', 1236, '2024-12-09 07:39:21', '2024-12-09 07:38:59'),
(237, 193, 233, '2021-06-16 09:06:49', '2021-06-29 09:06:33', 10029, '2024-12-09 07:39:21', '2024-12-09 07:38:59'),
(238, 139, 158, '2021-08-11 08:08:57', '2021-08-16 05:08:30', 2443, '2024-12-09 07:39:21', '2024-12-09 07:38:59'),
(239, 116, 227, '2021-09-20 09:09:11', '2021-09-27 07:09:55', 6205, '2024-12-09 07:39:21', '2024-12-09 07:38:59'),
(240, 130, 225, '2021-08-26 03:08:57', '2021-09-06 08:09:25', 11208, '2024-12-09 07:39:21', '2024-12-09 07:38:59'),
(241, 84, 14, '2021-09-18 04:09:01', '2021-09-29 07:09:24', 4446, '2024-12-09 07:39:21', '2024-12-09 07:38:59'),
(242, 81, 50, '2021-04-15 12:04:20', '2021-04-27 01:04:08', 11556, '2024-12-09 07:39:21', '2024-12-09 07:38:59'),
(243, 107, 48, '2021-02-20 05:02:24', '2021-03-06 12:03:14', 3989, '2024-12-09 07:39:21', '2024-12-09 07:38:59'),
(244, 189, 235, '2021-01-04 02:01:21', '2021-01-08 05:01:04', 2536, '2024-12-09 07:39:21', '2024-12-09 07:38:59'),
(245, 159, 105, '2021-10-03 03:10:06', '2021-10-16 10:10:54', 13276, '2024-12-09 07:39:21', '2024-12-09 07:38:59'),
(246, 165, 54, '2021-10-18 04:10:15', '2021-10-21 06:10:35', 1439, '2024-12-09 07:39:21', '2024-12-09 07:38:59'),
(247, 63, 93, '2021-01-17 01:01:48', '2021-01-26 02:01:15', 3423, '2024-12-09 07:39:21', '2024-12-09 07:38:59'),
(248, 39, 90, '2021-12-09 10:12:09', '2021-12-13 01:12:55', 2537, '2024-12-09 07:39:21', '2024-12-09 07:38:59'),
(249, 4, 148, '2021-10-09 02:10:37', '2021-10-20 06:10:56', 10064, '2024-12-09 07:39:21', '2024-12-09 07:38:59'),
(250, 100, 211, '2021-05-19 01:05:16', '2021-05-30 10:05:09', 4745, '2024-12-09 07:39:21', '2024-12-09 07:38:59'),
(251, 111, 113, '2021-01-08 06:01:57', '2021-01-20 09:01:13', 6982, '2024-12-09 07:39:21', '2024-12-09 07:38:59'),
(252, 13, 121, '2021-11-06 09:11:37', '2021-11-10 05:11:02', 1005, '2024-12-09 07:39:21', '2024-12-09 07:38:59'),
(253, 18, 161, '2021-12-08 05:12:48', '2021-12-21 08:12:48', 5249, '2024-12-09 07:39:21', '2024-12-09 07:38:59'),
(254, 90, 217, '2021-12-08 07:12:55', '2021-12-11 11:12:14', 956, '2024-12-09 07:39:21', '2024-12-09 07:38:59'),
(255, 164, 17, '2021-02-05 11:02:42', '2021-02-09 03:02:33', 1827, '2024-12-09 07:39:21', '2024-12-09 07:38:59'),
(256, 91, 145, '2021-01-30 07:01:06', '2021-02-12 12:02:09', 11403, '2024-12-09 07:39:21', '2024-12-09 07:38:59'),
(257, 112, 16, '2021-08-03 12:08:27', '2021-08-16 02:08:01', 5042, '2024-12-09 07:39:21', '2024-12-09 07:38:59'),
(258, 21, 134, '2021-11-09 07:11:01', '2021-11-18 07:11:26', 2698, '2024-12-09 07:39:21', '2024-12-09 07:38:59'),
(259, 20, 112, '2021-10-14 11:10:37', '2021-10-25 02:10:35', 6377, '2024-12-09 07:39:21', '2024-12-09 07:38:59'),
(260, 134, 40, '2021-08-15 04:08:06', '2021-08-22 01:08:40', 1376, '2024-12-09 07:39:21', '2024-12-09 07:38:59'),
(261, 66, 81, '2021-06-30 09:06:05', '2021-07-05 11:07:46', 4576, '2024-12-09 07:39:21', '2024-12-09 07:38:59'),
(262, 119, 205, '2021-08-13 02:08:03', '2021-08-20 07:08:07', 3354, '2024-12-09 07:39:21', '2024-12-09 07:38:59'),
(263, 78, 212, '2021-12-26 08:12:36', '2022-01-07 06:01:00', 10722, '2024-12-09 07:39:21', '2024-12-09 07:38:59'),
(264, 195, 77, '2021-12-04 08:12:28', '2021-12-06 08:12:14', 2010, '2024-12-09 07:39:21', '2024-12-09 07:38:59'),
(265, 106, 68, '2021-03-31 10:03:27', '2021-04-07 06:04:58', 2732, '2024-12-09 07:39:21', '2024-12-09 07:38:59'),
(266, 156, 214, '2021-03-29 04:03:36', '2021-04-01 07:04:14', 1247, '2024-12-09 07:39:21', '2024-12-09 07:38:59'),
(267, 110, 28, '2021-06-26 01:06:04', '2021-07-03 03:07:53', 3966, '2024-12-09 07:39:21', '2024-12-09 07:38:59'),
(268, 82, 188, '2021-01-16 01:01:46', '2021-01-18 10:01:28', 1673, '2024-12-09 07:39:21', '2024-12-09 07:38:59'),
(269, 185, 101, '2021-05-04 06:05:50', '2021-05-07 05:05:56', 1976, '2024-12-09 07:39:21', '2024-12-09 07:38:59'),
(270, 57, 19, '2021-05-23 02:05:45', '2021-05-26 09:05:13', 3051, '2024-12-09 07:39:21', '2024-12-09 07:38:59'),
(271, 143, 51, '2021-05-25 03:05:04', '2021-06-02 02:06:22', 1595, '2024-12-09 07:39:21', '2024-12-09 07:38:59'),
(272, 23, 224, '2022-01-01 05:01:18', '2022-01-12 05:01:00', 11475, '2024-12-09 07:39:21', '2024-12-09 07:38:59'),
(273, 6, 79, '2021-07-23 04:07:23', '2021-08-03 11:08:04', 5389, '2024-12-09 07:39:21', '2024-12-09 07:38:59'),
(274, 181, 152, '2021-06-07 11:06:18', '2021-06-20 11:06:46', 5198, '2024-12-09 07:39:21', '2024-12-09 07:38:59'),
(275, 42, 33, '2021-10-25 12:10:07', '2021-10-30 04:10:46', 4636, '2024-12-09 07:39:21', '2024-12-09 07:38:59'),
(276, 74, 245, '2021-04-28 08:04:56', '2021-05-09 12:05:04', 5331, '2024-12-09 07:39:21', '2024-12-09 07:38:59'),
(277, 47, 208, '2021-12-04 07:12:50', '2021-12-07 06:12:45', 1174, '2024-12-09 07:39:21', '2024-12-09 07:38:59'),
(278, 108, 127, '2021-09-07 10:09:14', '2021-09-13 11:09:20', 4225, '2024-12-09 07:39:21', '2024-12-09 07:38:59'),
(279, 48, 162, '2021-02-06 07:02:47', '2021-02-09 06:02:52', 882, '2024-12-09 07:39:21', '2024-12-09 07:38:59'),
(280, 49, 61, '2021-11-24 03:11:39', '2021-11-28 11:11:57', 2918, '2024-12-09 07:39:21', '2024-12-09 07:38:59'),
(281, 172, 135, '2021-10-29 04:10:14', '2021-11-02 08:11:08', 3376, '2024-12-09 07:39:21', '2024-12-09 07:38:59'),
(282, 153, 22, '2021-04-29 08:04:13', '2021-05-08 12:05:40', 6920, '2024-12-09 07:39:21', '2024-12-09 07:38:59'),
(283, 16, 142, '2021-06-24 02:06:29', '2021-06-29 03:06:12', 3874, '2024-12-09 07:39:21', '2024-12-09 07:38:59'),
(284, 34, 108, '2021-07-28 03:07:09', '2021-07-31 05:07:30', 3566, '2024-12-09 07:39:21', '2024-12-09 07:38:59'),
(285, 180, 89, '2021-05-28 10:05:20', '2021-06-03 06:06:43', 4266, '2024-12-09 07:39:21', '2024-12-09 07:38:59'),
(286, 10, 88, '2021-04-01 02:04:48', '2021-04-09 07:04:37', 1642, '2024-12-09 07:39:21', '2024-12-09 07:38:59'),
(287, 87, 131, '2021-02-11 02:02:57', '2021-02-17 12:02:31', 4873, '2024-12-09 07:39:21', '2024-12-09 07:38:59'),
(288, 37, 123, '2021-04-14 09:04:49', '2021-04-25 05:04:43', 2169, '2024-12-09 07:39:21', '2024-12-09 07:38:59'),
(289, 121, 103, '2021-09-03 09:09:25', '2021-09-06 05:09:13', 2255, '2024-12-09 07:39:21', '2024-12-09 07:38:59'),
(290, 179, 49, '2021-07-16 01:07:52', '2021-07-26 09:07:04', 4133, '2024-12-09 07:39:21', '2024-12-09 07:38:59'),
(291, 62, 91, '2021-03-26 01:03:41', '2021-04-04 02:04:57', 6283, '2024-12-09 07:39:21', '2024-12-09 07:38:59'),
(292, 199, 177, '2021-06-27 11:06:20', '2021-07-10 12:07:58', 11271, '2024-12-09 07:39:21', '2024-12-09 07:38:59'),
(293, 154, 67, '2021-07-29 07:07:59', '2021-08-07 04:08:11', 4435, '2024-12-09 07:39:21', '2024-12-09 07:38:59'),
(294, 175, 155, '2021-09-01 07:09:53', '2021-09-07 09:09:42', 3038, '2024-12-09 07:39:21', '2024-12-09 07:38:59'),
(295, 163, 202, '2021-10-15 05:10:11', '2021-10-28 08:10:36', 5449, '2024-12-09 07:39:21', '2024-12-09 07:38:59'),
(296, 169, 5, '2021-01-11 12:01:51', '2021-01-21 12:01:35', 10015, '2024-12-09 07:39:21', '2024-12-09 07:38:59'),
(297, 14, 53, '2021-04-21 12:04:14', '2021-04-29 04:04:35', 3261, '2024-12-09 07:39:21', '2024-12-09 07:38:59'),
(298, 94, 199, '2021-06-09 08:06:59', '2021-06-17 06:06:58', 5060, '2024-12-09 07:39:21', '2024-12-09 07:38:59'),
(299, 142, 222, '2021-05-15 03:05:10', '2021-05-28 09:05:42', 13235, '2024-12-09 07:39:21', '2024-12-09 07:38:59'),
(300, 166, 240, '2021-06-17 10:06:24', '2021-06-23 04:06:44', 4043, '2024-12-09 07:39:21', '2024-12-09 07:38:59'),
(301, 194, 180, '2024-01-10 05:01:12', NULL, NULL, '2024-12-09 07:39:21', '2024-12-09 07:38:59'),
(302, 162, 24, '2024-01-12 07:01:21', NULL, NULL, '2024-12-09 07:39:21', '2024-12-09 07:38:59'),
(303, 89, 220, '2024-01-12 10:01:51', NULL, NULL, '2024-12-09 07:39:21', '2024-12-09 07:38:59'),
(304, 67, 37, '2024-01-09 07:01:13', NULL, NULL, '2024-12-09 07:39:21', '2024-12-09 07:38:59'),
(305, 53, 10, '2024-01-13 05:01:53', NULL, NULL, '2024-12-09 07:39:21', '2024-12-09 07:38:59'),
(306, 160, 154, '2024-01-09 08:01:47', NULL, NULL, '2024-12-09 07:39:21', '2024-12-09 07:38:59'),
(307, 179, 166, '2024-01-13 07:01:13', NULL, NULL, '2024-12-09 07:39:21', '2024-12-09 07:38:59'),
(308, 199, 228, '2024-01-09 08:01:09', NULL, NULL, '2024-12-09 07:39:21', '2024-12-09 07:38:59'),
(309, 7, 232, '2024-01-11 12:01:54', NULL, NULL, '2024-12-09 07:39:21', '2024-12-09 07:38:59'),
(310, 158, 219, '2024-01-08 07:01:20', NULL, NULL, '2024-12-09 07:39:21', '2024-12-09 07:38:59'),
(311, 56, 23, '2024-01-10 01:01:50', NULL, NULL, '2024-12-09 07:39:21', '2024-12-09 07:38:59'),
(312, 169, 57, '2024-01-10 03:01:44', NULL, NULL, '2024-12-09 07:39:21', '2024-12-09 07:38:59'),
(313, 175, 183, '2024-01-10 02:01:11', NULL, NULL, '2024-12-09 07:39:21', '2024-12-09 07:38:59'),
(314, 119, 193, '2024-01-12 06:01:09', NULL, NULL, '2024-12-09 07:39:21', '2024-12-09 07:38:59'),
(315, 10, 62, '2024-01-14 12:01:53', NULL, NULL, '2024-12-09 07:39:21', '2024-12-09 07:38:59'),
(316, 88, 157, '2024-01-10 02:01:02', NULL, NULL, '2024-12-09 07:39:21', '2024-12-09 07:38:59'),
(317, 116, 11, '2024-01-10 11:01:53', NULL, NULL, '2024-12-09 07:39:21', '2024-12-09 07:38:59'),
(318, 91, 192, '2024-01-13 02:01:43', NULL, NULL, '2024-12-09 07:39:21', '2024-12-09 07:38:59'),
(319, 45, 243, '2024-01-13 11:01:36', NULL, NULL, '2024-12-09 07:39:21', '2024-12-09 07:38:59'),
(320, 25, 92, '2024-01-13 10:01:58', NULL, NULL, '2024-12-09 07:39:21', '2024-12-09 07:38:59'),
(321, 173, 213, '2024-01-10 06:01:32', NULL, NULL, '2024-12-09 07:39:21', '2024-12-09 07:38:59'),
(322, 83, 109, '2024-01-13 08:01:06', NULL, NULL, '2024-12-09 07:39:21', '2024-12-09 07:38:59'),
(323, 176, 87, '2024-01-09 11:01:01', NULL, NULL, '2024-12-09 07:39:21', '2024-12-09 07:38:59'),
(324, 180, 122, '2024-01-13 10:01:26', NULL, NULL, '2024-12-09 07:39:21', '2024-12-09 07:38:59'),
(325, 144, 106, '2024-01-13 12:01:29', NULL, NULL, '2024-12-09 07:39:21', '2024-12-09 07:38:59'),
(326, 168, 167, '2024-01-10 06:01:08', NULL, NULL, '2024-12-09 07:39:21', '2024-12-09 07:38:59'),
(327, 87, 242, '2024-01-10 01:01:29', NULL, NULL, '2024-12-09 07:39:21', '2024-12-09 07:38:59'),
(328, 86, 1, '2024-01-10 05:01:46', NULL, NULL, '2024-12-09 07:39:21', '2024-12-09 07:38:59'),
(329, 143, 41, '2024-01-11 09:01:15', NULL, NULL, '2024-12-09 07:39:21', '2024-12-09 07:38:59'),
(330, 4, 185, '2024-01-13 08:01:12', NULL, NULL, '2024-12-09 07:39:21', '2024-12-09 07:38:59'),
(331, 161, 218, '2024-01-14 12:01:25', NULL, NULL, '2024-12-09 07:39:21', '2024-12-09 07:38:59'),
(332, 107, 96, '2024-01-09 11:01:08', NULL, NULL, '2024-12-09 07:39:21', '2024-12-09 07:38:59'),
(333, 6, 110, '2024-01-10 12:01:27', NULL, NULL, '2024-12-09 07:39:21', '2024-12-09 07:38:59'),
(334, 123, 191, '2024-01-09 10:01:17', NULL, NULL, '2024-12-09 07:39:21', '2024-12-09 07:38:59'),
(335, 52, 132, '2024-01-14 03:01:19', NULL, NULL, '2024-12-09 07:39:21', '2024-12-09 07:38:59');

--
-- Indexes for dumped tables
--

--
-- Indexes for table `flota`
--
ALTER TABLE `flota`
  ADD PRIMARY KEY (`id`);
ALTER TABLE `flota` ADD FULLTEXT KEY `marka` (`marka`,`model`,`kolor`);

--
-- Indexes for table `klienci`
--
ALTER TABLE `klienci`
  ADD PRIMARY KEY (`id`);

--
-- Indexes for table `uzytkownicy`
--
ALTER TABLE `uzytkownicy`
  ADD PRIMARY KEY (`id`),
  ADD KEY `id_klienta` (`id_klienta`);

--
-- Indexes for table `wypozyczenia`
--
ALTER TABLE `wypozyczenia`
  ADD PRIMARY KEY (`id`),
  ADD KEY `id_auta` (`id_auta`),
  ADD KEY `id_klienta` (`id_klienta`);

--
-- AUTO_INCREMENT for dumped tables
--

--
-- AUTO_INCREMENT for table `flota`
--
ALTER TABLE `flota`
  MODIFY `id` int(11) NOT NULL AUTO_INCREMENT, AUTO_INCREMENT=201;

--
-- AUTO_INCREMENT for table `klienci`
--
ALTER TABLE `klienci`
  MODIFY `id` int(11) NOT NULL AUTO_INCREMENT, AUTO_INCREMENT=258;

--
-- AUTO_INCREMENT for table `uzytkownicy`
--
ALTER TABLE `uzytkownicy`
  MODIFY `id` int(11) NOT NULL AUTO_INCREMENT, AUTO_INCREMENT=12;

--
-- AUTO_INCREMENT for table `wypozyczenia`
--
ALTER TABLE `wypozyczenia`
  MODIFY `id` int(11) NOT NULL AUTO_INCREMENT, AUTO_INCREMENT=336;

--
-- Constraints for dumped tables
--

--
-- Constraints for table `uzytkownicy`
--
ALTER TABLE `uzytkownicy`
  ADD CONSTRAINT `uzytkownicy_ibfk_1` FOREIGN KEY (`id_klienta`) REFERENCES `klienci` (`id`);

--
-- Constraints for table `wypozyczenia`
--
ALTER TABLE `wypozyczenia`
  ADD CONSTRAINT `id_auta` FOREIGN KEY (`id_auta`) REFERENCES `flota` (`id`),
  ADD CONSTRAINT `id_klienta` FOREIGN KEY (`id_klienta`) REFERENCES `klienci` (`id`);
COMMIT;

/*!40101 SET CHARACTER_SET_CLIENT=@OLD_CHARACTER_SET_CLIENT */;
/*!40101 SET CHARACTER_SET_RESULTS=@OLD_CHARACTER_SET_RESULTS */;
/*!40101 SET COLLATION_CONNECTION=@OLD_COLLATION_CONNECTION */;
