-- phpMyAdmin SQL Dump
-- version 5.2.1
-- https://www.phpmyadmin.net/
--
-- Host: 127.0.0.1
-- Generation Time: Sty 12, 2024 at 11:25 AM
-- Wersja serwera: 10.4.32-MariaDB
-- Wersja PHP: 8.2.12

SET SQL_MODE = "NO_AUTO_VALUE_ON_ZERO";
START TRANSACTION;
SET time_zone = "+00:00";


/*!40101 SET @OLD_CHARACTER_SET_CLIENT=@@CHARACTER_SET_CLIENT */;
/*!40101 SET @OLD_CHARACTER_SET_RESULTS=@@CHARACTER_SET_RESULTS */;
/*!40101 SET @OLD_COLLATION_CONNECTION=@@COLLATION_CONNECTION */;
/*!40101 SET NAMES utf8mb4 */;

--
-- Database: `wypozyczalnia`
--

-- --------------------------------------------------------

--
-- Struktura tabeli dla tabeli `flota`
--

CREATE TABLE `flota` (
  `id` int(11) NOT NULL,
  `marka` varchar(30) NOT NULL,
  `model` varchar(30) NOT NULL,
  `rocznik` year(4) NOT NULL,
  `kolor` varchar(20) NOT NULL,
  `przebieg` int(11) NOT NULL,
  `moc_km` int(11) NOT NULL,
  `dostepny` tinyint(1) NOT NULL DEFAULT 1,
  `nr_rej` varchar(15) NOT NULL,
  `cena` int(11) NOT NULL
) ENGINE=InnoDB DEFAULT CHARSET=utf8 COLLATE=utf8_bin;

--
-- Dumping data for table `flota`
--

INSERT INTO `flota` (`id`, `marka`, `model`, `rocznik`, `kolor`, `przebieg`, `moc_km`, `dostepny`, `nr_rej`, `cena`) VALUES
(1, 'Volkswagen', 'Golf', '2012', 'czerwony', 77714, 113, 0, 'WRKAFQ3', 900),
(2, 'Renault', 'Clio', '2020', 'biały', 73599, 152, 0, 'WROVRV1', 900),
(3, 'Volkswagen', 'Golf', '2012', 'srebrny', 142704, 120, 1, 'WRZ7E84', 400),
(4, 'Renault', 'Arkana', '2016', 'srebrny', 19373, 109, 1, 'WR6YR29', 300),
(5, 'Skoda', 'Superb', '2018', 'błękitny', 183602, 174, 0, 'WRTD0D2', 400),
(6, 'Ford', 'Puma', '2015', 'czarny', 192245, 160, 1, 'WR39IOS', 400),
(7, 'Volvo', 'XC40', '2021', 'błękitny', 185200, 179, 0, 'WRF8H79', 500),
(8, 'Skoda', 'Superb', '2013', 'biały', 216081, 113, 1, 'WREX62I', 800),
(9, 'Volkswagen', 'Arteon', '2015', 'czarny', 104894, 151, 1, 'WR4PXBY', 700),
(10, 'Suzuki', 'Vitara', '2012', 'błękitny', 4147, 176, 1, 'WRGP6H7', 600),
(11, 'Opel', 'Corsa', '2020', 'niebieski', 210517, 120, 0, 'WRJK4IX', 1000),
(12, 'Kia', 'Sportage', '2014', 'błękitny', 183983, 136, 1, 'WRQFF7O', 700),
(13, 'Renault', 'Captur', '2020', 'czarny', 267296, 125, 1, 'WR825FE', 300),
(14, 'Audi', 'A4', '2017', 'niebieski', 227, 113, 1, 'WRGIV2C', 800),
(15, 'Audi', 'Q3', '2021', 'srebrny', 118470, 197, 1, 'WRNVYKG', 600),
(16, 'Hyundai', 'i30', '2018', 'czarny', 36316, 130, 0, 'WRCZDO0', 1000),
(17, 'BMW', 'X5', '2012', 'srebrny', 46421, 149, 1, 'WR94MBP', 900),
(18, 'Nissan', 'Qashqai', '2018', 'czerwony', 286521, 152, 1, 'WRUMCOI', 600),
(19, 'Ford', 'Kuga', '2017', 'biały', 112624, 111, 0, 'WRJH15X', 600),
(20, 'BMW', 'X5', '2015', 'biały', 284741, 140, 1, 'WRGQYEA', 200),
(21, 'Renault', 'Arkana', '2015', 'biały', 76711, 174, 1, 'WRQ7J49', 700),
(22, 'Toyota', 'Yaris', '2017', 'biały', 98701, 189, 1, 'WR5A8F2', 900),
(23, 'Toyota', 'Yaris', '2015', 'błękitny', 44767, 155, 0, 'WR2QDQZ', 500),
(24, 'Dacia', 'Duster', '2015', 'srebrny', 170724, 161, 1, 'WRELCQD', 900),
(25, 'Audi', 'Q5', '2012', 'biały', 101403, 112, 0, 'WRIJNYK', 900),
(26, 'Volkswagen', 'Passat', '2014', 'srebrny', 65538, 91, 1, 'WRKV4O9', 800),
(27, 'BMW', 'Seria 3', '2015', 'czarny', 64264, 103, 1, 'WR3XI4D', 300),
(28, 'Audi', 'A4', '2015', 'błękitny', 263968, 148, 1, 'WR2CO5W', 900),
(29, 'Volkswagen', 'Tiguan', '2016', 'niebieski', 212956, 141, 0, 'WRGLBPT', 600),
(30, 'Volkswagen', 'Arteon', '2016', 'czerwony', 222478, 182, 1, 'WR1AWBC', 500),
(31, 'Audi', 'Q5', '2019', 'biały', 242991, 160, 1, 'WRIGQQ2', 1000),
(32, 'BMW', 'Seria 5', '2015', 'błękitny', 243450, 160, 1, 'WRYMNQY', 400),
(33, 'Volvo', 'XC60', '2014', 'czarny', 117493, 163, 1, 'WRJ28CZ', 600),
(34, 'Audi', 'Q5', '2018', 'biały', 272109, 149, 0, 'WR3L2MT', 1000),
(35, 'Skoda', 'Scala', '2012', 'niebieski', 47814, 170, 1, 'WR7T5BW', 800),
(36, 'Toyota', 'Aygo X', '2016', 'błękitny', 172919, 183, 0, 'WRSH5SO', 300),
(37, 'Skoda', 'Octavia', '2017', 'niebieski', 224146, 173, 1, 'WRE0ZBO', 900),
(38, 'Kia', 'Stonic', '2014', 'srebrny', 23121, 111, 0, 'WRAGSBZ', 700),
(39, 'Fiat', '500', '2020', 'biały', 160156, 153, 1, 'WRXM6O5', 300),
(40, 'Skoda', 'Kamiq', '2020', 'czarny', 163482, 95, 1, 'WRP8QGC', 500),
(41, 'Skoda', 'Superb', '2020', 'błękitny', 136009, 100, 1, 'WRWTOYL', 600),
(42, 'Volvo', 'XC40', '2013', 'błękitny', 39323, 118, 0, 'WRJQUFX', 400),
(43, 'Renault', 'Clio', '2015', 'biały', 159363, 176, 1, 'WR425PW', 1000),
(44, 'Toyota', 'Aygo X', '2017', 'srebrny', 249389, 176, 1, 'WRUQSHJ', 600),
(45, 'Cupra', 'Formentor', '2016', 'niebieski', 148279, 118, 1, 'WRBMLSL', 900),
(46, 'Volkswagen', 'Golf', '2012', 'srebrny', 49726, 94, 1, 'WROJK56', 500),
(47, 'Volvo', 'XC60', '2021', 'błękitny', 293684, 149, 1, 'WR7LEEM', 400),
(48, 'Mercedes', 'GLC', '2018', 'srebrny', 118483, 171, 1, 'WRCQOC7', 900),
(49, 'Kia', 'Stonic', '2017', 'biały', 237519, 165, 1, 'WR7A22C', 600),
(50, 'Volkswagen', 'Tiguan', '2018', 'srebrny', 56604, 100, 1, 'WRVSSCJ', 1000),
(51, 'Audi', 'Q3', '2018', 'niebieski', 216862, 161, 0, 'WRLBHIC', 700),
(52, 'Ford', 'Kuga', '2018', 'błękitny', 61176, 189, 1, 'WR7SC4O', 200),
(53, 'Kia', 'Stonic', '2015', 'czarny', 101910, 178, 1, 'WRYOCXY', 900),
(54, 'Volkswagen', 'Tiguan', '2016', 'biały', 269671, 116, 1, 'WRWKK83', 900),
(55, 'Toyota', 'Corolla', '2017', 'czarny', 101825, 121, 1, 'WR0ED00', 1000),
(56, 'Mercedes', 'GLE', '2013', 'błękitny', 202032, 138, 1, 'WRLYRGX', 400),
(57, 'Volkswagen', 'T-Roc', '2021', 'niebieski', 5675, 199, 1, 'WR83EN6', 1000),
(58, 'Hyundai', 'Tucson', '2012', 'biały', 273195, 143, 1, 'WRI2NJO', 600),
(59, 'Skoda', 'Kodiaq', '2020', 'błękitny', 289191, 124, 1, 'WRC35ER', 400),
(60, 'Toyota', 'C-HR', '2021', 'czarny', 14345, 179, 0, 'WR2YMT5', 200),
(61, 'Volvo', 'XC40', '2021', 'czerwony', 241487, 167, 1, 'WRG5E6K', 600),
(62, 'Renault', 'Trafic', '2020', 'czerwony', 46765, 93, 1, 'WR79BLH', 200),
(63, 'Audi', 'Q5', '2020', 'czerwony', 143773, 164, 1, 'WRKD1WQ', 600),
(64, 'Volvo', 'XC40', '2014', 'biały', 26444, 103, 1, 'WRYOM8C', 900),
(65, 'Audi', 'Q5', '2017', 'niebieski', 73878, 143, 1, 'WRQJ0HI', 400),
(66, 'Volvo', 'XC40', '2018', 'biały', 287934, 107, 1, 'WRENABA', 900),
(67, 'Hyundai', 'i30', '2013', 'błękitny', 226417, 131, 1, 'WRHSDEW', 600),
(68, 'Renault', 'Clio', '2016', 'błękitny', 19403, 90, 1, 'WRSVQ6B', 900),
(69, 'Audi', 'Q3', '2020', 'czerwony', 294958, 185, 1, 'WRX2283', 700),
(70, 'Renault', 'Trafic', '2019', 'niebieski', 88234, 174, 1, 'WRMWE4O', 400),
(71, 'Kia', 'XCeed', '2020', 'niebieski', 238821, 130, 1, 'WRIYMLQ', 300),
(72, 'Cupra', 'Formentor', '2021', 'niebieski', 128555, 146, 1, 'WRR5YDM', 600),
(73, 'Fiat', '500', '2017', 'biały', 119791, 182, 1, 'WR11UPH', 900),
(74, 'BMW', 'Seria 5', '2020', 'srebrny', 122205, 177, 1, 'WR67J2J', 1000),
(75, 'Renault', 'Trafic', '2020', 'biały', 26223, 162, 1, 'WRMKSG8', 900),
(76, 'Volkswagen', 'Arteon', '2018', 'niebieski', 28703, 100, 1, 'WRODBX5', 200),
(77, 'Skoda', 'Scala', '2015', 'niebieski', 73291, 163, 1, 'WRBWN6S', 500),
(78, 'Toyota', 'Yaris', '2014', 'błękitny', 142040, 92, 1, 'WREPNSL', 1000),
(79, 'Renault', 'Arkana', '2016', 'niebieski', 256843, 105, 1, 'WRAKRVO', 300),
(80, 'Renault', 'Arkana', '2021', 'błękitny', 138179, 92, 1, 'WRIQ86K', 600),
(81, 'Toyota', 'Aygo X', '2018', 'czerwony', 66964, 117, 1, 'WRR02JY', 200),
(82, 'Skoda', 'Karoq', '2018', 'niebieski', 292993, 90, 0, 'WRM6H4S', 500),
(83, 'Renault', 'Clio', '2013', 'niebieski', 182332, 150, 1, 'WR2JALM', 700),
(84, 'Volkswagen', 'Arteon', '2018', 'srebrny', 74150, 193, 1, 'WRD6CPN', 200),
(85, 'Toyota', 'Aygo X', '2017', 'srebrny', 132641, 158, 1, 'WR6PAZI', 600),
(86, 'Renault', 'Arkana', '2021', 'srebrny', 80138, 128, 1, 'WRJUXEH', 500),
(87, 'BMW', 'Seria 3', '2013', 'błękitny', 160128, 121, 1, 'WR9RL0O', 700),
(88, 'Audi', 'Q5', '2018', 'błękitny', 124029, 91, 1, 'WR794ND', 800),
(89, 'Volvo', 'XC40', '2015', 'błękitny', 220137, 111, 1, 'WRMF2NL', 300),
(90, 'Volkswagen', 'Golf', '2021', 'czarny', 265715, 184, 1, 'WR4GA49', 300),
(91, 'Skoda', 'Kodiaq', '2012', 'biały', 132655, 118, 0, 'WRX81S3', 1000),
(92, 'Kia', 'Ceed', '2012', 'niebieski', 153983, 163, 1, 'WR6ZB5V', 300),
(93, 'Skoda', 'Scala', '2017', 'błękitny', 193452, 113, 1, 'WR9LHTH', 200),
(94, 'Suzuki', 'Vitara', '2015', 'czerwony', 220149, 151, 0, 'WRK49J1', 200),
(95, 'Opel', 'Corsa', '2014', 'srebrny', 40076, 108, 1, 'WRT2HK3', 400),
(96, 'Volkswagen', 'Golf', '2012', 'czarny', 164998, 100, 1, 'WRUEWUG', 800),
(97, 'Skoda', 'Scala', '2015', 'błękitny', 59143, 199, 1, 'WRFO42V', 800),
(98, 'Kia', 'Sportage', '2019', 'niebieski', 119944, 169, 0, 'WRLHG51', 200),
(99, 'Skoda', 'Scala', '2013', 'niebieski', 295364, 167, 1, 'WRXU875', 400),
(100, 'Skoda', 'Octavia', '2017', 'biały', 100012, 156, 1, 'WRFWFI3', 300),
(101, 'Volkswagen', 'T-Roc', '2019', 'biały', 54664, 196, 1, 'WRO2UAY', 1000),
(102, 'Skoda', 'Octavia', '2020', 'biały', 52048, 184, 1, 'WRUMX14', 600),
(103, 'Audi', 'Q3', '2016', 'błękitny', 264012, 194, 1, 'WR729WV', 1000),
(104, 'Skoda', 'Fabia', '2017', 'biały', 73758, 194, 1, 'WR7WI9C', 500),
(105, 'Audi', 'A4', '2018', 'czerwony', 167828, 91, 1, 'WRGNDSS', 900),
(106, 'Audi', 'Q3', '2013', 'niebieski', 281413, 195, 1, 'WRZ08CE', 500),
(107, 'Skoda', 'Kodiaq', '2021', 'czarny', 5124, 122, 1, 'WR99R36', 1000),
(108, 'Renault', 'Trafic', '2017', 'srebrny', 23199, 110, 1, 'WRQAGCP', 800),
(109, 'Fiat', '500', '2012', 'błękitny', 159216, 134, 0, 'WRN239P', 800),
(110, 'Kia', 'Stonic', '2020', 'błękitny', 51435, 109, 1, 'WR10JSO', 300),
(111, 'Mercedes', 'GLE', '2018', 'czarny', 282301, 199, 1, 'WR5SY22', 300),
(112, 'Audi', 'A3', '2019', 'srebrny', 280777, 91, 1, 'WR7ED6U', 800),
(113, 'Volkswagen', 'Passat', '2021', 'biały', 173948, 116, 1, 'WROHE8D', 400),
(114, 'Skoda', 'Octavia', '2013', 'czerwony', 74295, 139, 1, 'WRY5S03', 700),
(115, 'BMW', 'Seria 3', '2015', 'czerwony', 34537, 101, 1, 'WR4JZHN', 600),
(116, 'Renault', 'Captur', '2021', 'czerwony', 207722, 106, 0, 'WRCYEWR', 1000),
(117, 'Kia', 'Sportage', '2013', 'czerwony', 70045, 198, 1, 'WR3SL9M', 500),
(118, 'Opel', 'Corsa', '2018', 'srebrny', 67069, 101, 1, 'WR1VKWW', 1000),
(119, 'Suzuki', 'Vitara', '2021', 'czarny', 203496, 135, 1, 'WRIEJXD', 800),
(120, 'Ford', 'Puma', '2016', 'srebrny', 171752, 171, 1, 'WR0I2RQ', 300),
(121, 'Hyundai', 'i30', '2016', 'czarny', 90848, 145, 1, 'WRC87NJ', 400),
(122, 'Renault', 'Trafic', '2012', 'srebrny', 75658, 118, 0, 'WR1CSND', 200),
(123, 'Audi', 'A4', '2019', 'biały', 17798, 123, 1, 'WRN8VCC', 400),
(124, 'Mercedes', 'GLE', '2016', 'czerwony', 271757, 200, 1, 'WR6JZB7', 800),
(125, 'BMW', 'Seria 5', '2014', 'czerwony', 106649, 172, 1, 'WRYBRO1', 900),
(126, 'Hyundai', 'i20', '2018', 'błękitny', 271106, 170, 1, 'WRHBC87', 200),
(127, 'Kia', 'Stonic', '2012', 'srebrny', 22797, 169, 1, 'WRRMULA', 400),
(128, 'Audi', 'A3', '2014', 'srebrny', 183135, 132, 1, 'WRD0WZE', 900),
(129, 'Skoda', 'Octavia', '2013', 'błękitny', 110893, 183, 1, 'WR3HC40', 1000),
(130, 'Audi', 'Q5', '2020', 'biały', 219600, 147, 1, 'WRN27JZ', 600),
(131, 'Kia', 'Stonic', '2013', 'błękitny', 217807, 198, 0, 'WRKJXLV', 300),
(132, 'Audi', 'Q3', '2014', 'błękitny', 149257, 128, 1, 'WROELU4', 900),
(133, 'Renault', 'Arkana', '2012', 'srebrny', 96942, 112, 0, 'WRI4OXG', 500),
(134, 'Audi', 'A4', '2015', 'błękitny', 140666, 122, 1, 'WRTQYA7', 700),
(135, 'Suzuki', 'Vitara', '2015', 'srebrny', 159379, 189, 0, 'WRG0VBZ', 300),
(136, 'Skoda', 'Superb', '2021', 'srebrny', 82592, 165, 1, 'WRS0PK2', 600),
(137, 'Renault', 'Arkana', '2014', 'biały', 164155, 141, 1, 'WRFMH4N', 500),
(138, 'Audi', 'A4', '2013', 'czarny', 212477, 112, 1, 'WRXVPIU', 600),
(139, 'Ford', 'Puma', '2018', 'niebieski', 31500, 91, 1, 'WR5DF70', 700),
(140, 'Cupra', 'Formentor', '2020', 'biały', 27394, 144, 1, 'WRHYBMC', 200),
(141, 'Toyota', 'Corolla', '2020', 'błękitny', 38580, 100, 1, 'WROCDPW', 500),
(142, 'BMW', 'Seria 5', '2012', 'niebieski', 209239, 95, 0, 'WR4SDBL', 1000),
(143, 'Skoda', 'Octavia', '2019', 'błękitny', 72443, 121, 1, 'WRT8JP8', 500),
(144, 'Mercedes', 'GLE', '2018', 'niebieski', 612, 142, 0, 'WRELUO8', 700),
(145, 'Ford', 'Puma', '2019', 'srebrny', 19631, 177, 1, 'WRB60RD', 300),
(146, 'Kia', 'Sportage', '2018', 'czarny', 197544, 149, 1, 'WRDGK0I', 400),
(147, 'Suzuki', 'Vitara', '2013', 'czerwony', 206423, 147, 1, 'WRCT4YG', 1000),
(148, 'Toyota', 'C-HR', '2015', 'niebieski', 74975, 138, 0, 'WR2X8SH', 900),
(149, 'Skoda', 'Kamiq', '2012', 'czarny', 202662, 90, 1, 'WRBR44A', 400),
(150, 'BMW', 'Seria 5', '2015', 'czerwony', 242276, 132, 1, 'WRJCCHI', 800),
(151, 'Renault', 'Captur', '2017', 'niebieski', 286562, 173, 1, 'WRTYZ38', 500),
(152, 'Renault', 'Captur', '2017', 'czerwony', 228672, 162, 1, 'WR69O4Z', 900),
(153, 'Skoda', 'Scala', '2019', 'czarny', 288665, 159, 0, 'WR9WZCR', 1000),
(154, 'Cupra', 'Formentor', '2016', 'niebieski', 128310, 117, 1, 'WRZ30ZX', 600),
(155, 'Hyundai', 'Tucson', '2014', 'błękitny', 266335, 145, 1, 'WR0UOJ8', 700),
(156, 'Volkswagen', 'Passat', '2015', 'czerwony', 31902, 190, 1, 'WREYJO6', 400),
(157, 'BMW', 'Seria 5', '2016', 'czarny', 205566, 165, 0, 'WRSNSH9', 500),
(158, 'Volkswagen', 'Golf', '2014', 'biały', 256313, 186, 1, 'WRRJWJU', 200),
(159, 'Skoda', 'Karoq', '2019', 'srebrny', 244994, 157, 1, 'WRS6ZHG', 800),
(160, 'Toyota', 'Yaris', '2012', 'błękitny', 230468, 91, 1, 'WRAFESJ', 200),
(161, 'Volkswagen', 'Arteon', '2016', 'czerwony', 7332, 141, 1, 'WRN8OJ3', 800),
(162, 'Volkswagen', 'Tiguan', '2018', 'srebrny', 290485, 171, 1, 'WRUUOHZ', 500),
(163, 'Mercedes', 'GLE', '2021', 'srebrny', 147659, 149, 1, 'WR3LA4Z', 800),
(164, 'Ford', 'Puma', '2018', 'niebieski', 155223, 106, 0, 'WR3EYK4', 600),
(165, 'Opel', 'Corsa', '2013', 'czarny', 55470, 152, 1, 'WRRHBQ9', 1000),
(166, 'Renault', 'Arkana', '2014', 'błękitny', 8321, 126, 1, 'WRW8BEX', 1000),
(167, 'Skoda', 'Karoq', '2015', 'czerwony', 161297, 132, 1, 'WRSSFT4', 800),
(168, 'BMW', 'X3', '2014', 'niebieski', 233540, 141, 0, 'WR68ZXA', 700),
(169, 'Mercedes', 'GLC', '2020', 'biały', 78482, 94, 0, 'WRIGKMI', 200),
(170, 'Audi', 'A3', '2013', 'czarny', 250286, 176, 1, 'WRLZQJF', 600),
(171, 'BMW', 'X5', '2021', 'czerwony', 23080, 185, 1, 'WRIGVSI', 700),
(172, 'Kia', 'XCeed', '2018', 'czarny', 7247, 171, 1, 'WRNXQIH', 400),
(173, 'Volvo', 'XC40', '2017', 'niebieski', 74410, 123, 1, 'WRAEVED', 900),
(174, 'Volvo', 'XC40', '2016', 'srebrny', 215264, 193, 1, 'WRN6BDC', 600),
(175, 'BMW', 'Seria 5', '2017', 'niebieski', 2570, 191, 1, 'WRN8YLU', 1000),
(176, 'Audi', 'Q5', '2021', 'czerwony', 130503, 96, 1, 'WRUW5KG', 200),
(177, 'Suzuki', 'Vitara', '2021', 'srebrny', 107237, 121, 1, 'WRSA5QY', 800),
(178, 'Volvo', 'XC40', '2017', 'biały', 58585, 129, 1, 'WRHFZG0', 600),
(179, 'Volkswagen', 'Golf', '2015', 'biały', 232035, 178, 1, 'WRQMJ73', 500),
(180, 'Skoda', 'Karoq', '2020', 'biały', 281671, 180, 1, 'WROZ476', 800),
(181, 'Hyundai', 'i20', '2016', 'czerwony', 229169, 159, 1, 'WRJF3P0', 700),
(182, 'Toyota', 'Aygo X', '2012', 'czarny', 122949, 158, 1, 'WR6DV0M', 600),
(183, 'Toyota', 'Aygo X', '2014', 'srebrny', 7574, 110, 1, 'WRTKXLO', 900),
(184, 'Volkswagen', 'Tiguan', '2013', 'błękitny', 206716, 175, 1, 'WRX61GP', 700),
(185, 'Volkswagen', 'Passat', '2017', 'biały', 176052, 115, 1, 'WRJ6OHC', 400),
(186, 'Audi', 'A4', '2014', 'czerwony', 85140, 122, 1, 'WRYHG5D', 500),
(187, 'Mercedes', 'GLC', '2020', 'błękitny', 67682, 135, 1, 'WROHE8X', 900),
(188, 'Audi', 'Q3', '2012', 'srebrny', 49217, 198, 1, 'WRA3N0C', 900),
(189, 'BMW', 'X5', '2017', 'błękitny', 237466, 145, 1, 'WRNMXPQ', 900),
(190, 'Hyundai', 'i20', '2014', 'błękitny', 73005, 199, 1, 'WRFBOZE', 900),
(191, 'Mercedes', 'GLE', '2019', 'czarny', 31835, 97, 1, 'WRHI6FL', 400),
(192, 'Skoda', 'Fabia', '2014', 'błękitny', 116967, 172, 1, 'WRUQ3BJ', 400),
(193, 'Audi', 'Q3', '2020', 'błękitny', 19909, 106, 1, 'WRTG67K', 900),
(194, 'Volkswagen', 'T-Roc', '2020', 'czarny', 86076, 143, 1, 'WRMVPLZ', 600),
(195, 'Hyundai', 'Tucson', '2021', 'niebieski', 39078, 129, 1, 'WRZ26H1', 200),
(196, 'BMW', 'X3', '2019', 'biały', 66699, 120, 1, 'WRTSHCV', 400),
(197, 'Volkswagen', 'Tiguan', '2018', 'czarny', 111074, 149, 1, 'WR2F78K', 700),
(198, 'Hyundai', 'Tucson', '2015', 'czarny', 128605, 123, 1, 'WRKCYAW', 700),
(199, 'Dacia', 'Duster', '2019', 'błękitny', 91142, 193, 0, 'WRMAKZ6', 200),
(200, 'Audi', 'A3', '2018', 'srebrny', 115349, 106, 1, 'WRKPQEI', 800);

-- --------------------------------------------------------

--
-- Struktura tabeli dla tabeli `klienci`
--

CREATE TABLE `klienci` (
  `id` int(11) NOT NULL,
  `imie` varchar(30) NOT NULL,
  `nazwisko` varchar(30) NOT NULL,
  `nr_tel` bigint(20) DEFAULT NULL,
  `email` varchar(40) DEFAULT NULL,
  `data_ur` date DEFAULT NULL
) ENGINE=InnoDB DEFAULT CHARSET=utf8 COLLATE=utf8_bin;

--
-- Dumping data for table `klienci`
--

INSERT INTO `klienci` (`id`, `imie`, `nazwisko`, `nr_tel`, `email`, `data_ur`) VALUES
(1, 'JERZY', 'RUCIŃSKI', 48973055435, 'jer2021@gmail.com', '1958-11-07'),
(2, 'MIKOŁAJ', 'KULPIŃSKI', 48979524342, 'mik3069@gmail.com', '1945-01-10'),
(3, 'JANUSZ', 'LIPNICKI', 48317785360, 'jan5835@gmail.com', '1995-09-24'),
(4, 'LEON', 'PRZYBYŁEK', 48484892824, 'leo5734@gmail.com', '1994-03-20'),
(5, 'ROMAN', 'GREŃ', 48802502567, 'rom9530@gmail.com', '1989-12-13'),
(6, 'FRANCISZEK', 'MŁYNEK', 48933577802, 'fra8352@gmail.com', '1963-09-19'),
(7, 'WŁODZIMIERZ', 'MAJEWSKI', 48807178577, 'wło5712@gmail.com', '1965-02-02'),
(8, 'EUGENIUSZ', 'MAJCHERCZYK', 48551277801, 'eug4582@gmail.com', '1999-05-27'),
(9, 'ROBERT', 'CZARNY', 48136084378, 'rob2567@gmail.com', '1955-06-04'),
(10, 'JACEK', 'POGODA', 48114885372, 'jac8959@gmail.com', '1992-12-11'),
(11, 'ANTONI', 'TURCZYŃSKI', 48335884906, 'ant7651@gmail.com', '1940-03-10'),
(12, 'MARIAN', 'FABISIAK', 48814732221, 'mar2921@gmail.com', '1979-01-07'),
(13, 'ARKADIUSZ', 'KORBEL', 48698625929, 'ark8458@gmail.com', '1959-08-08'),
(14, 'WOJCIECH', 'SAWICZ', 48645703443, 'woj4475@gmail.com', '1940-07-23'),
(15, 'MACIEJ', 'SŁABY', 48159135415, 'mac2957@gmail.com', '1995-09-16'),
(16, 'OSKAR', 'CZERNY', 48375230973, 'osk5822@gmail.com', '1981-11-16'),
(17, 'CEZARY', 'CHMIELARZ', 48637034187, 'cez5710@gmail.com', '1968-06-06'),
(18, 'ANDRZEJ', 'RUSIECKI', 48918561019, 'and1051@gmail.com', '1950-10-26'),
(19, 'MIROSŁAW', 'KOWALCZYK', 48685113420, 'mir6018@gmail.com', '1955-09-20'),
(20, 'BOGUSŁAW', 'SKIBICKI', 48829903901, 'bog2328@gmail.com', '1982-06-14'),
(21, 'JACEK', 'JÓZWIK', 48961772468, 'jac5850@gmail.com', '1995-06-11'),
(22, 'SZYMON', 'TYL', 48544883436, 'szy9491@gmail.com', '1982-04-19'),
(23, 'MAKSYMILIAN', 'SIWY', 48766967756, 'mak8837@gmail.com', '1994-12-15'),
(24, 'MARCEL', 'LENDZION', 48500106156, 'mar1354@gmail.com', '1965-09-09'),
(25, 'TOMASZ', 'ZBLEWSKI', 48166370493, 'tom5267@gmail.com', '1951-01-22'),
(26, 'WALDEMAR', 'WINNICKI', 48997362137, 'wal8390@gmail.com', '1959-04-03'),
(27, 'DANIEL', 'CIOSEK', 48910349263, 'dan8926@gmail.com', '2003-12-25'),
(28, 'ALEKSANDER', 'GRZESZCZYK', 48375367280, 'ale1917@gmail.com', '1977-11-26'),
(29, 'TOMASZ', 'STOLC', 48914166935, 'tom2394@gmail.com', '1971-09-13'),
(30, 'ARKADIUSZ', 'FISCHER', 48347991613, 'ark7834@gmail.com', '1985-02-20'),
(31, 'WŁADYSŁAW', 'WYSZOMIRSKI', 48766212571, 'wła3115@gmail.com', '1960-06-04'),
(32, 'ALAN', 'WOJTAL', 48536694067, 'ala2294@gmail.com', '1997-06-28'),
(33, 'ZDZISŁAW', 'SAWKA', 48852039343, 'zdz3495@gmail.com', '1950-11-11'),
(34, 'MAKSYMILIAN', 'KOWNACKI', 48418780470, 'mak1950@gmail.com', '1946-03-17'),
(35, 'DARIUSZ', 'KOTAS', 48223297584, 'dar4521@gmail.com', '1946-01-06'),
(36, 'BOLESŁAW', 'CZUBAK', 48249460068, 'bol4434@gmail.com', '1990-01-09'),
(37, 'FELIKS', 'JELEŃ', 48525724642, 'fel8923@gmail.com', '1947-09-21'),
(38, 'SZYMON', 'RYCHERT', 48938037564, 'szy7897@gmail.com', '1952-03-15'),
(39, 'WITOLD', 'CIEPIELA', 48955083597, 'wit5173@gmail.com', '1979-04-26'),
(40, 'BOLESŁAW', 'LUBCZYŃSKI', 48661476498, 'bol9717@gmail.com', '1942-02-18'),
(41, 'WŁADYSŁAW', 'TOPCZEWSKI', 48373386698, 'wła1286@gmail.com', '1991-03-23'),
(42, 'WOJCIECH', 'ŚPIEWAK', 48715147324, 'woj1387@gmail.com', '1984-09-16'),
(43, 'RADOSŁAW', 'POGODA', 48545799486, 'rad2088@gmail.com', '1999-05-07'),
(44, 'ŁUKASZ', 'KOTAS', 48255423071, 'łuk6650@gmail.com', '1941-11-06'),
(45, 'KRYSTIAN', 'STAWSKI', 48580414895, 'kry1502@gmail.com', '1958-10-10'),
(46, 'BERNARD', 'BILICKI', 48626726841, 'ber8301@gmail.com', '1978-11-01'),
(47, 'MACIEJ', 'TWARDOWSKI', 48311962969, 'mac9958@gmail.com', '1947-06-13'),
(48, 'TOMASZ', 'KNOPIK', 48721489018, 'tom5627@gmail.com', '1974-09-28'),
(49, 'HUBERT', 'ŁUKASZYK', 48200806602, 'hub5146@gmail.com', '1979-01-20'),
(50, 'DOMINIK', 'LECHOWICZ', 48788144382, 'dom9338@gmail.com', '1993-08-10'),
(51, 'MIKOŁAJ', 'DALECKI', 48299649486, 'mik9262@gmail.com', '1993-03-15'),
(52, 'ZENON', 'KORZENIEWSKI', 48788231530, 'zen7748@gmail.com', '1983-04-04'),
(53, 'FELIKS', 'NICZYPORUK', 48187157546, 'fel6430@gmail.com', '1972-04-16'),
(54, 'ŁUKASZ', 'SIERPIŃSKI', 48860257522, 'łuk4294@gmail.com', '1969-03-19'),
(55, 'STANISŁAW', 'KOŻUCH', 48183951922, 'sta9903@gmail.com', '1947-06-17'),
(56, 'KAZIMIERZ', 'BAŃKOWSKI', 48444829894, 'kaz3531@gmail.com', '1976-05-07'),
(57, 'ARTUR', 'SZOT', 48741968213, 'art6333@gmail.com', '1988-12-10'),
(58, 'MAKSYMILIAN', 'CHOŁUJ', 48361434409, 'mak3347@gmail.com', '1978-04-21'),
(59, 'MAREK', 'TRZNADEL', 48891175370, 'mar6881@gmail.com', '1980-12-22'),
(60, 'ALEKSANDER', 'BOGUSZ', 48900216404, 'ale5562@gmail.com', '1961-10-12'),
(61, 'ARKADIUSZ', 'KAPAŁA', 48282951061, 'ark5391@gmail.com', '1978-05-11'),
(62, 'ANDRZEJ', 'DYBA', 48243614957, 'and9911@gmail.com', '1995-03-17'),
(63, 'NORBERT', 'ZAJDEL', 48455968420, 'nor2357@gmail.com', '1989-02-26'),
(64, 'BRONISŁAW', 'PRZEWOŹNIK', 48941355202, 'bro9880@gmail.com', '1968-01-13'),
(65, 'STANISŁAW', 'KOŁODZIEJSKI', 48663748330, 'sta1896@gmail.com', '1968-08-05'),
(66, 'ALEKSANDER', 'OCIEPKA', 48299771485, 'ale8195@gmail.com', '1945-08-11'),
(67, 'LUCJAN', 'SKOCZEK', 48978100256, 'luc9866@gmail.com', '1974-11-25'),
(68, 'WACŁAW', 'ŚWIERK', 48976503194, 'wac6530@gmail.com', '1979-01-23'),
(69, 'LEON', 'MIŁOSZ', 48193266344, 'leo6354@gmail.com', '2000-02-10'),
(70, 'DARIUSZ', 'JANDA', 48229589632, 'dar8991@gmail.com', '1977-03-25'),
(71, 'WITOLD', 'WALIGÓRA', 48241864641, 'wit5651@gmail.com', '1961-03-02'),
(72, 'BRONISŁAW', 'PIENIĄŻEK', 48267588948, 'bro6901@gmail.com', '1960-04-15'),
(73, 'RAFAŁ', 'POGODA', 48363009918, 'raf4471@gmail.com', '1968-12-14'),
(74, 'DOMINIK', 'PETRENKO', 48799115882, 'dom8833@gmail.com', '1966-11-14'),
(75, 'NORBERT', 'BUDNY', 48243395837, 'nor1265@gmail.com', '1972-06-01'),
(76, 'WITOLD', 'FIGIEL', 48384793322, 'wit9859@gmail.com', '1973-04-25'),
(77, 'ARKADIUSZ', 'KWIECIŃSKI', 48259743473, 'ark2897@gmail.com', '1979-07-24'),
(78, 'ŁUKASZ', 'KUROWSKI', 48290301083, 'łuk5833@gmail.com', '1975-11-04'),
(79, 'MARIUSZ', 'GLIWA', 48355633116, 'mar1905@gmail.com', '1948-04-22'),
(80, 'DAWID', 'DURKA', 48204285794, 'daw8578@gmail.com', '1956-03-05'),
(81, 'NORBERT', 'ŁYSIAK', 48875527742, 'nor7689@gmail.com', '1972-09-10'),
(82, 'PAWEŁ', 'SZOZDA', 48220154457, 'paw3504@gmail.com', '1980-03-05'),
(83, 'MACIEJ', 'KOSZAŁKA', 48763267028, 'mac8999@gmail.com', '1998-01-07'),
(84, 'DOMINIK', 'KRYCZKA', 48940386378, 'dom9693@gmail.com', '1974-07-27'),
(85, 'SEBASTIAN', 'JABŁONOWSKI', 48318513076, 'seb5824@gmail.com', '1954-11-20'),
(86, 'FILIP', 'KOPER', 48531496504, 'fil3539@gmail.com', '1968-01-15'),
(87, 'LEON', 'GAWĘDA', 48640514667, 'leo3695@gmail.com', '1958-05-09'),
(88, 'WIESŁAW', 'TYSZKO', 48665198107, 'wie5542@gmail.com', '1992-12-28'),
(89, 'WALDEMAR', 'LATAWIEC', 48707503248, 'wal8296@gmail.com', '1945-10-13'),
(90, 'KRYSTIAN', 'DŁUGOSZ', 48888332922, 'kry6797@gmail.com', '1956-08-23'),
(91, 'ALEKSANDER', 'KOCUR', 48818148127, 'ale2749@gmail.com', '1941-03-07'),
(92, 'MICHAŁ', 'FILA', 48383341560, 'mic4057@gmail.com', '1946-07-19'),
(93, 'JULIAN', 'CIEŚLA', 48145505226, 'jul4480@gmail.com', '2002-04-15'),
(94, 'JERZY', 'SŁOTWIŃSKI', 48318815506, 'jer7100@gmail.com', '1957-07-12'),
(95, 'BARTŁOMIEJ', 'CZERSKI', 48122141736, 'bar7653@gmail.com', '1993-05-20'),
(96, 'OLIWIER', 'MAJKA', 48637780117, 'oli7066@gmail.com', '1972-02-08'),
(97, 'OSKAR', 'ROSÓŁ', 48794885758, 'osk2754@gmail.com', '1977-12-11'),
(98, 'JAROSŁAW', 'SZYCHOWSKI', 48586774112, 'jar2818@gmail.com', '1997-01-04'),
(99, 'KRZYSZTOF', 'HRYNIEWICZ', 48341015278, 'krz6870@gmail.com', '1949-12-13'),
(100, 'KONRAD', 'WICHER', 48132260492, 'kon2455@gmail.com', '1983-02-05'),
(101, 'ADRIAN', 'SERAFIN', 48361973174, 'adr4834@gmail.com', '1947-12-03'),
(102, 'ADAM', 'ROMANOWICZ', 48670304425, 'ada6441@gmail.com', '1960-11-17'),
(103, 'PATRYK', 'KOSTKA', 48582533672, 'pat7253@gmail.com', '2003-02-08'),
(104, 'LEON', 'SZURA', 48640421612, 'leo2808@gmail.com', '1963-08-05'),
(105, 'MACIEJ', 'ĆWIKŁA', 48554579083, 'mac9585@gmail.com', '2002-10-08'),
(106, 'JAROSŁAW', 'JACAK', 48475590695, 'jar5771@gmail.com', '1993-05-08'),
(107, 'CEZARY', 'KSIĄŻEK', 48107730687, 'cez9691@gmail.com', '1944-07-03'),
(108, 'LUCJAN', 'AKSAMIT', 48541091129, 'luc5598@gmail.com', '1997-08-27'),
(109, 'ALEKSANDER', 'TURKIEWICZ', 48452446409, 'ale2847@gmail.com', '2001-12-04'),
(110, 'BRONISŁAW', 'KOCH', 48827772257, 'bro7491@gmail.com', '1944-04-26'),
(111, 'WŁADYSŁAW', 'KULCZYCKI', 48705300237, 'wła7650@gmail.com', '1985-02-20'),
(112, 'KRYSTIAN', 'MARTYNA', 48616663754, 'kry9397@gmail.com', '1990-11-06'),
(113, 'SYLWESTER', 'KOPANIA', 48627917723, 'syl1763@gmail.com', '1951-12-18'),
(114, 'WALDEMAR', 'BOROWICZ', 48324041793, 'wal9219@gmail.com', '1993-07-03'),
(115, 'ANTONI', 'BOCHNIAK', 48398230557, 'ant5822@gmail.com', '1972-10-15'),
(116, 'ZENON', 'WÓJTOWICZ', 48307506746, 'zen1414@gmail.com', '1980-08-24'),
(117, 'WIESŁAW', 'ANDRYSIAK', 48155453269, 'wie5877@gmail.com', '1971-12-10'),
(118, 'JAKUB', 'KACPROWICZ', 48292948355, 'jak3957@gmail.com', '1990-11-12'),
(119, 'SYLWESTER', 'MENDYK', 48433427591, 'syl5443@gmail.com', '1940-10-20'),
(120, 'BOGDAN', 'WITEK', 48910969659, 'bog8206@gmail.com', '1971-06-02'),
(121, 'FRANCISZEK', 'WERESZCZYŃSKI', 48185059148, 'fra5402@gmail.com', '1943-05-05'),
(122, 'GRZEGORZ', 'PIECHNIK', 48207346121, 'grz3527@gmail.com', '1959-03-28'),
(123, 'LEON', 'KOZIEŁ', 48586725925, 'leo2851@gmail.com', '1986-04-15'),
(124, 'ARTUR', 'STOPKA', 48128118624, 'art1984@gmail.com', '1950-08-20'),
(125, 'EUGENIUSZ', 'CZAPLA', 48971183242, 'eug3317@gmail.com', '1992-02-12'),
(126, 'BARTOSZ', 'BAL', 48981178380, 'bar3999@gmail.com', '1952-06-07'),
(127, 'MAKSYMILIAN', 'TALAR', 48246334081, 'mak8395@gmail.com', '1955-06-13'),
(128, 'DARIUSZ', 'KOTWICKI', 48488379551, 'dar2175@gmail.com', '1992-07-07'),
(129, 'ROBERT', 'STACHURSKI', 48742519121, 'rob1087@gmail.com', '1958-09-23'),
(130, 'ZYGMUNT', 'BORYCZKA', 48907851051, 'zyg8735@gmail.com', '1999-05-05'),
(131, 'DAWID', 'KOSSAKOWSKI', 48639830767, 'daw5592@gmail.com', '1994-02-28'),
(132, 'MARIUSZ', 'PAJEWSKI', 48559575858, 'mar5120@gmail.com', '1951-05-14'),
(133, 'BRONISŁAW', 'DRAGON', 48768176501, 'bro3646@gmail.com', '1964-05-18'),
(134, 'MIŁOSZ', 'ZAWISTOWSKI', 48619494890, 'mił2468@gmail.com', '1971-04-16'),
(135, 'ZBIGNIEW', 'KĘSIK', 48931059404, 'zbi9332@gmail.com', '1940-01-02'),
(136, 'NORBERT', 'KLUSKA', 48309057877, 'nor4568@gmail.com', '1993-12-09'),
(137, 'KACPER', 'SMOLEŃ', 48498938861, 'kac7949@gmail.com', '1997-06-28'),
(138, 'GRZEGORZ', 'IGNATOWICZ', 48471063705, 'grz7510@gmail.com', '1961-01-19'),
(139, 'MARCIN', 'WOLAK', 48275639139, 'mar3583@gmail.com', '1964-04-10'),
(140, 'EDWARD', 'LASOCKI', 48287050762, 'edw6735@gmail.com', '1973-02-09'),
(141, 'MAREK', 'MRÓWCZYŃSKI', 48594495607, 'mar4177@gmail.com', '1955-03-10'),
(142, 'MATEUSZ', 'RUSNAK', 48757081360, 'mat5765@gmail.com', '1978-10-01'),
(143, 'KAZIMIERZ', 'KOROLCZUK', 48469012686, 'kaz1752@gmail.com', '1997-01-17'),
(144, 'HENRYK', 'MIKLASZEWSKI', 48465718138, 'hen1387@gmail.com', '1947-07-09'),
(145, 'SZYMON', 'KAWALA', 48443705666, 'szy2242@gmail.com', '1947-03-16'),
(146, 'MIŁOSZ', 'DANYLIUK', 48851733766, 'mił1686@gmail.com', '1945-12-07'),
(147, 'WITOLD', 'KOZAR', 48935089424, 'wit5779@gmail.com', '1969-05-11'),
(148, 'BERNARD', 'ZAMBRZYCKI', 48643618875, 'ber6701@gmail.com', '1953-11-20'),
(149, 'HUBERT', 'KOŁODYŃSKI', 48438654227, 'hub4875@gmail.com', '1972-06-03'),
(150, 'PAWEŁ', 'SADŁO', 48604384227, 'paw3982@gmail.com', '1952-11-02'),
(151, 'WITOLD', 'KASZA', 48539232118, 'wit5781@gmail.com', '1953-01-07'),
(152, 'HUBERT', 'ŁAKOMY', 48461519340, 'hub7198@gmail.com', '1989-02-10'),
(153, 'JANUSZ', 'DOMŻALSKI', 48461176561, 'jan5122@gmail.com', '1980-12-20'),
(154, 'TADEUSZ', 'BĄKOWSKI', 48355125327, 'tad1142@gmail.com', '1954-10-10'),
(155, 'WOJCIECH', 'TURKOWSKI', 48594987141, 'woj9627@gmail.com', '1957-04-16'),
(156, 'MIROSŁAW', 'KISZKA', 48475083538, 'mir9940@gmail.com', '1984-01-20'),
(157, 'LECH', 'CZAJKOWSKI', 48485938192, 'lec3826@gmail.com', '1984-08-23'),
(158, 'KACPER', 'SIKORA', 48687246193, 'kac2013@gmail.com', '1943-07-07'),
(159, 'TOMASZ', 'TWARDY', 48890491265, 'tom7771@gmail.com', '2001-08-27'),
(160, 'FELIKS', 'BOBEK', 48889374136, 'fel8249@gmail.com', '1979-05-24'),
(161, 'LECH', 'JAWOREK', 48582033680, 'lec9765@gmail.com', '1943-01-01'),
(162, 'MIŁOSZ', 'ONISZCZUK', 48205362932, 'mił9295@gmail.com', '1958-07-07'),
(163, 'SZYMON', 'MICHALEWICZ', 48404703605, 'szy1065@gmail.com', '1947-04-15'),
(164, 'ADRIAN', 'DROŻDŻ', 48970872998, 'adr5331@gmail.com', '1950-09-10'),
(165, 'CEZARY', 'OŻÓG', 48708056648, 'cez1816@gmail.com', '2005-10-07'),
(166, 'IGNACY', 'OSSOWSKI', 48560907086, 'ign9030@gmail.com', '1979-07-14'),
(167, 'JAN', 'ANTKIEWICZ', 48830771149, 'jan6388@gmail.com', '1982-09-04'),
(168, 'JÓZEF', 'DREWNIAK', 48893388909, 'józ1190@gmail.com', '1994-02-19'),
(169, 'GRZEGORZ', 'MERTA', 48559679059, 'grz4663@gmail.com', '1981-11-06'),
(170, 'NORBERT', 'KARCZMARCZYK', 48105126553, 'nor5567@gmail.com', '1976-08-04'),
(171, 'EUGENIUSZ', 'MISZCZUK', 48757937390, 'eug8811@gmail.com', '1961-06-09'),
(172, 'MIKOŁAJ', 'WOJTAS', 48589138032, 'mik1811@gmail.com', '1961-01-02'),
(173, 'WIESŁAW', 'KLESZCZ', 48450014252, 'wie9183@gmail.com', '1994-08-04'),
(174, 'DOMINIK', 'ŚLIWIŃSKI', 48527634133, 'dom5265@gmail.com', '1974-07-13'),
(175, 'ANTONI', 'MATUSIEWICZ', 48427031058, 'ant7110@gmail.com', '1941-02-22'),
(176, 'ZDZISŁAW', 'JĘDRZEJCZYK', 48379236445, 'zdz4327@gmail.com', '1992-06-25'),
(177, 'SEBASTIAN', 'SOŚNICKI', 48110897310, 'seb2691@gmail.com', '1955-11-11'),
(178, 'BOLESŁAW', 'MOLĘDA', 48181284621, 'bol4372@gmail.com', '2005-01-06'),
(179, 'WOJCIECH', 'MURAS', 48220272103, 'woj7565@gmail.com', '1992-12-14'),
(180, 'EDMUND', 'CZEKAJ', 48578281209, 'edm3855@gmail.com', '1960-01-26'),
(181, 'WIKTOR', 'ZWIERZYŃSKI', 48657034143, 'wik7947@gmail.com', '1977-06-11'),
(182, 'NORBERT', 'POHL', 48337085522, 'nor4916@gmail.com', '1976-03-19'),
(183, 'BERNARD', 'WÓJCIAK', 48924796712, 'ber8882@gmail.com', '1962-10-27'),
(184, 'EDMUND', 'GAJ', 48108221770, 'edm9695@gmail.com', '1981-12-27'),
(185, 'WŁODZIMIERZ', 'NIEDZIELSKI', 48121240386, 'wło8512@gmail.com', '1990-05-24'),
(186, 'GRZEGORZ', 'SOBIERAJ', 48631099990, 'grz6181@gmail.com', '1983-03-21'),
(187, 'BARTOSZ', 'IWANICKI', 48116873977, 'bar1596@gmail.com', '1959-07-19'),
(188, 'BARTŁOMIEJ', 'NIEWIŃSKI', 48709896017, 'bar8100@gmail.com', '1978-02-18'),
(189, 'ŁUKASZ', 'SOJA', 48991875879, 'łuk1262@gmail.com', '1984-05-10'),
(190, 'SYLWESTER', 'JAGIELSKI', 48429230083, 'syl2451@gmail.com', '1971-10-17'),
(191, 'SYLWESTER', 'CHROMIŃSKI', 48901768936, 'syl9296@gmail.com', '1979-06-16'),
(192, 'WACŁAW', 'FRANCZYK', 48586004547, 'wac5327@gmail.com', '1965-07-08'),
(193, 'BARTOSZ', 'ZAŁĘSKI', 48364677906, 'bar1329@gmail.com', '1946-11-25'),
(194, 'WOJCIECH', 'SUROWIEC', 48962451895, 'woj8300@gmail.com', '1974-06-08'),
(195, 'PAWEŁ', 'GUMOWSKI', 48440244471, 'paw5049@gmail.com', '1964-02-01'),
(196, 'MACIEJ', 'GRZESZCZUK', 48513658923, 'mac3852@gmail.com', '1950-09-03'),
(197, 'MAREK', 'KUSZ', 48953591834, 'mar5454@gmail.com', '1991-05-17'),
(198, 'JANUSZ', 'GAWRYCH', 48427065190, 'jan8506@gmail.com', '1967-05-27'),
(199, 'RADOSŁAW', 'WOJCIESZAK', 48198958261, 'rad7324@gmail.com', '1960-05-22'),
(200, 'WACŁAW', 'DERA', 48616113911, 'wac1868@gmail.com', '2001-05-01'),
(201, 'ANTONI', 'LYTVYN', 48252595271, 'ant1065@gmail.com', '1974-08-09'),
(202, 'RADOSŁAW', 'ŚLIWA', 48984918611, 'rad2500@gmail.com', '1974-02-21'),
(203, 'HUBERT', 'PODRAZA', 48395585385, 'hub9654@gmail.com', '1993-07-09'),
(204, 'MARCEL', 'DOŁĘGOWSKI', 48856267861, 'mar7853@gmail.com', '1959-03-19'),
(205, 'EDMUND', 'WOJAS', 48715718211, 'edm8314@gmail.com', '1947-03-02'),
(206, 'JAN', 'WICIŃSKI', 48438157821, 'jan8361@gmail.com', '1957-05-21'),
(207, 'WIKTOR', 'JAROCH', 48996929374, 'wik3205@gmail.com', '1979-09-26'),
(208, 'SYLWESTER', 'TRZNADEL', 48202141929, 'syl1403@gmail.com', '2004-01-04'),
(209, 'ADAM', 'SZEWCZAK', 48672320123, 'ada8188@gmail.com', '1973-01-27'),
(210, 'SŁAWOMIR', 'BIEL', 48859687100, 'sła4506@gmail.com', '1972-03-25'),
(211, 'ŁUKASZ', 'BURDA', 48174333595, 'łuk6341@gmail.com', '1940-06-26'),
(212, 'HUBERT', 'IGNASZAK', 48534073388, 'hub5155@gmail.com', '1979-07-10'),
(213, 'LESZEK', 'GIL', 48795340521, 'les8329@gmail.com', '1981-10-02'),
(214, 'ADRIAN', 'ZARZYCKI', 48109952654, 'adr6360@gmail.com', '1969-11-01'),
(215, 'MARIUSZ', 'JAKUBOWSKI', 48249981870, 'mar2447@gmail.com', '1978-07-04'),
(216, 'CEZARY', 'ŚWIĘTEK', 48844155722, 'cez1692@gmail.com', '1960-10-01'),
(217, 'HUBERT', 'KOZUB', 48847323946, 'hub7558@gmail.com', '1986-01-06'),
(218, 'ARTUR', 'DUDA', 48485730375, 'art3138@gmail.com', '1989-10-13'),
(219, 'WIESŁAW', 'SOŁOWIEJ', 48153581112, 'wie9916@gmail.com', '1993-07-26'),
(220, 'WŁADYSŁAW', 'MAŁYSKA', 48540967877, 'wła6591@gmail.com', '1984-04-26'),
(221, 'MARCIN', 'MARUSZAK', 48784542596, 'mar5973@gmail.com', '1993-05-26'),
(222, 'ZDZISŁAW', 'MANIECKI', 48212786195, 'zdz5934@gmail.com', '1969-05-23'),
(223, 'GRZEGORZ', 'KOPERSKI', 48827234881, 'grz1570@gmail.com', '1990-06-20'),
(224, 'MAKSYMILIAN', 'BIENIASZ', 48192402138, 'mak8963@gmail.com', '2000-06-07'),
(225, 'HUBERT', 'ZABAWA', 48338917406, 'hub9567@gmail.com', '1965-06-22'),
(226, 'ZYGMUNT', 'MAJER', 48815751377, 'zyg8466@gmail.com', '1961-11-15'),
(227, 'ZDZISŁAW', 'KUŚNIERZ', 48427197834, 'zdz2341@gmail.com', '1946-08-11'),
(228, 'BOGDAN', 'VASYLENKO', 48311892938, 'bog7357@gmail.com', '2004-08-23'),
(229, 'STEFAN', 'KOŁODZIEJSKI', 48741191191, 'ste6148@gmail.com', '1974-08-19'),
(230, 'DOMINIK', 'KOCOŃ', 48640049471, 'dom6123@gmail.com', '1945-07-24'),
(231, 'WIKTOR', 'MATYSIAK', 48161204925, 'wik2616@gmail.com', '1980-05-09'),
(232, 'ZENON', 'PERLIŃSKI', 48626452604, 'zen3461@gmail.com', '1964-04-16'),
(233, 'OSKAR', 'MAŃCZAK', 48303443454, 'osk8856@gmail.com', '1960-12-14'),
(234, 'JAN', 'BARTNICKI', 48743331175, 'jan6695@gmail.com', '2000-06-22'),
(235, 'STEFAN', 'JURECZKO', 48881328428, 'ste1725@gmail.com', '1998-07-08'),
(236, 'WALDEMAR', 'FEDOROV', 48914330957, 'wal6024@gmail.com', '1995-03-08'),
(237, 'MATEUSZ', 'BARABASZ', 48971444250, 'mat3084@gmail.com', '1994-08-22'),
(238, 'ALAN', 'ŁUBA', 48970403375, 'ala3720@gmail.com', '1986-10-20'),
(239, 'SŁAWOMIR', 'KUSHNIR', 48283041508, 'sła4142@gmail.com', '1978-09-09'),
(240, 'MATEUSZ', 'MAKARUK', 48404656279, 'mat3980@gmail.com', '1979-07-07'),
(241, 'IRENEUSZ', 'STEC', 48713116064, 'ire8283@gmail.com', '1987-10-22'),
(242, 'LESZEK', 'JAROSZ', 48400305085, 'les1751@gmail.com', '1968-01-07'),
(243, 'OSKAR', 'KOLANOWSKI', 48534713326, 'osk4815@gmail.com', '1994-01-17'),
(244, 'CEZARY', 'CZERSKI', 48174209533, 'cez8849@gmail.com', '1966-08-28'),
(245, 'ANDRZEJ', 'SUMARA', 48675515330, 'and4065@gmail.com', '1983-01-08'),
(246, 'BERNARD', 'GROCHOLSKI', 48833043516, 'ber1548@gmail.com', '2003-06-28'),
(247, 'MAREK', 'KRZYSZTOŃ', 48675390764, 'mar3167@gmail.com', '1984-08-11'),
(248, 'SŁAWOMIR', 'MUZYKA', 48347580818, 'sła3118@gmail.com', '1944-11-03'),
(249, 'ARTUR', 'NAREWSKI', 48878603979, 'art1996@gmail.com', '1963-03-23'),
(250, 'CEZARY', 'MRÓZ', 48966453913, 'cez6243@gmail.com', '1973-05-17'),
(251, 'ALAN', 'MANIA', 48430885400, 'ala9035@gmail.com', '1951-03-19'),
(252, 'KAROL', 'PACH', 48136503119, 'kar4955@gmail.com', '1956-10-19'),
(253, 'BERNARD', 'SZCZERBA', 48619339848, 'ber6933@gmail.com', '1995-07-03'),
(254, 'JANUSZ', 'OBUCHOWSKI', 48821125225, 'jan9861@gmail.com', '1996-11-13'),
(255, 'KRZYSZTOF', 'KOMAR', 48790383774, 'krz4110@gmail.com', '1959-08-03'),
(256, 'EUGENIUSZ', 'SKOCZEK', 48290070460, 'eug3822@gmail.com', '1955-12-24'),
(257, 'PATRYK', 'GAJEK', 48239065543, 'pat9907@gmail.com', '1960-06-03'),
(258, 'DAMIAN', 'GĄSIEWSKI', 48904630144, 'dam3677@gmail.com', '2002-12-23'),
(259, 'KRYSTIAN', 'LATOCHA', 48648514414, 'kry9652@gmail.com', '1954-06-05'),
(260, 'ZENON', 'MÓL', 48479247106, 'zen5740@gmail.com', '1947-11-06'),
(261, 'DAWID', 'STEFANIK', 48665751140, 'daw3872@gmail.com', '1999-11-10'),
(262, 'KAZIMIERZ', 'MICHAŁKIEWICZ', 48662906563, 'kaz9498@gmail.com', '1947-01-09'),
(263, 'STEFAN', 'OLEŚ', 48619007201, 'ste7652@gmail.com', '1994-11-14'),
(264, 'FRANCISZEK', 'NAGÓRSKI', 48834871346, 'fra6990@gmail.com', '1995-07-27'),
(265, 'MATEUSZ', 'GRELA', 48988161205, 'mat2766@gmail.com', '2005-09-14'),
(266, 'CZESŁAW', 'MAKARENKO', 48196320200, 'cze6536@gmail.com', '1995-05-08'),
(267, 'DANIEL', 'STEĆ', 48583318316, 'dan5143@gmail.com', '1975-09-06'),
(268, 'NORBERT', 'WOŹNIAK', 48339232280, 'nor2640@gmail.com', '1999-10-01'),
(269, 'OLIWIER', 'PAPIERNIK', 48936405601, 'oli9704@gmail.com', '1981-05-06'),
(270, 'MACIEJ', 'KOCHAŃSKI', 48210556348, 'mac3259@gmail.com', '1970-12-16'),
(271, 'ARKADIUSZ', 'KARWOWSKI', 48944807472, 'ark8927@gmail.com', '1986-06-06'),
(272, 'HENRYK', 'SERDIUK', 48181324011, 'hen6169@gmail.com', '1948-01-18'),
(273, 'FILIP', 'WIĘCKOWSKI', 48596164800, 'fil3346@gmail.com', '1962-02-26'),
(274, 'FILIP', 'WOŁOWSKI', 48207823014, 'fil8880@gmail.com', '1999-04-04'),
(275, 'EDWARD', 'GRUDZIŃSKI', 48149294193, 'edw7809@gmail.com', '1943-04-22'),
(276, 'JÓZEF', 'STANIEK', 48711551680, 'józ8571@gmail.com', '1967-12-02'),
(277, 'ALAN', 'CICHOCKI', 48410323453, 'ala2868@gmail.com', '2005-12-17'),
(278, 'RYSZARD', 'CICHOCKI', 48656210748, 'rys9420@gmail.com', '1952-04-26'),
(279, 'MATEUSZ', 'MARCZYK', 48541861407, 'mat4325@gmail.com', '1949-09-03'),
(280, 'EDMUND', 'DZIEKOŃSKI', 48122240308, 'edm2413@gmail.com', '1961-03-27'),
(281, 'BRONISŁAW', 'KOŚKA', 48856504291, 'bro7083@gmail.com', '1996-05-06'),
(282, 'LUCJAN', 'SOBALA', 48667353496, 'luc9763@gmail.com', '1973-09-08'),
(283, 'IGNACY', 'BORYCZKA', 48532016358, 'ign3513@gmail.com', '1976-07-07'),
(284, 'EDMUND', 'WĄTOR', 48335615431, 'edm6215@gmail.com', '1977-04-14'),
(285, 'JANUSZ', 'JÓZEFCZYK', 48341835491, 'jan1830@gmail.com', '1965-02-03'),
(286, 'WŁADYSŁAW', 'POLOWCZYK', 48866152841, 'wła9686@gmail.com', '1958-09-27'),
(287, 'ZENON', 'MAJ', 48654901946, 'zen4708@gmail.com', '1941-11-18'),
(288, 'DOMINIK', 'MARCINOWSKI', 48917284364, 'dom4033@gmail.com', '1986-01-07'),
(289, 'WALDEMAR', 'KRASIŃSKI', 48392068462, 'wal4700@gmail.com', '1992-07-12'),
(290, 'BRONISŁAW', 'DROŻDŻ', 48737230314, 'bro2989@gmail.com', '1970-04-22'),
(291, 'PRZEMYSŁAW', 'KOŹMIŃSKI', 48237066681, 'prz2302@gmail.com', '1952-10-12'),
(292, 'WITOLD', 'WALASZCZYK', 48311026204, 'wit4039@gmail.com', '1995-09-04'),
(293, 'IGNACY', 'GRZESIK', 48478926607, 'ign2538@gmail.com', '2002-07-16'),
(294, 'JULIAN', 'KRUSZYŃSKI', 48780234357, 'jul2315@gmail.com', '1967-03-17'),
(295, 'PRZEMYSŁAW', 'FILIP', 48660255267, 'prz1614@gmail.com', '1986-04-10'),
(296, 'SYLWESTER', 'SZEFER', 48728990112, 'syl7604@gmail.com', '1968-05-14'),
(297, 'TOMASZ', 'BYCZEK', 48729506870, 'tom2022@gmail.com', '2000-09-25'),
(298, 'MAKSYMILIAN', 'PIEKARZ', 48856052903, 'mak8762@gmail.com', '1960-08-27'),
(299, 'WŁADYSŁAW', 'MIESZCZAK', 48967134423, 'wła4946@gmail.com', '1949-12-08'),
(300, 'DOMINIK', 'DYLEWSKI', 48447768355, 'dom9466@gmail.com', '1966-03-20'),
(301, 'SEBASTIAN', 'KORALEWSKI', 48691544623, 'seb7920@gmail.com', '2001-09-10'),
(302, 'IRENEUSZ', 'JELIŃSKI', 48975003248, 'ire1915@gmail.com', '2000-07-24'),
(303, 'NORBERT', 'MOSTOWSKI', 48962984977, 'nor4660@gmail.com', '2002-03-26'),
(304, 'MARIAN', 'MIELNICKI', 48973495206, 'mar3137@gmail.com', '1965-07-22'),
(305, 'ALAN', 'BAŁDYGA', 48491300853, 'ala6801@gmail.com', '1966-03-20'),
(306, 'MIŁOSZ', 'DAWIDOWICZ', 48992058203, 'mił3628@gmail.com', '1981-02-20'),
(307, 'ANTONI', 'GŁUSZEK', 48742776517, 'ant8106@gmail.com', '1972-11-28'),
(308, 'PRZEMYSŁAW', 'KOMENDA', 48590614555, 'prz4014@gmail.com', '1988-07-23'),
(309, 'JERZY', 'STEĆ', 48191332895, 'jer3619@gmail.com', '2001-06-23'),
(310, 'ANDRZEJ', 'MACZUGA', 48126139367, 'and9992@gmail.com', '1958-11-13'),
(311, 'KONRAD', 'SÓWKA', 48213521393, 'kon6452@gmail.com', '1992-02-20'),
(312, 'KRZYSZTOF', 'ARCISZEWSKI', 48170138383, 'krz4190@gmail.com', '1979-05-17'),
(313, 'PAWEŁ', 'WSZOŁEK', 48233236266, 'paw1228@gmail.com', '1968-11-08'),
(314, 'MAREK', 'KRAWCZYK', 48142719545, 'mar6728@gmail.com', '1969-11-26'),
(315, 'OLIWIER', 'URBANIAK', 48187300975, 'oli4477@gmail.com', '1975-11-19'),
(316, 'HUBERT', 'JAWOREK', 48860598773, 'hub3332@gmail.com', '2000-03-14'),
(317, 'IRENEUSZ', 'RĄPAŁA', 48300246101, 'ire5782@gmail.com', '1963-01-11'),
(318, 'ANDRZEJ', 'KULAWIK', 48792072626, 'and3057@gmail.com', '2003-05-07'),
(319, 'RYSZARD', 'MANIAK', 48563408806, 'rys9350@gmail.com', '1955-08-11'),
(320, 'ADAM', 'SZAŁEK', 48668397047, 'ada2667@gmail.com', '1992-01-21'),
(321, 'BARTOSZ', 'NOWORYTA', 48380543235, 'bar6428@gmail.com', '1954-09-18'),
(322, 'DANIEL', 'GRABAREK', 48748758920, 'dan9528@gmail.com', '1949-08-21'),
(323, 'JANUSZ', 'ZAŁOGA', 48933469715, 'jan6768@gmail.com', '1996-01-03'),
(324, 'PIOTR', 'RYNKIEWICZ', 48800906507, 'pio1068@gmail.com', '1973-02-08'),
(325, 'LEON', 'GRZĄDZIEL', 48252799154, 'leo8169@gmail.com', '1977-07-11'),
(326, 'WIKTOR', 'BANASZKIEWICZ', 48758842753, 'wik3787@gmail.com', '1951-06-13'),
(327, 'BOGDAN', 'DOLECKI', 48820854174, 'bog9154@gmail.com', '1993-02-23'),
(328, 'WIESŁAW', 'GAIK', 48441025486, 'wie7414@gmail.com', '1941-01-20'),
(329, 'BOGUSŁAW', 'CZEPIEL', 48717456661, 'bog9693@gmail.com', '1991-07-18'),
(330, 'ZENON', 'BERNACIAK', 48737590985, 'zen7285@gmail.com', '1955-04-23'),
(331, 'WŁADYSŁAW', 'RADZKI', 48968811203, 'wła1002@gmail.com', '1996-11-02'),
(332, 'PATRYK', 'PETRUK', 48897921051, 'pat1835@gmail.com', '1950-09-27'),
(333, 'MATEUSZ', 'ROSA', 48448760514, 'mat1905@gmail.com', '1946-06-10'),
(334, 'EDMUND', 'CEGIEŁKA', 48344390721, 'edm4554@gmail.com', '1960-11-01'),
(335, 'WOJCIECH', 'WASZAK', 48455407418, 'woj3128@gmail.com', '1989-01-27'),
(336, 'LECH', 'BRODOWSKI', 48772057090, 'lec4420@gmail.com', '1948-04-10'),
(337, 'WIESŁAW', 'SPYRA', 48460853770, 'wie2597@gmail.com', '1944-03-13'),
(338, 'JÓZEF', 'PACHOLCZYK', 48770864293, 'józ1012@gmail.com', '1951-11-12'),
(339, 'WOJCIECH', 'BIAŁEK', 48287236004, 'woj7213@gmail.com', '1995-05-03'),
(340, 'ADRIAN', 'DŁUGOSZ', 48915761596, 'adr1673@gmail.com', '1946-11-10'),
(341, 'BOGUSŁAW', 'STANEK', 48888268947, 'bog5066@gmail.com', '1956-05-08'),
(342, 'PIOTR', 'CHUDZIK', 48960273381, 'pio7646@gmail.com', '1981-12-10'),
(343, 'ALAN', 'SUPIŃSKI', 48465698714, 'ala8171@gmail.com', '1997-06-23'),
(344, 'ZBIGNIEW', 'MARCINEK', 48988856156, 'zbi4763@gmail.com', '1990-08-20'),
(345, 'SŁAWOMIR', 'WŁODARSKI', 48583002969, 'sła4908@gmail.com', '1942-10-14'),
(346, 'RYSZARD', 'MIKULSKI', 48727997639, 'rys7347@gmail.com', '1989-07-08'),
(347, 'HUBERT', 'DURKA', 48938565567, 'hub9405@gmail.com', '1984-08-09'),
(348, 'MAREK', 'WYRZYKOWSKI', 48953997308, 'mar2002@gmail.com', '2000-08-01'),
(349, 'TADEUSZ', 'CIEPŁY', 48272461949, 'tad9521@gmail.com', '1960-11-11'),
(350, 'MIROSŁAW', 'FIJAŁKOWSKI', 48782100562, 'mir1860@gmail.com', '1967-08-06'),
(351, 'TOMASZ', 'KRYNICKI', 48522403114, 'tom8718@gmail.com', '1972-06-20'),
(352, 'JAROSŁAW', 'MIGDALSKI', 48856602909, 'jar5718@gmail.com', '1940-09-06'),
(353, 'STANISŁAW', 'GRODZKI', 48864097737, 'sta2711@gmail.com', '1964-03-10'),
(354, 'RAFAŁ', 'WIŚNIEWSKI', 48164243361, 'raf7720@gmail.com', '1976-07-15'),
(355, 'WOJCIECH', 'KOWALEWSKI', 48174262249, 'woj2325@gmail.com', '1956-04-18'),
(356, 'DAMIAN', 'PIEC', 48214316305, 'dam1159@gmail.com', '1969-05-03'),
(357, 'MARCEL', 'JOŃCA', 48402361049, 'mar4779@gmail.com', '1966-12-23'),
(358, 'WŁODZIMIERZ', 'MŁODZIANOWSKI', 48555444439, 'wło1210@gmail.com', '1986-04-02'),
(359, 'MATEUSZ', 'DRZYMAŁA', 48893740467, 'mat4034@gmail.com', '1967-04-23'),
(360, 'NORBERT', 'WILIŃSKI', 48615406653, 'nor4465@gmail.com', '1983-02-01'),
(361, 'KONRAD', 'KĘSKA', 48324087994, 'kon9740@gmail.com', '1983-06-19'),
(362, 'SEBASTIAN', 'PIEKUT', 48273516286, 'seb6395@gmail.com', '1953-08-06'),
(363, 'RAFAŁ', 'POŚPIECH', 48176598420, 'raf1249@gmail.com', '1996-02-05'),
(364, 'CEZARY', 'MIKSA', 48504371386, 'cez6893@gmail.com', '1978-09-17'),
(365, 'BRONISŁAW', 'ZACHARSKI', 48467536560, 'bro3533@gmail.com', '1944-01-19'),
(366, 'HUBERT', 'RYBACKI', 48440278267, 'hub7833@gmail.com', '1952-12-06'),
(367, 'ALAN', 'BINEK', 48735429495, 'ala7305@gmail.com', '1963-01-09'),
(368, 'BARTŁOMIEJ', 'LUBAŃSKI', 48355281930, 'bar1451@gmail.com', '1971-04-08'),
(369, 'KACPER', 'BRULIŃSKI', 48706113535, 'kac4667@gmail.com', '2004-07-04'),
(370, 'WIESŁAW', 'SMOLAK', 48408319515, 'wie1713@gmail.com', '2000-02-27'),
(371, 'MICHAŁ', 'BŁOŃSKI', 48916937306, 'mic4897@gmail.com', '1963-02-01'),
(372, 'ADAM', 'PIECHOWSKI', 48370945948, 'ada1332@gmail.com', '1980-12-22'),
(373, 'TOMASZ', 'HRYNIEWICZ', 48293738706, 'tom4284@gmail.com', '1948-05-06'),
(374, 'WITOLD', 'MATYSIAK', 48232926503, 'wit4622@gmail.com', '1998-11-20'),
(375, 'ZBIGNIEW', 'ANDRZEJCZYK', 48180582179, 'zbi4793@gmail.com', '1943-10-09'),
(376, 'WŁADYSŁAW', 'MODRZYŃSKI', 48329801986, 'wła7319@gmail.com', '1984-06-21'),
(377, 'SZYMON', 'KULYK', 48125522876, 'szy1163@gmail.com', '1977-06-04'),
(378, 'KRYSTIAN', 'SÓWKA', 48320240921, 'kry2521@gmail.com', '1945-07-25'),
(379, 'GRZEGORZ', 'SURMA', 48734309485, 'grz3396@gmail.com', '1969-10-27'),
(380, 'ZDZISŁAW', 'JAMKA', 48260626716, 'zdz4509@gmail.com', '1944-12-04'),
(381, 'ADAM', 'MŁODAWSKI', 48345372569, 'ada9430@gmail.com', '1988-09-04'),
(382, 'ANTONI', 'SZLAGA', 48142536196, 'ant1979@gmail.com', '1984-03-07'),
(383, 'STANISŁAW', 'OKRÓJ', 48757758274, 'sta2457@gmail.com', '1947-04-04'),
(384, 'WOJCIECH', 'SHAPOVALOV', 48688727797, 'woj6945@gmail.com', '1963-08-04'),
(385, 'IRENEUSZ', 'BOŁOZ', 48250300385, 'ire1587@gmail.com', '2001-01-06'),
(386, 'ANTONI', 'STERNIK', 48118473837, 'ant2557@gmail.com', '1963-07-22'),
(387, 'KAMIL', 'KUŁAGA', 48606030823, 'kam8374@gmail.com', '1968-05-12'),
(388, 'ARKADIUSZ', 'ROWICKI', 48721006901, 'ark3401@gmail.com', '2002-01-07'),
(389, 'NORBERT', 'PAVLENKO', 48157549918, 'nor5514@gmail.com', '1968-04-28'),
(390, 'IRENEUSZ', 'GAWROŃSKI', 48287303393, 'ire1604@gmail.com', '1971-11-19'),
(391, 'SEBASTIAN', 'NAJDEK', 48632100543, 'seb2297@gmail.com', '1973-05-28'),
(392, 'KAROL', 'KORNATOWSKI', 48231806611, 'kar6806@gmail.com', '1947-02-09'),
(393, 'SŁAWOMIR', 'SOBOTKA', 48990190382, 'sła5809@gmail.com', '1998-11-05'),
(394, 'JULIAN', 'MOLSKI', 48521943760, 'jul3431@gmail.com', '1947-12-12'),
(395, 'ADAM', 'ŚWIERCZEWSKI', 48679757755, 'ada9395@gmail.com', '1994-01-26'),
(396, 'BERNARD', 'KACZMAREK', 48792199139, 'ber5885@gmail.com', '2005-06-13'),
(397, 'WIESŁAW', 'LISEWSKI', 48598678395, 'wie8544@gmail.com', '2001-12-10'),
(398, 'ZBIGNIEW', 'FRANCUZ', 48354092187, 'zbi4123@gmail.com', '1965-11-18'),
(399, 'WOJCIECH', 'SEKUŁA', 48613824713, 'woj7351@gmail.com', '2000-05-20'),
(400, 'MAREK', 'KRZAK', 48247583268, 'mar8359@gmail.com', '1971-11-06'),
(401, 'ROBERT', 'MODZELEWSKI', 48125525177, 'rob6847@gmail.com', '1989-07-15'),
(402, 'HUBERT', 'SOBEK', 48325928005, 'hub8030@gmail.com', '1981-07-23'),
(403, 'MARIUSZ', 'PASTUSZKA', 48172593782, 'mar9113@gmail.com', '2001-02-01'),
(404, 'ZYGMUNT', 'ŁABUZ', 48351415063, 'zyg6098@gmail.com', '1998-02-17'),
(405, 'BOGDAN', 'LENARTOWICZ', 48281216726, 'bog4793@gmail.com', '1953-06-25'),
(406, 'NORBERT', 'SUWAŁA', 48711087159, 'nor8861@gmail.com', '1979-03-27'),
(407, 'JERZY', 'RACHWAŁ', 48153182385, 'jer9178@gmail.com', '1967-12-13'),
(408, 'MAKSYMILIAN', 'JASKOT', 48344069668, 'mak5097@gmail.com', '1970-11-22'),
(409, 'OSKAR', 'WYCISK', 48210890152, 'osk8211@gmail.com', '1963-01-02'),
(410, 'OLIWIER', 'BULCZAK', 48991896003, 'oli3535@gmail.com', '1989-07-03'),
(411, 'PRZEMYSŁAW', 'OLEKSY', 48418887275, 'prz4606@gmail.com', '1995-09-24'),
(412, 'DANIEL', 'BOROWIAK', 48182814578, 'dan7843@gmail.com', '1951-02-08'),
(413, 'RADOSŁAW', 'JARUGA', 48346298329, 'rad9756@gmail.com', '1954-08-19'),
(414, 'KAROL', 'ROŻEK', 48501920581, 'kar6223@gmail.com', '1955-10-24'),
(415, 'ZENON', 'DĘBEK', 48122568852, 'zen9005@gmail.com', '1944-04-28'),
(416, 'CZESŁAW', 'ANTONIAK', 48343162733, 'cze7894@gmail.com', '1948-08-08'),
(417, 'MIKOŁAJ', 'BAJKOWSKI', 48857180852, 'mik2589@gmail.com', '1961-11-18'),
(418, 'BRONISŁAW', 'SYTA', 48872643596, 'bro5246@gmail.com', '1987-03-07'),
(419, 'JAN', 'JUREWICZ', 48512290960, 'jan2113@gmail.com', '1940-08-18'),
(420, 'BARTŁOMIEJ', 'ROSIŃSKI', 48673600340, 'bar9769@gmail.com', '1989-05-13'),
(421, 'MARIAN', 'NADOLSKI', 48889648332, 'mar6894@gmail.com', '1952-11-09'),
(422, 'ANDRZEJ', 'MARCZYK', 48763973715, 'and2630@gmail.com', '1969-10-10'),
(423, 'NORBERT', 'KUŁAK', 48443162554, 'nor2964@gmail.com', '1992-08-11'),
(424, 'KRYSTIAN', 'BOBER', 48957043093, 'kry4367@gmail.com', '1961-02-13'),
(425, 'ANTONI', 'ŻACZEK', 48834215414, 'ant7732@gmail.com', '1993-10-10'),
(426, 'ANDRZEJ', 'KĘDRA', 48502837703, 'and4416@gmail.com', '1952-01-15'),
(427, 'MIECZYSŁAW', 'PYTKA', 48427423306, 'mie2448@gmail.com', '1979-05-12'),
(428, 'ANDRZEJ', 'BARABASZ', 48821360982, 'and2632@gmail.com', '1987-09-26'),
(429, 'ROBERT', 'MÓL', 48357216409, 'rob1850@gmail.com', '1985-11-21'),
(430, 'BARTŁOMIEJ', 'RÓŻAŃSKI', 48689130211, 'bar3482@gmail.com', '1956-02-24'),
(431, 'RAFAŁ', 'GOŁDA', 48171984498, 'raf4994@gmail.com', '1991-04-10'),
(432, 'ANTONI', 'WOJTANOWSKI', 48168378449, 'ant1085@gmail.com', '1969-05-19'),
(433, 'KRZYSZTOF', 'PETRUK', 48585919671, 'krz4458@gmail.com', '1957-09-05'),
(434, 'JANUSZ', 'JASKÓŁKA', 48637954964, 'jan4924@gmail.com', '1966-08-27'),
(435, 'ALAN', 'ZAMBRZYCKI', 48719875441, 'ala9229@gmail.com', '1975-05-12'),
(436, 'JAROSŁAW', 'ŁYSIK', 48395682146, 'jar6111@gmail.com', '1951-01-12'),
(437, 'MARCIN', 'PYTKA', 48130504282, 'mar8833@gmail.com', '1951-02-02'),
(438, 'KRZYSZTOF', 'PTASZEK', 48127726564, 'krz5519@gmail.com', '1961-12-02'),
(439, 'WIESŁAW', 'ANTONIUK', 48144303002, 'wie9965@gmail.com', '1941-07-15'),
(440, 'WALDEMAR', 'ROSZYK', 48718424769, 'wal8166@gmail.com', '1941-03-01'),
(441, 'JACEK', 'ABRAM', 48863641905, 'jac7891@gmail.com', '1943-01-27'),
(442, 'SŁAWOMIR', 'ROMAŃCZUK', 48796019337, 'sła3582@gmail.com', '1949-04-23'),
(443, 'MIKOŁAJ', 'POSTEK', 48379382322, 'mik6813@gmail.com', '1974-08-10'),
(444, 'DOMINIK', 'ŁATA', 48740534897, 'dom6899@gmail.com', '1970-06-06'),
(445, 'DANIEL', 'SKRODZKI', 48425009968, 'dan2394@gmail.com', '1980-08-28'),
(446, 'IGNACY', 'RADZKI', 48618513529, 'ign5053@gmail.com', '1946-05-12'),
(447, 'JULIAN', 'DOLNY', 48334813858, 'jul3370@gmail.com', '1958-04-12'),
(448, 'MATEUSZ', 'ZIMA', 48189999953, 'mat5942@gmail.com', '1942-10-18'),
(449, 'MAKSYMILIAN', 'RACZEK', 48353045138, 'mak4647@gmail.com', '1995-05-13'),
(450, 'WITOLD', 'CIEPLAK', 48586315654, 'wit5149@gmail.com', '1941-02-25'),
(451, 'RAFAŁ', 'OKUNIEWSKI', 48926455663, 'raf2104@gmail.com', '1983-10-05'),
(452, 'LUDWIK', 'KRUSZYNA', 48751206059, 'lud8227@gmail.com', '1981-10-07'),
(453, 'KAROL', 'CZERWIEC', 48298715020, 'kar6810@gmail.com', '1993-02-01'),
(454, 'SŁAWOMIR', 'PLEWKA', 48960795789, 'sła9006@gmail.com', '1969-10-27'),
(455, 'HENRYK', 'SKWAREK', 48785692051, 'hen2018@gmail.com', '1942-03-07'),
(456, 'BOLESŁAW', 'GŁADKI', 48370500357, 'bol7475@gmail.com', '1971-11-28'),
(457, 'ARKADIUSZ', 'BARTOSZEK', 48701836621, 'ark2520@gmail.com', '2005-06-02'),
(458, 'RAFAŁ', 'STUDNICKI', 48551384599, 'raf8531@gmail.com', '1988-06-05'),
(459, 'HENRYK', 'JASIAK', 48271501750, 'hen1270@gmail.com', '1980-05-27'),
(460, 'SEBASTIAN', 'SUJKA', 48811200501, 'seb4375@gmail.com', '1942-03-15'),
(461, 'BOLESŁAW', 'GAŁĄZKA', 48882241360, 'bol2328@gmail.com', '1973-05-19'),
(462, 'OLIWIER', 'KOCZWARA', 48785149415, 'oli7815@gmail.com', '1985-08-26'),
(463, 'LECH', 'WĄCHAŁA', 48772338178, 'lec2227@gmail.com', '2004-05-09'),
(464, 'LECH', 'MARTYNA', 48801496476, 'lec7342@gmail.com', '1975-07-18'),
(465, 'CZESŁAW', 'ŚWITOŃ', 48391639624, 'cze1818@gmail.com', '1999-11-14'),
(466, 'PRZEMYSŁAW', 'JUCHA', 48726265574, 'prz4357@gmail.com', '1974-06-14'),
(467, 'RADOSŁAW', 'FURGAŁA', 48718774851, 'rad6946@gmail.com', '1951-12-05'),
(468, 'IGNACY', 'TREDER', 48184280390, 'ign8548@gmail.com', '1942-04-05'),
(469, 'WITOLD', 'JERECZEK', 48776489075, 'wit5259@gmail.com', '1988-05-16'),
(470, 'CEZARY', 'ZADWORNY', 48952782399, 'cez6539@gmail.com', '1995-04-24'),
(471, 'ROMAN', 'ADAMUS', 48563763133, 'rom3609@gmail.com', '1995-06-13'),
(472, 'BARTŁOMIEJ', 'BRZOSTOWSKI', 48101597290, 'bar1511@gmail.com', '1985-07-25'),
(473, 'ZENON', 'BUJOK', 48845354347, 'zen4964@gmail.com', '1955-12-25'),
(474, 'MARIAN', 'ABRAMOWICZ', 48731366763, 'mar7756@gmail.com', '1966-10-23'),
(475, 'EDMUND', 'PISARSKI', 48288738939, 'edm8460@gmail.com', '1985-05-12'),
(476, 'PIOTR', 'PODSTAWKA', 48419836450, 'pio7371@gmail.com', '1989-09-14'),
(477, 'PATRYK', 'KHAN', 48543278283, 'pat3463@gmail.com', '1947-01-19'),
(478, 'LUCJAN', 'SZYMICZEK', 48397687819, 'luc1702@gmail.com', '1954-10-02'),
(479, 'BRONISŁAW', 'KRYGIER', 48982807786, 'bro6057@gmail.com', '1977-04-06'),
(480, 'ROMAN', 'KONIECZNY', 48366529626, 'rom6185@gmail.com', '1946-02-17'),
(481, 'JULIAN', 'GDULA', 48767167891, 'jul8656@gmail.com', '1991-12-12'),
(482, 'JULIAN', 'SZEREMETA', 48343638820, 'jul7607@gmail.com', '1950-04-08'),
(483, 'BOGDAN', 'GAWRYSIAK', 48356032528, 'bog6075@gmail.com', '1944-10-19'),
(484, 'RYSZARD', 'BENTKOWSKI', 48808006738, 'rys8197@gmail.com', '1990-11-04'),
(485, 'WIKTOR', 'POPCZYK', 48493214475, 'wik2936@gmail.com', '1951-01-11'),
(486, 'GRZEGORZ', 'OLESIŃSKI', 48834795048, 'grz7574@gmail.com', '1954-04-27'),
(487, 'KAROL', 'SZPAKOWSKI', 48516996620, 'kar5851@gmail.com', '1954-06-05'),
(488, 'WŁODZIMIERZ', 'ŁUPIŃSKI', 48617048964, 'wło5423@gmail.com', '1995-07-01'),
(489, 'IGOR', 'KORZENIOWSKI', 48117777430, 'igo6368@gmail.com', '1996-05-04'),
(490, 'MARIAN', 'OLEKSIUK', 48503420350, 'mar8061@gmail.com', '2003-10-15'),
(491, 'DAWID', 'JAROSZEK', 48866291260, 'daw3442@gmail.com', '1947-05-19'),
(492, 'EUGENIUSZ', 'GAJEK', 48888128355, 'eug1343@gmail.com', '1950-06-26'),
(493, 'BOLESŁAW', 'JAGIELSKI', 48379920990, 'bol8031@gmail.com', '1941-10-22'),
(494, 'WACŁAW', 'KLIMEK', 48253894658, 'wac3453@gmail.com', '1977-05-23'),
(495, 'KRYSTIAN', 'MRÓWCZYŃSKI', 48250078712, 'kry1382@gmail.com', '1944-10-01'),
(496, 'DANIEL', 'TWAROWSKI', 48857650732, 'dan7607@gmail.com', '1992-02-16'),
(497, 'KONRAD', 'WÓJCIK', 48946134710, 'kon1001@gmail.com', '1942-02-05'),
(498, 'MIŁOSZ', 'TEPER', 48484056513, 'mił6377@gmail.com', '1983-03-24'),
(499, 'WACŁAW', 'DOLECKI', 48720947226, 'wac2044@gmail.com', '1947-08-08'),
(500, 'FELIKS', 'KOPER', 48652753240, 'fel8681@gmail.com', '1955-12-25');

-- --------------------------------------------------------

--
-- Struktura tabeli dla tabeli `uzytkownicy`
--

CREATE TABLE `uzytkownicy` (
  `id` int(11) NOT NULL,
  `nazwa_uzytkownika` varchar(20) NOT NULL,
  `haslo` varchar(255) NOT NULL,
  `imie` varchar(25) DEFAULT NULL,
  `nazwisko` varchar(30) DEFAULT NULL,
  `aktywne` tinyint(1) NOT NULL DEFAULT 0
) ENGINE=InnoDB DEFAULT CHARSET=utf8mb4 COLLATE=utf8mb4_polish_ci;

--
-- Dumping data for table `uzytkownicy`
--

INSERT INTO `uzytkownicy` (`id`, `nazwa_uzytkownika`, `haslo`, `imie`, `nazwisko`, `aktywne`) VALUES
(1, 'admin', '$2y$10$QZRrQvZxzmlLLvaIj9ovG.os8eK1suoPlJE/MndAA741K9mSPcJz2', '', '', 1);

-- --------------------------------------------------------

--
-- Struktura tabeli dla tabeli `wypozyczenia`
--

CREATE TABLE `wypozyczenia` (
  `id` int(11) NOT NULL,
  `id_auta` int(11) NOT NULL,
  `id_klienta` int(11) NOT NULL,
  `data_wypozyczenia` date NOT NULL,
  `data_zwrotu` date DEFAULT NULL,
  `cena` int(11) NOT NULL
) ENGINE=InnoDB DEFAULT CHARSET=utf8 COLLATE=utf8_bin;

--
-- Dumping data for table `wypozyczenia`
--

INSERT INTO `wypozyczenia` (`id`, `id_auta`, `id_klienta`, `data_wypozyczenia`, `data_zwrotu`, `cena`) VALUES
(1, 55, 422, '2022-05-12', '2022-05-19', 0),
(2, 66, 313, '2022-06-01', '2022-06-12', 0),
(3, 99, 253, '2022-11-24', '2022-12-04', 0),
(4, 92, 43, '2022-12-30', '2023-01-12', 0),
(5, 48, 181, '2022-06-21', '2022-06-29', 0),
(6, 108, 199, '2022-05-18', '2022-05-28', 0),
(7, 162, 284, '2022-10-05', '2022-10-11', 0),
(8, 13, 172, '2022-01-04', '2022-01-13', 0),
(9, 23, 227, '2022-03-15', '2022-03-21', 0),
(10, 167, 356, '2022-10-11', '2022-10-18', 0),
(11, 90, 297, '2022-02-12', '2022-02-17', 0),
(12, 176, 214, '2022-01-13', '2022-01-23', 0),
(13, 149, 233, '2022-05-17', '2022-05-21', 0),
(14, 70, 353, '2022-09-08', '2022-09-13', 0),
(15, 15, 84, '2022-06-14', '2022-06-16', 0),
(16, 159, 178, '2022-07-23', '2022-08-05', 0),
(17, 3, 290, '2022-03-27', '2022-04-05', 0),
(18, 73, 116, '2022-01-15', '2022-01-21', 0),
(19, 195, 394, '2022-03-16', '2022-03-22', 0),
(20, 50, 481, '2022-10-24', '2022-11-05', 0),
(21, 109, 248, '2022-04-17', '2022-04-23', 0),
(22, 21, 339, '2022-05-16', '2022-05-21', 0),
(23, 182, 87, '2022-04-04', '2022-04-16', 0),
(24, 17, 367, '2022-06-13', '2022-06-18', 0),
(25, 198, 374, '2022-10-26', '2022-11-09', 0),
(26, 45, 261, '2022-04-04', '2022-04-12', 0),
(27, 91, 225, '2022-12-22', '2022-12-25', 0),
(28, 181, 423, '2022-10-15', '2022-10-18', 0),
(29, 144, 430, '2022-07-04', '2022-07-11', 0),
(30, 150, 288, '2022-01-10', '2022-01-13', 0),
(31, 6, 397, '2022-06-20', '2022-07-02', 0),
(32, 101, 463, '2022-07-21', '2022-07-29', 0),
(33, 5, 312, '2022-03-10', '2022-03-22', 0),
(34, 29, 140, '2022-01-04', '2022-01-07', 0),
(35, 42, 363, '2022-03-11', '2022-03-14', 0),
(36, 113, 308, '2022-04-03', '2022-04-09', 0),
(37, 65, 204, '2022-01-30', '2022-02-05', 0),
(38, 102, 49, '2022-09-19', '2022-09-24', 0),
(39, 25, 195, '2022-12-21', '2023-01-03', 0),
(40, 112, 277, '2022-09-07', '2022-09-18', 0),
(41, 180, 18, '2022-03-14', '2022-03-16', 0),
(42, 44, 197, '2022-10-18', '2022-10-26', 0),
(43, 18, 323, '2022-08-19', '2022-08-26', 0),
(44, 121, 27, '2022-09-20', '2022-09-23', 0),
(45, 97, 108, '2022-11-25', '2022-11-29', 0),
(46, 128, 4, '2022-12-17', '2022-12-24', 0),
(47, 87, 270, '2022-08-24', '2022-08-31', 0),
(48, 147, 310, '2022-08-01', '2022-08-07', 0),
(49, 154, 468, '2022-09-25', '2022-10-06', 0),
(50, 74, 426, '2022-03-18', '2022-03-28', 0),
(51, 2, 98, '2022-04-03', '2022-04-16', 0),
(52, 1, 282, '2022-05-31', '2022-06-11', 0),
(53, 171, 283, '2022-11-29', '2022-12-11', 0),
(54, 10, 319, '2022-12-04', '2022-12-13', 0),
(55, 93, 2, '2022-09-30', '2022-10-02', 0),
(56, 172, 351, '2022-02-09', '2022-02-11', 0),
(57, 191, 300, '2022-11-03', '2022-11-09', 0),
(58, 173, 257, '2022-09-13', '2022-09-15', 0),
(59, 184, 412, '2022-06-04', '2022-06-18', 0),
(60, 175, 373, '2022-09-08', '2022-09-15', 0),
(61, 53, 221, '2023-01-01', '2023-01-14', 0),
(62, 146, 241, '2022-11-29', '2022-12-12', 0),
(63, 28, 448, '2022-09-23', '2022-10-05', 0),
(64, 124, 416, '2022-11-10', '2022-11-14', 0),
(65, 59, 402, '2022-12-19', '2022-12-24', 0),
(66, 165, 46, '2022-10-09', '2022-10-20', 0),
(67, 12, 121, '2022-03-09', '2022-03-14', 0),
(68, 164, 335, '2022-11-22', '2022-11-28', 0),
(69, 78, 137, '2022-08-02', '2022-08-14', 0),
(70, 19, 301, '2022-05-12', '2022-05-17', 0),
(71, 156, 263, '2022-05-31', '2022-06-10', 0),
(72, 169, 13, '2022-12-22', '2023-01-01', 0),
(73, 62, 293, '2022-04-13', '2022-04-21', 0),
(74, 119, 51, '2022-06-21', '2022-07-02', 0),
(75, 60, 324, '2022-05-28', '2022-06-04', 0),
(76, 130, 168, '2022-05-22', '2022-06-02', 0),
(77, 145, 365, '2022-01-09', '2022-01-14', 0),
(78, 82, 147, '2022-08-23', '2022-09-02', 0),
(79, 129, 106, '2022-02-06', '2022-02-13', 0),
(80, 136, 251, '2022-11-21', '2022-12-01', 0),
(81, 193, 476, '2022-01-06', '2022-01-19', 0),
(82, 80, 443, '2022-11-08', '2022-11-14', 0),
(83, 61, 62, '2022-01-12', '2022-01-24', 0),
(84, 8, 477, '2022-03-10', '2022-03-16', 0),
(85, 63, 26, '2022-03-27', '2022-04-05', 0),
(86, 71, 96, '2022-08-23', '2022-09-06', 0),
(87, 189, 271, '2022-12-19', '2022-12-21', 0),
(88, 153, 235, '2022-10-18', '2022-10-27', 0),
(89, 88, 496, '2022-11-14', '2022-11-19', 0),
(90, 137, 272, '2022-05-20', '2022-05-29', 0),
(91, 76, 90, '2022-08-15', '2022-08-20', 0),
(92, 33, 65, '2022-09-10', '2022-09-19', 0),
(93, 56, 343, '2022-06-18', '2022-06-23', 0),
(94, 58, 94, '2022-07-26', '2022-08-01', 0),
(95, 155, 405, '2022-06-05', '2022-06-08', 0),
(96, 11, 16, '2022-06-01', '2022-06-09', 0),
(97, 143, 489, '2022-02-22', '2022-02-25', 0),
(98, 188, 202, '2022-05-18', '2022-05-23', 0),
(99, 197, 223, '2022-10-10', '2022-10-17', 0),
(100, 104, 400, '2022-12-23', '2023-01-02', 0),
(101, 31, 217, '2022-04-03', '2022-04-17', 0),
(102, 123, 417, '2022-04-11', '2022-04-15', 0),
(103, 77, 19, '2022-11-10', '2022-11-15', 0),
(104, 115, 61, '2022-10-10', '2022-10-23', 0),
(105, 163, 377, '2022-11-17', '2022-11-22', 0),
(106, 30, 401, '2022-01-07', '2022-01-14', 0),
(107, 190, 438, '2022-01-19', '2022-01-26', 0),
(108, 36, 229, '2022-05-12', '2022-05-20', 0),
(109, 194, 38, '2022-02-15', '2022-02-24', 0),
(110, 126, 446, '2022-08-14', '2022-08-24', 0),
(111, 196, 211, '2022-12-23', '2022-12-30', 0),
(112, 81, 341, '2022-11-11', '2022-11-22', 0),
(113, 200, 128, '2022-03-30', '2022-04-09', 0),
(114, 111, 187, '2022-01-15', '2022-01-27', 0),
(115, 185, 132, '2022-11-16', '2022-11-26', 0),
(116, 141, 478, '2022-05-29', '2022-06-06', 0),
(117, 98, 136, '2022-01-21', '2022-01-28', 0),
(118, 161, 336, '2022-06-26', '2022-07-04', 0),
(119, 117, 213, '2022-11-09', '2022-11-13', 0),
(120, 131, 389, '2022-06-08', '2022-06-19', 0),
(121, 148, 360, '2022-04-02', '2022-04-16', 0),
(122, 132, 441, '2022-07-03', '2022-07-08', 0),
(123, 199, 296, '2022-07-15', '2022-07-27', 0),
(124, 116, 488, '2022-11-09', '2022-11-18', 0),
(125, 4, 5, '2022-11-03', '2022-11-10', 0),
(126, 107, 485, '2022-10-01', '2022-10-04', 0),
(127, 135, 198, '2022-04-04', '2022-04-17', 0),
(128, 183, 453, '2022-12-15', '2022-12-19', 0),
(129, 168, 366, '2022-07-26', '2022-08-01', 0),
(130, 51, 439, '2022-12-05', '2022-12-12', 0),
(131, 43, 135, '2022-05-07', '2022-05-19', 0),
(132, 142, 144, '2022-12-30', '2023-01-12', 0),
(133, 139, 442, '2022-03-17', '2022-03-23', 0),
(134, 158, 146, '2022-01-05', '2022-01-09', 0),
(135, 68, 185, '2022-04-28', '2022-04-30', 0),
(136, 14, 370, '2022-04-13', '2022-04-21', 0),
(137, 57, 264, '2022-12-06', '2022-12-17', 0),
(138, 151, 380, '2022-07-14', '2022-07-22', 0),
(139, 125, 7, '2022-05-17', '2022-05-24', 0),
(140, 86, 89, '2022-07-05', '2022-07-17', 0),
(141, 35, 9, '2022-03-30', '2022-04-06', 0),
(142, 103, 315, '2022-09-05', '2022-09-17', 0),
(143, 114, 73, '2022-03-18', '2022-03-30', 0),
(144, 9, 218, '2022-03-27', '2022-04-10', 0),
(145, 106, 232, '2022-08-19', '2022-09-01', 0),
(146, 85, 120, '2022-10-19', '2022-10-29', 0),
(147, 47, 327, '2022-08-09', '2022-08-21', 0),
(148, 94, 54, '2022-04-20', '2022-05-04', 0),
(149, 79, 429, '2022-12-10', '2022-12-17', 0),
(150, 178, 250, '2022-04-14', '2022-04-18', 0),
(151, 17, 255, '2021-11-24', '2021-12-03', 0),
(152, 54, 490, '2021-05-21', '2021-05-30', 0),
(153, 65, 139, '2021-07-11', '2021-07-22', 0),
(154, 58, 491, '2021-04-08', '2021-04-21', 0),
(155, 3, 174, '2021-01-17', '2021-01-19', 0),
(156, 89, 355, '2021-10-03', '2021-10-16', 0),
(157, 140, 63, '2021-05-24', '2021-06-06', 0),
(158, 21, 316, '2021-11-12', '2021-11-21', 0),
(159, 180, 32, '2021-04-06', '2021-04-10', 0),
(160, 152, 91, '2021-08-07', '2021-08-17', 0),
(161, 20, 175, '2021-07-15', '2021-07-20', 0),
(162, 70, 207, '2021-05-27', '2021-06-05', 0),
(163, 126, 37, '2021-08-29', '2021-09-07', 0),
(164, 122, 208, '2021-11-17', '2021-11-29', 0),
(165, 128, 183, '2021-03-19', '2021-03-25', 0),
(166, 78, 242, '2021-11-21', '2021-11-28', 0),
(167, 104, 238, '2021-03-15', '2021-03-29', 0),
(168, 53, 36, '2021-05-22', '2021-05-25', 0),
(169, 67, 163, '2021-08-19', '2021-08-22', 0),
(170, 162, 74, '2021-03-25', '2021-04-03', 0),
(171, 35, 109, '2021-07-20', '2021-07-29', 0),
(172, 158, 274, '2021-10-22', '2021-11-03', 0),
(173, 161, 275, '2021-09-18', '2021-09-22', 0),
(174, 25, 420, '2021-09-08', '2021-09-14', 0),
(175, 181, 1, '2021-06-13', '2021-06-16', 0),
(176, 148, 349, '2021-04-29', '2021-05-08', 0),
(177, 176, 237, '2021-02-28', '2021-03-04', 0),
(178, 142, 280, '2021-11-28', '2021-12-01', 0),
(179, 2, 425, '2021-12-20', '2022-01-02', 0),
(180, 43, 318, '2021-11-16', '2021-11-28', 0),
(181, 47, 484, '2021-12-22', '2022-01-05', 0),
(182, 110, 159, '2021-04-04', '2021-04-12', 0),
(183, 171, 475, '2021-04-09', '2021-04-15', 0),
(184, 130, 170, '2021-07-04', '2021-07-06', 0),
(185, 92, 184, '2021-12-15', '2021-12-18', 0),
(186, 34, 404, '2021-05-13', '2021-05-16', 0),
(187, 145, 92, '2021-06-17', '2021-07-01', 0),
(188, 19, 325, '2021-01-16', '2021-01-25', 0),
(189, 173, 328, '2021-01-13', '2021-01-16', 0),
(190, 190, 303, '2021-07-23', '2021-08-01', 0),
(191, 39, 368, '2021-02-16', '2021-02-26', 0),
(192, 177, 247, '2021-11-07', '2021-11-10', 0),
(193, 112, 461, '2021-07-01', '2021-07-06', 0),
(194, 131, 17, '2021-11-20', '2021-12-03', 0),
(195, 191, 30, '2021-09-04', '2021-09-07', 0),
(196, 123, 467, '2021-07-11', '2021-07-20', 0),
(197, 88, 302, '2021-10-25', '2021-10-30', 0),
(198, 14, 167, '2021-08-06', '2021-08-12', 0),
(199, 24, 162, '2021-01-24', '2021-02-01', 0),
(200, 149, 346, '2021-09-28', '2021-10-11', 0),
(201, 138, 309, '2021-09-05', '2021-09-14', 0),
(202, 134, 473, '2021-06-20', '2021-06-28', 0),
(203, 31, 285, '2021-06-30', '2021-07-13', 0),
(204, 22, 262, '2021-05-14', '2021-05-17', 0),
(205, 87, 53, '2021-02-26', '2021-03-02', 0),
(206, 38, 450, '2021-02-27', '2021-03-03', 0),
(207, 136, 378, '2021-04-25', '2021-04-30', 0),
(208, 55, 493, '2021-10-23', '2021-10-26', 0),
(209, 188, 123, '2021-10-21', '2021-10-26', 0),
(210, 108, 278, '2021-06-14', '2021-06-18', 0),
(211, 10, 133, '2021-08-20', '2021-08-23', 0),
(212, 1, 408, '2021-09-01', '2021-09-10', 0),
(213, 175, 372, '2021-09-07', '2021-09-18', 0),
(214, 147, 465, '2021-10-17', '2021-10-20', 0),
(215, 82, 407, '2021-09-10', '2021-09-13', 0),
(216, 12, 240, '2021-09-28', '2021-10-10', 0),
(217, 105, 332, '2021-08-04', '2021-08-10', 0),
(218, 160, 361, '2021-05-10', '2021-05-14', 0),
(219, 23, 45, '2021-02-17', '2021-02-25', 0),
(220, 135, 64, '2021-03-12', '2021-03-17', 0),
(221, 93, 60, '2021-06-03', '2021-06-11', 0),
(222, 174, 307, '2021-02-05', '2021-02-13', 0),
(223, 172, 206, '2021-05-19', '2021-05-23', 0),
(224, 98, 259, '2021-05-21', '2021-05-29', 0),
(225, 193, 161, '2021-01-28', '2021-02-11', 0),
(226, 102, 487, '2021-07-20', '2021-07-25', 0),
(227, 64, 44, '2021-09-01', '2021-09-10', 0),
(228, 97, 381, '2021-11-15', '2021-11-23', 0),
(229, 85, 295, '2021-05-22', '2021-06-05', 0),
(230, 120, 411, '2021-09-05', '2021-09-13', 0),
(231, 115, 252, '2021-09-03', '2021-09-05', 0),
(232, 103, 379, '2021-04-09', '2021-04-18', 0),
(233, 40, 52, '2021-12-09', '2021-12-23', 0),
(234, 60, 435, '2021-11-29', '2021-12-10', 0),
(235, 61, 142, '2021-06-30', '2021-07-07', 0),
(236, 59, 107, '2021-12-27', '2022-01-07', 0),
(237, 111, 396, '2021-09-20', '2021-09-23', 0),
(238, 16, 482, '2021-05-27', '2021-06-05', 0),
(239, 109, 494, '2021-10-03', '2021-10-07', 0),
(240, 7, 226, '2021-12-25', '2021-12-31', 0),
(241, 45, 418, '2021-11-28', '2021-12-05', 0),
(242, 151, 314, '2021-08-14', '2021-08-21', 0),
(243, 146, 100, '2021-11-08', '2021-11-12', 0),
(244, 83, 338, '2021-01-04', '2021-01-07', 0),
(245, 179, 492, '2021-02-27', '2021-03-07', 0),
(246, 13, 395, '2021-07-29', '2021-08-12', 0),
(247, 9, 148, '2021-02-17', '2021-02-25', 0),
(248, 96, 286, '2021-06-29', '2021-07-09', 0),
(249, 186, 78, '2021-04-21', '2021-04-30', 0),
(250, 26, 392, '2021-04-08', '2021-04-12', 0),
(251, 42, 129, '2021-02-19', '2021-03-03', 0),
(252, 4, 331, '2021-11-22', '2021-12-06', 0),
(253, 183, 326, '2021-04-12', '2021-04-16', 0),
(254, 182, 103, '2021-05-25', '2021-06-05', 0),
(255, 41, 375, '2021-01-03', '2021-01-12', 0),
(256, 199, 151, '2021-06-08', '2021-06-12', 0),
(257, 185, 421, '2021-05-13', '2021-05-23', 0),
(258, 159, 294, '2021-09-16', '2021-09-29', 0),
(259, 178, 348, '2021-11-15', '2021-11-26', 0),
(260, 114, 292, '2021-05-21', '2021-05-23', 0),
(261, 69, 306, '2021-11-22', '2021-11-27', 0),
(262, 119, 391, '2021-06-01', '2021-06-09', 0),
(263, 30, 72, '2021-07-24', '2021-07-30', 0),
(264, 166, 440, '2021-12-03', '2021-12-15', 0),
(265, 184, 393, '2021-08-15', '2021-08-20', 0),
(266, 187, 244, '2021-11-16', '2021-11-23', 0),
(267, 18, 138, '2021-02-25', '2021-02-28', 0),
(268, 125, 190, '2021-02-01', '2021-02-09', 0),
(269, 139, 231, '2021-01-07', '2021-01-16', 0),
(270, 52, 66, '2021-04-01', '2021-04-07', 0),
(271, 72, 495, '2021-06-21', '2021-06-29', 0),
(272, 106, 382, '2021-01-27', '2021-02-07', 0),
(273, 168, 180, '2021-11-26', '2021-11-29', 0),
(274, 107, 141, '2021-06-14', '2021-06-23', 0),
(275, 196, 246, '2021-06-05', '2021-06-18', 0),
(276, 28, 445, '2021-05-03', '2021-05-17', 0),
(277, 48, 126, '2021-10-30', '2021-11-01', 0),
(278, 74, 127, '2021-06-11', '2021-06-14', 0),
(279, 132, 342, '2021-07-24', '2021-07-27', 0),
(280, 137, 384, '2021-06-07', '2021-06-17', 0),
(281, 86, 189, '2021-01-12', '2021-01-19', 0),
(282, 189, 212, '2021-03-27', '2021-04-08', 0),
(283, 150, 117, '2021-10-05', '2021-10-16', 0),
(284, 63, 42, '2021-12-19', '2021-12-24', 0),
(285, 76, 386, '2021-01-25', '2021-02-07', 0),
(286, 73, 406, '2021-01-24', '2021-02-01', 0),
(287, 49, 305, '2021-04-10', '2021-04-19', 0),
(288, 56, 354, '2021-07-20', '2021-07-23', 0),
(289, 197, 471, '2021-05-23', '2021-06-03', 0),
(290, 95, 76, '2021-02-24', '2021-03-01', 0),
(291, 156, 322, '2021-10-18', '2021-10-27', 0),
(292, 117, 451, '2021-11-15', '2021-11-23', 0),
(293, 8, 474, '2021-03-13', '2021-03-25', 0),
(294, 192, 472, '2021-01-17', '2021-01-26', 0),
(295, 75, 419, '2021-10-26', '2021-11-08', 0),
(296, 113, 371, '2021-06-17', '2021-06-21', 0),
(297, 99, 55, '2021-02-27', '2021-03-05', 0),
(298, 164, 337, '2021-04-30', '2021-05-10', 0),
(299, 116, 228, '2021-05-19', '2021-05-29', 0),
(300, 169, 192, '2021-08-03', '2021-08-09', 0),
(301, 98, 220, '2024-01-11', NULL, 0),
(302, 169, 245, '2024-01-11', NULL, 0),
(303, 42, 80, '2024-01-10', NULL, 0),
(304, 168, 458, '2024-01-10', NULL, 0),
(305, 144, 86, '2024-01-08', NULL, 0),
(306, 116, 122, '2024-01-06', NULL, 0),
(307, 60, 85, '2024-01-09', NULL, 0),
(308, 5, 158, '2024-01-08', NULL, 0),
(309, 25, 403, '2024-01-07', NULL, 0),
(310, 1, 321, '2024-01-06', NULL, 0),
(311, 34, 357, '2024-01-07', NULL, 0),
(312, 148, 350, '2024-01-11', NULL, 0),
(313, 36, 41, '2024-01-07', NULL, 0),
(314, 23, 81, '2024-01-07', NULL, 0),
(315, 7, 58, '2024-01-11', NULL, 0),
(316, 19, 334, '2024-01-10', NULL, 0),
(317, 91, 28, '2024-01-06', NULL, 0),
(318, 109, 222, '2024-01-09', NULL, 0),
(319, 51, 437, '2024-01-08', NULL, 0),
(320, 38, 124, '2024-01-12', NULL, 0),
(321, 94, 390, '2024-01-06', NULL, 0),
(322, 133, 179, '2024-01-07', NULL, 0),
(323, 157, 75, '2024-01-08', NULL, 0),
(324, 164, 101, '2024-01-12', NULL, 0),
(325, 142, 291, '2024-01-09', NULL, 0),
(326, 122, 333, '2024-01-09', NULL, 0),
(327, 16, 194, '2024-01-07', NULL, 0),
(328, 82, 427, '2024-01-07', NULL, 0),
(329, 11, 317, '2024-01-09', NULL, 0),
(330, 2, 500, '2024-01-07', NULL, 0),
(331, 199, 462, '2024-01-07', NULL, 0),
(332, 153, 470, '2024-01-09', NULL, 0),
(333, 135, 104, '2024-01-07', NULL, 0),
(334, 29, 203, '2024-01-09', NULL, 0),
(335, 131, 82, '2024-01-08', NULL, 0);

--
-- Indeksy dla zrzutów tabel
--

--
-- Indeksy dla tabeli `flota`
--
ALTER TABLE `flota`
  ADD PRIMARY KEY (`id`);
ALTER TABLE `flota` ADD FULLTEXT KEY `marka` (`marka`,`model`,`kolor`);

--
-- Indeksy dla tabeli `klienci`
--
ALTER TABLE `klienci`
  ADD PRIMARY KEY (`id`);

--
-- Indeksy dla tabeli `uzytkownicy`
--
ALTER TABLE `uzytkownicy`
  ADD PRIMARY KEY (`id`);

--
-- Indeksy dla tabeli `wypozyczenia`
--
ALTER TABLE `wypozyczenia`
  ADD PRIMARY KEY (`id`),
  ADD KEY `id_auta` (`id_auta`),
  ADD KEY `id_klienta` (`id_klienta`);

--
-- AUTO_INCREMENT for dumped tables
--

--
-- AUTO_INCREMENT for table `flota`
--
ALTER TABLE `flota`
  MODIFY `id` int(11) NOT NULL AUTO_INCREMENT, AUTO_INCREMENT=201;

--
-- AUTO_INCREMENT for table `klienci`
--
ALTER TABLE `klienci`
  MODIFY `id` int(11) NOT NULL AUTO_INCREMENT, AUTO_INCREMENT=501;

--
-- AUTO_INCREMENT for table `uzytkownicy`
--
ALTER TABLE `uzytkownicy`
  MODIFY `id` int(11) NOT NULL AUTO_INCREMENT, AUTO_INCREMENT=5;

--
-- AUTO_INCREMENT for table `wypozyczenia`
--
ALTER TABLE `wypozyczenia`
  MODIFY `id` int(11) NOT NULL AUTO_INCREMENT, AUTO_INCREMENT=336;

--
-- Constraints for dumped tables
--

--
-- Constraints for table `wypozyczenia`
--
ALTER TABLE `wypozyczenia`
  ADD CONSTRAINT `id_auta` FOREIGN KEY (`id_auta`) REFERENCES `flota` (`id`),
  ADD CONSTRAINT `id_klienta` FOREIGN KEY (`id_klienta`) REFERENCES `klienci` (`id`);
COMMIT;

/*!40101 SET CHARACTER_SET_CLIENT=@OLD_CHARACTER_SET_CLIENT */;
/*!40101 SET CHARACTER_SET_RESULTS=@OLD_CHARACTER_SET_RESULTS */;
/*!40101 SET COLLATION_CONNECTION=@OLD_COLLATION_CONNECTION */;
