-- phpMyAdmin SQL Dump
-- version 5.2.1
-- https://www.phpmyadmin.net/
--
-- Host: 127.0.0.1
-- Generation Time: Dec 12, 2023 at 02:52 PM
-- Server version: 10.4.32-MariaDB
-- PHP Version: 8.2.12

SET SQL_MODE = "NO_AUTO_VALUE_ON_ZERO";
START TRANSACTION;
SET time_zone = "+00:00";


/*!40101 SET @OLD_CHARACTER_SET_CLIENT=@@CHARACTER_SET_CLIENT */;
/*!40101 SET @OLD_CHARACTER_SET_RESULTS=@@CHARACTER_SET_RESULTS */;
/*!40101 SET @OLD_COLLATION_CONNECTION=@@COLLATION_CONNECTION */;
/*!40101 SET NAMES utf8mb4 */;

--
-- Database: `wypozyczalnia`
--

-- --------------------------------------------------------

--
-- Table structure for table `flota`
--

CREATE TABLE `flota` (
  `id` int(11) NOT NULL,
  `marka` varchar(30) NOT NULL,
  `model` varchar(30) NOT NULL,
  `rocznik` year(4) NOT NULL,
  `kolor` varchar(20) NOT NULL,
  `przebieg` int(11) NOT NULL,
  `moc_km` int(11) NOT NULL,
  `dostepny` tinyint(1) NOT NULL DEFAULT 1
) ENGINE=InnoDB DEFAULT CHARSET=utf8 COLLATE=utf8_bin;

--
-- Dumping data for table `flota`
--

INSERT INTO `flota` (`id`, `marka`, `model`, `rocznik`, `kolor`, `przebieg`, `moc_km`, `dostepny`) VALUES
(1, 'Skoda', 'Octavia', '2022', 'niebieski', 182559, 185, 1),
(2, 'Renault', 'Trafic', '2018', 'srebrny', 288515, 147, 1),
(3, 'Volkswagen', 'Golf', '2015', 'srebrny', 210305, 140, 1),
(4, 'Skoda', 'Scala', '2022', 'niebieski', 122039, 118, 1),
(5, 'Fiat', '500', '2015', 'niebieski', 249134, 122, 1),
(6, 'Skoda', 'Scala', '2021', 'biały', 56561, 188, 1),
(7, 'Skoda', 'Scala', '2016', 'biały', 195869, 167, 1),
(8, 'Volvo', 'XC60', '2021', 'niebieski', 88431, 107, 1),
(9, 'Dacia', 'Duster', '2022', 'biały', 37889, 101, 1),
(10, 'Hyundai', 'Tucson', '2023', 'czarny', 50856, 104, 1),
(11, 'Skoda', 'Superb', '2016', 'czerwony', 244964, 173, 1),
(12, 'Volkswagen', 'Passat', '2023', 'biały', 227335, 160, 1),
(13, 'Renault', 'Captur', '2018', 'niebieski', 182371, 166, 1),
(14, 'Mercedes', 'GLE', '2022', 'srebrny', 113753, 108, 1),
(15, 'Audi', 'A3', '2021', 'czerwony', 241918, 102, 1),
(16, 'Skoda', 'Fabia', '2017', 'błękitny', 254106, 105, 1),
(17, 'Skoda', 'Karoq', '2015', 'biały', 98718, 169, 1),
(18, 'Volkswagen', 'Golf', '2021', 'błękitny', 155636, 114, 1),
(19, 'Toyota', 'Corolla', '2020', 'czerwony', 41058, 184, 1),
(20, 'Toyota', 'Aygo', '2019', 'srebrny', 43045, 186, 1),
(21, 'Audi', 'Q5', '2018', 'srebrny', 100245, 100, 1),
(22, 'Volkswagen', 'Passat', '2018', 'srebrny', 48831, 146, 1),
(23, 'Skoda', 'Octavia', '2019', 'błękitny', 273244, 140, 1),
(24, 'Mercedes', 'GLC', '2022', 'biały', 104526, 158, 1),
(25, 'Ford', 'Puma', '2016', 'czerwony', 272446, 153, 1),
(26, 'Toyota', 'RAV4', '2015', 'srebrny', 261618, 135, 1),
(27, 'BMW', 'serii', '2016', 'niebieski', 9149, 129, 1),
(28, 'Renault', 'Clio', '2017', 'czarny', 176935, 165, 1),
(29, 'Opel', 'Corsa', '2021', 'czerwony', 164447, 123, 1),
(30, 'Skoda', 'Karoq', '2023', 'błękitny', 118084, 122, 1),
(31, 'Volkswagen', 'T-Roc', '2023', 'czerwony', 81290, 149, 1),
(32, 'Volvo', 'XC40', '2018', 'czarny', 250460, 198, 1),
(33, 'Skoda', 'Octavia', '2017', 'czerwony', 190801, 171, 1),
(34, 'Toyota', 'Corolla', '2022', 'niebieski', 95138, 124, 1),
(35, 'Volvo', 'XC40', '2016', 'niebieski', 41187, 194, 1),
(36, 'Skoda', 'Kamiq', '2016', 'niebieski', 188246, 163, 1),
(37, 'Volkswagen', 'Arteon', '2023', 'niebieski', 1310, 155, 1),
(38, 'Volkswagen', 'T-Roc', '2022', 'niebieski', 99133, 105, 1),
(39, 'BMW', 'serii', '2015', 'błękitny', 228891, 151, 1),
(40, 'Skoda', 'Kodiaq', '2020', 'czerwony', 29194, 114, 1),
(41, 'Toyota', 'Corolla', '2022', 'błękitny', 235877, 172, 1),
(42, 'Cupra', 'Formentor', '2017', 'błękitny', 297441, 179, 1),
(43, 'Kia', 'XCeed', '2020', 'błękitny', 243437, 96, 1),
(44, 'Toyota', 'Corolla', '2017', 'błękitny', 211126, 186, 1),
(45, 'Audi', 'Q3', '2022', 'czerwony', 199705, 147, 1),
(46, 'Hyundai', 'i30', '2021', 'błękitny', 271312, 155, 1),
(47, 'Skoda', 'Kodiaq', '2018', 'czarny', 268608, 134, 1),
(48, 'Dacia', 'Duster', '2019', 'srebrny', 96221, 185, 1),
(49, 'Dacia', 'Sandero', '2018', 'biały', 188296, 137, 1),
(50, 'Fiat', '500', '2017', 'błękitny', 19668, 102, 1),
(51, 'BMW', 'serii', '2020', 'biały', 235049, 130, 1),
(52, 'Renault', 'Arkana', '2018', 'czarny', 71723, 141, 1),
(53, 'Skoda', 'Superb', '2015', 'czerwony', 163829, 146, 1),
(54, 'Ford', 'Kuga', '2023', 'srebrny', 279121, 159, 1),
(55, 'Audi', 'A4', '2015', 'czarny', 216450, 138, 1),
(56, 'Volkswagen', 'Golf', '2019', 'błękitny', 81717, 167, 1),
(57, 'Toyota', 'Aygo', '2015', 'czarny', 163798, 128, 1),
(58, 'BMW', 'X5', '2022', 'czarny', 147531, 91, 1),
(59, 'Mercedes', 'GLC', '2016', 'srebrny', 104093, 176, 1),
(60, 'Audi', 'A3', '2022', 'czerwony', 127648, 149, 1),
(61, 'Renault', 'Arkana', '2022', 'błękitny', 92702, 200, 1),
(62, 'Renault', 'Clio', '2021', 'srebrny', 17131, 157, 1),
(63, 'Renault', 'Clio', '2016', 'niebieski', 8913, 92, 1),
(64, 'Ford', 'Puma', '2015', 'niebieski', 203152, 138, 1),
(65, 'Hyundai', 'i20', '2020', 'srebrny', 278134, 122, 1),
(66, 'Mercedes', 'GLE', '2023', 'biały', 108773, 156, 1),
(67, 'Volkswagen', 'Tiguan', '2015', 'czarny', 149495, 190, 1),
(68, 'Skoda', 'Fabia', '2017', 'niebieski', 52713, 140, 1),
(69, 'Volkswagen', 'Passat', '2018', 'czarny', 122817, 115, 1),
(70, 'Kia', 'Stonic', '2018', 'biały', 49984, 191, 1),
(71, 'Volvo', 'XC40', '2020', 'niebieski', 241188, 118, 1),
(72, 'Volkswagen', 'T-Roc', '2018', 'czarny', 190020, 178, 1),
(73, 'Renault', 'Captur', '2020', 'biały', 231436, 183, 1),
(74, 'Toyota', 'RAV4', '2019', 'srebrny', 277561, 116, 1),
(75, 'Skoda', 'Karoq', '2016', 'srebrny', 228752, 150, 1),
(76, 'Renault', 'Arkana', '2019', 'srebrny', 152436, 141, 1),
(77, 'Hyundai', 'Tucson', '2019', 'czerwony', 77791, 154, 1),
(78, 'Renault', 'Captur', '2015', 'srebrny', 220838, 136, 1),
(79, 'Skoda', 'Octavia', '2016', 'błękitny', 40525, 187, 1),
(80, 'Skoda', 'Octavia', '2015', 'srebrny', 121534, 180, 1),
(81, 'Hyundai', 'i20', '2016', 'czerwony', 213348, 109, 1),
(82, 'Kia', 'Sportage', '2019', 'niebieski', 262969, 97, 1),
(83, 'Skoda', 'Kodiaq', '2017', 'srebrny', 242557, 161, 1),
(84, 'Renault', 'Trafic', '2015', 'czerwony', 93082, 110, 1),
(85, 'BMW', 'X3', '2017', 'niebieski', 31143, 177, 1),
(86, 'Nissan', 'Qashqai', '2018', 'niebieski', 266756, 145, 1),
(87, 'Hyundai', 'i30', '2015', 'srebrny', 297856, 120, 1),
(88, 'Audi', 'A3', '2015', 'czerwony', 27130, 167, 1),
(89, 'Audi', 'A3', '2023', 'srebrny', 277341, 197, 1),
(90, 'BMW', 'serii', '2023', 'niebieski', 270919, 141, 1),
(91, 'Toyota', 'RAV4', '2016', 'biały', 153340, 196, 1),
(92, 'Dacia', 'Duster', '2020', 'srebrny', 21642, 96, 1),
(93, 'Cupra', 'Formentor', '2015', 'srebrny', 78736, 142, 1),
(94, 'Opel', 'Corsa', '2018', 'niebieski', 279186, 120, 1),
(95, 'Dacia', 'Sandero', '2020', 'srebrny', 160727, 108, 1),
(96, 'Volvo', 'XC60', '2019', 'czarny', 204869, 197, 1),
(97, 'Kia', 'Sportage', '2015', 'biały', 55960, 113, 1),
(98, 'Nissan', 'Qashqai', '2018', 'biały', 60865, 161, 1),
(99, 'Volkswagen', 'Passat', '2017', 'niebieski', 209057, 113, 1),
(100, 'Hyundai', 'i20', '2019', 'niebieski', 32775, 123, 1),
(101, 'Renault', 'Trafic', '2015', 'czerwony', 229620, 124, 1),
(102, 'Volvo', 'XC60', '2017', 'srebrny', 275789, 134, 1),
(103, 'Audi', 'A4', '2016', 'błękitny', 130266, 188, 1),
(104, 'Renault', 'Arkana', '2021', 'biały', 145668, 92, 1),
(105, 'Hyundai', 'i30', '2019', 'błękitny', 19646, 123, 1),
(106, 'Audi', 'A3', '2018', 'czarny', 92648, 182, 1),
(107, 'Mercedes', 'GLC', '2016', 'niebieski', 85785, 116, 1),
(108, 'Skoda', 'Fabia', '2015', 'biały', 264778, 131, 1),
(109, 'Volkswagen', 'T-Roc', '2016', 'błękitny', 273530, 109, 1),
(110, 'Skoda', 'Karoq', '2016', 'srebrny', 97445, 119, 1),
(111, 'Toyota', 'Corolla', '2023', 'biały', 36971, 105, 1),
(112, 'Cupra', 'Formentor', '2017', 'biały', 143570, 187, 1),
(113, 'Skoda', 'Fabia', '2021', 'czarny', 90399, 195, 1),
(114, 'Opel', 'Corsa', '2016', 'błękitny', 219327, 141, 1),
(115, 'Kia', 'Ceed', '2023', 'srebrny', 6425, 147, 1),
(116, 'Skoda', 'Kodiaq', '2017', 'biały', 80614, 168, 1),
(117, 'Audi', 'A3', '2020', 'srebrny', 43614, 132, 1),
(118, 'Skoda', 'Kamiq', '2020', 'niebieski', 197355, 151, 1),
(119, 'Skoda', 'Octavia', '2022', 'biały', 193624, 158, 1),
(120, 'Skoda', 'Octavia', '2017', 'niebieski', 213561, 168, 1),
(121, 'Opel', 'Corsa', '2016', 'srebrny', 243996, 103, 1),
(122, 'Audi', 'A4', '2018', 'czarny', 33766, 140, 1),
(123, 'Skoda', 'Superb', '2020', 'czarny', 195558, 132, 1),
(124, 'Skoda', 'Kamiq', '2022', 'czarny', 84919, 150, 1),
(125, 'Kia', 'Sportage', '2020', 'srebrny', 8564, 127, 1),
(126, 'Skoda', 'Superb', '2022', 'niebieski', 25004, 143, 1),
(127, 'Volkswagen', 'Tiguan', '2015', 'biały', 121071, 141, 1),
(128, 'Cupra', 'Formentor', '2017', 'czarny', 34905, 156, 1),
(129, 'Skoda', 'Karoq', '2015', 'czarny', 107626, 109, 1),
(130, 'Audi', 'Q3', '2019', 'biały', 258552, 106, 1),
(131, 'Toyota', 'RAV4', '2019', 'błękitny', 88266, 199, 1),
(132, 'Kia', 'XCeed', '2023', 'czarny', 55186, 169, 1),
(133, 'Renault', 'Clio', '2020', 'błękitny', 112796, 116, 1),
(134, 'Toyota', 'Yaris', '2018', 'biały', 37565, 110, 1),
(135, 'Toyota', 'Aygo', '2017', 'biały', 105818, 96, 1),
(136, 'Volkswagen', 'Golf', '2021', 'biały', 260070, 114, 1),
(137, 'Renault', 'Captur', '2021', 'czerwony', 104222, 113, 1),
(138, 'Kia', 'Ceed', '2021', 'błękitny', 194236, 196, 1),
(139, 'Skoda', 'Kamiq', '2015', 'niebieski', 106896, 180, 1),
(140, 'Suzuki', 'Vitara', '2019', 'niebieski', 195616, 164, 1),
(141, 'Volkswagen', 'Golf', '2018', 'niebieski', 102934, 170, 1),
(142, 'Hyundai', 'Tucson', '2022', 'czarny', 259752, 103, 1),
(143, 'Volkswagen', 'Arteon', '2018', 'biały', 215038, 132, 1),
(144, 'Nissan', 'Qashqai', '2020', 'błękitny', 30001, 99, 1),
(145, 'Mercedes', 'GLE', '2017', 'srebrny', 44871, 105, 1),
(146, 'Opel', 'Corsa', '2023', 'czerwony', 118090, 196, 1),
(147, 'Cupra', 'Formentor', '2023', 'czerwony', 213331, 183, 1),
(148, 'BMW', 'X5', '2022', 'błękitny', 122342, 182, 1),
(149, 'Kia', 'Sportage', '2023', 'niebieski', 174652, 183, 1),
(150, 'Mercedes', 'GLC', '2019', 'błękitny', 104709, 139, 1),
(151, 'BMW', 'X3', '2022', 'biały', 36531, 196, 1),
(152, 'Dacia', 'Sandero', '2018', 'czarny', 5550, 94, 1),
(153, 'Hyundai', 'i30', '2015', 'niebieski', 40321, 140, 1),
(154, 'Toyota', 'C-HR', '2020', 'czerwony', 1248, 104, 1),
(155, 'Hyundai', 'i30', '2023', 'czerwony', 169949, 95, 1),
(156, 'BMW', 'serii', '2020', 'czarny', 157538, 94, 1),
(157, 'Volkswagen', 'Passat', '2018', 'błękitny', 33826, 139, 1),
(158, 'Volkswagen', 'T-Roc', '2018', 'błękitny', 79346, 198, 1),
(159, 'Mercedes', 'GLC', '2017', 'niebieski', 117214, 175, 1),
(160, 'Volvo', 'XC60', '2017', 'czerwony', 220640, 101, 1),
(161, 'Hyundai', 'i30', '2020', 'srebrny', 264308, 185, 1),
(162, 'BMW', 'X5', '2021', 'srebrny', 167091, 158, 1),
(163, 'Renault', 'Captur', '2018', 'biały', 129208, 179, 1),
(164, 'Renault', 'Trafic', '2017', 'srebrny', 98956, 187, 1),
(165, 'Toyota', 'Yaris', '2018', 'srebrny', 121576, 168, 1),
(166, 'Volvo', 'XC40', '2019', 'błękitny', 173241, 117, 1),
(167, 'BMW', 'X3', '2020', 'czerwony', 36253, 180, 1),
(168, 'Renault', 'Clio', '2018', 'czarny', 223372, 172, 1),
(169, 'Audi', 'Q5', '2017', 'niebieski', 81458, 122, 1),
(170, 'Opel', 'Corsa', '2015', 'biały', 156218, 101, 1),
(171, 'BMW', 'serii', '2015', 'srebrny', 44397, 143, 1),
(172, 'Renault', 'Trafic', '2023', 'czarny', 147394, 105, 1),
(173, 'Toyota', 'Yaris', '2020', 'niebieski', 66027, 153, 1),
(174, 'Volkswagen', 'Arteon', '2019', 'niebieski', 212566, 103, 1),
(175, 'Toyota', 'RAV4', '2016', 'czerwony', 91524, 98, 1),
(176, 'Renault', 'Captur', '2020', 'biały', 603, 172, 1),
(177, 'Audi', 'Q3', '2023', 'błękitny', 154620, 156, 1),
(178, 'Cupra', 'Formentor', '2017', 'czarny', 105503, 170, 1),
(179, 'Volkswagen', 'Tiguan', '2018', 'srebrny', 129698, 197, 1),
(180, 'Skoda', 'Kamiq', '2015', 'srebrny', 179173, 161, 1),
(181, 'Toyota', 'RAV4', '2023', 'niebieski', 231576, 99, 1),
(182, 'BMW', 'X5', '2022', 'srebrny', 229095, 169, 1),
(183, 'Skoda', 'Scala', '2020', 'czarny', 15915, 192, 1),
(184, 'Toyota', 'Corolla', '2016', 'czarny', 289569, 179, 1),
(185, 'Skoda', 'Octavia', '2018', 'biały', 295050, 134, 1),
(186, 'Volkswagen', 'T-Roc', '2016', 'biały', 78793, 135, 1),
(187, 'Toyota', 'Yaris', '2018', 'biały', 203595, 183, 1),
(188, 'Volvo', 'XC60', '2023', 'biały', 128690, 160, 1),
(189, 'Volvo', 'XC60', '2016', 'czerwony', 236666, 95, 1),
(190, 'BMW', 'X5', '2019', 'srebrny', 224055, 93, 1),
(191, 'Suzuki', 'Vitara', '2018', 'czerwony', 19173, 123, 1),
(192, 'Volkswagen', 'Golf', '2019', 'błękitny', 65479, 131, 1),
(193, 'Toyota', 'Yaris', '2020', 'srebrny', 252119, 123, 1),
(194, 'Volvo', 'XC40', '2021', 'błękitny', 160345, 169, 1),
(195, 'Volkswagen', 'Arteon', '2021', 'czerwony', 277757, 170, 1),
(196, 'Audi', 'Q5', '2018', 'błękitny', 204076, 148, 1),
(197, 'Renault', 'Clio', '2021', 'srebrny', 175782, 141, 1),
(198, 'Skoda', 'Scala', '2021', 'czarny', 25736, 176, 1),
(199, 'Renault', 'Trafic', '2022', 'czarny', 71118, 118, 1),
(200, 'BMW', 'X5', '2021', 'błękitny', 203816, 95, 1);

-- --------------------------------------------------------

--
-- Table structure for table `klienci`
--

CREATE TABLE `klienci` (
  `id` int(11) NOT NULL,
  `imie` varchar(30) NOT NULL,
  `nazwisko` varchar(30) NOT NULL,
  `nr_tel` bigint(20) DEFAULT NULL,
  `email` varchar(40) DEFAULT NULL,
  `data_ur` date DEFAULT NULL
) ENGINE=InnoDB DEFAULT CHARSET=utf8 COLLATE=utf8_bin;

--
-- Dumping data for table `klienci`
--

INSERT INTO `klienci` (`id`, `imie`, `nazwisko`, `nr_tel`, `email`, `data_ur`) VALUES
(1, 'MATEUSZ', 'BALON', 48315941351, 'mat7004@gmail.com', '1993-11-23'),
(2, 'MATEUSZ', 'KACPRZYK', 48577019118, 'mat2808@gmail.com', '2001-12-26'),
(3, 'BRONISŁAW', 'DOMBROWSKI', 48914787915, 'bro3919@gmail.com', '1980-12-21'),
(4, 'ADAM', 'KARSKI', 48769805294, 'ada5700@gmail.com', '1985-10-15'),
(5, 'JERZY', 'RYCZEK', 48230027100, 'jer8812@gmail.com', '1977-01-24'),
(6, 'WALDEMAR', 'DWORAK', 48111175392, 'wal7661@gmail.com', '1966-06-05'),
(7, 'KAMIL', 'WACŁAWSKI', 48230323611, 'kam2983@gmail.com', '1969-12-26'),
(8, 'ZENON', 'SMOTER', 48831726943, 'zen7828@gmail.com', '1952-05-14'),
(9, 'MICHAŁ', 'WOJTKOWIAK', 48542283293, 'mic3977@gmail.com', '1953-11-21'),
(10, 'ŁUKASZ', 'BOJARSKI', 48392083046, 'łuk2418@gmail.com', '2000-09-04'),
(11, 'JAROSŁAW', 'SUDOŁ', 48737079003, 'jar1630@gmail.com', '1977-04-18'),
(12, 'JAN', 'FIEDOR', 48467331308, 'jan6443@gmail.com', '1997-11-15'),
(13, 'MICHAŁ', 'HUSAK', 48835623009, 'mic8634@gmail.com', '1955-05-17'),
(14, 'HUBERT', 'KOCHANEK', 48515690403, 'hub7753@gmail.com', '1995-05-29'),
(15, 'OSKAR', 'DAWID', 48243093798, 'osk6933@gmail.com', '2003-08-02'),
(16, 'ROBERT', 'ŁOPATA', 48687618116, 'rob2890@gmail.com', '1963-12-08'),
(17, 'ZDZISŁAW', 'CHORĄŻY', 48936423433, 'zdz7669@gmail.com', '1990-01-06'),
(18, 'MARCEL', 'CHLEBOWSKI', 48212508844, 'mar7180@gmail.com', '2001-12-09'),
(19, 'MAKSYMILIAN', 'GUŁA', 48108088799, 'mak3120@gmail.com', '1983-11-28'),
(20, 'PRZEMYSŁAW', 'TRUCHAN', 48176207294, 'prz9297@gmail.com', '1989-09-26'),
(21, 'BOLESŁAW', 'UJMA', 48703958279, 'bol2249@gmail.com', '1980-04-23'),
(22, 'BARTOSZ', 'KUSAK', 48516004273, 'bar9807@gmail.com', '1979-02-08'),
(23, 'ARTUR', 'RYBARCZYK', 48382116406, 'art4058@gmail.com', '1974-07-01'),
(24, 'BARTŁOMIEJ', 'JĘDRYKA', 48117650738, 'bar2497@gmail.com', '1967-03-23'),
(25, 'OLIWIER', 'SZTUKA', 48783672920, 'oli7896@gmail.com', '1993-01-06'),
(26, 'LEON', 'RUSZKOWSKI', 48433384888, 'leo1155@gmail.com', '2000-11-06'),
(27, 'JANUSZ', 'GRODZICKI', 48652337112, 'jan2114@gmail.com', '1942-02-08'),
(28, 'BARTOSZ', 'ŁEPKOWSKI', 48203540962, 'bar9147@gmail.com', '1996-06-17'),
(29, 'CZESŁAW', 'KORCZYŃSKI', 48773958333, 'cze2222@gmail.com', '1997-02-13'),
(30, 'ALAN', 'ANDRZEJCZAK', 48868966801, 'ala6119@gmail.com', '1991-08-02'),
(31, 'PATRYK', 'GRYC', 48419080315, 'pat6890@gmail.com', '2003-04-07'),
(32, 'ŁUKASZ', 'GĘBKA', 48135784250, 'łuk3878@gmail.com', '1976-02-26'),
(33, 'WŁODZIMIERZ', 'TYRKA', 48838976123, 'wło4297@gmail.com', '1962-08-24'),
(34, 'KAMIL', 'GOCH', 48144398551, 'kam6191@gmail.com', '1948-01-14'),
(35, 'WITOLD', 'BIZOŃ', 48596471026, 'wit8653@gmail.com', '1954-09-04'),
(36, 'KRYSTIAN', 'KOŁODZIEJCZAK', 48292354562, 'kry1151@gmail.com', '1979-04-14'),
(37, 'BOGUSŁAW', 'WIELEBA', 48152465766, 'bog4528@gmail.com', '1967-09-21'),
(38, 'BOGDAN', 'CISZEK', 48151935214, 'bog1097@gmail.com', '1999-09-22'),
(39, 'MAKSYMILIAN', 'CHMIELIŃSKI', 48818052643, 'mak5569@gmail.com', '1994-11-07'),
(40, 'PRZEMYSŁAW', 'MASIAK', 48843187015, 'prz5767@gmail.com', '1967-09-12'),
(41, 'STANISŁAW', 'FELCZAK', 48116919141, 'sta2872@gmail.com', '1982-08-19'),
(42, 'WŁADYSŁAW', 'KARDASZ', 48290425648, 'wła3773@gmail.com', '1945-04-18'),
(43, 'KONRAD', 'MARKIEWICZ', 48527304646, 'kon1780@gmail.com', '1995-09-14'),
(44, 'LESZEK', 'SZYSZKOWSKI', 48349710431, 'les1605@gmail.com', '1991-05-10'),
(45, 'KAZIMIERZ', 'BERENT', 48742023613, 'kaz7306@gmail.com', '1973-07-12'),
(46, 'KONRAD', 'GAWIN', 48152015282, 'kon7730@gmail.com', '1967-08-22'),
(47, 'EDMUND', 'BUJOK', 48988727612, 'edm1706@gmail.com', '2004-05-23'),
(48, 'JAKUB', 'CEDRO', 48889790189, 'jak6530@gmail.com', '1979-09-11'),
(49, 'DAWID', 'DYBOWSKI', 48567370540, 'daw8091@gmail.com', '1977-04-03'),
(50, 'SZYMON', 'ŚMIGIELSKI', 48893731072, 'szy6899@gmail.com', '1991-08-24'),
(51, 'PRZEMYSŁAW', 'OLECHNOWICZ', 48464171319, 'prz3799@gmail.com', '1967-07-07'),
(52, 'LUDWIK', 'ROSZKOWSKI', 48371577670, 'lud8368@gmail.com', '1988-01-02'),
(53, 'WIESŁAW', 'KURAŚ', 48947633816, 'wie1898@gmail.com', '1994-02-27'),
(54, 'DAWID', 'SALA', 48175943164, 'daw4746@gmail.com', '1955-10-24'),
(55, 'DAWID', 'SKUPIŃSKI', 48791892762, 'daw5303@gmail.com', '1954-04-27'),
(56, 'ZBIGNIEW', 'URBAN', 48861728500, 'zbi1278@gmail.com', '1990-08-15'),
(57, 'PATRYK', 'MĄDRY', 48323809152, 'pat3577@gmail.com', '2005-11-18'),
(58, 'JACEK', 'SARNOWSKI', 48449636486, 'jac5020@gmail.com', '2004-02-21'),
(59, 'FELIKS', 'ĆWIKLIŃSKI', 48647087875, 'fel3461@gmail.com', '1994-08-11'),
(60, 'KAZIMIERZ', 'CHROSTOWSKI', 48574361268, 'kaz9582@gmail.com', '1961-12-11'),
(61, 'ZBIGNIEW', 'RADCHENKO', 48152739644, 'zbi8602@gmail.com', '1951-12-19'),
(62, 'ADRIAN', 'DEMBIŃSKI', 48160446907, 'adr8278@gmail.com', '1940-01-07'),
(63, 'JAKUB', 'KĘSIK', 48927250296, 'jak1303@gmail.com', '1981-01-07'),
(64, 'EDMUND', 'TYL', 48508469409, 'edm9160@gmail.com', '1983-05-07'),
(65, 'LUDWIK', 'SZYMANKIEWICZ', 48812967049, 'lud8263@gmail.com', '1949-02-25'),
(66, 'WIKTOR', 'RYKACZEWSKI', 48429342837, 'wik8713@gmail.com', '1982-02-18'),
(67, 'MARCIN', 'ANTONIAK', 48440230696, 'mar8037@gmail.com', '1957-10-08'),
(68, 'JERZY', 'KUBICA', 48379019278, 'jer1097@gmail.com', '1962-07-03'),
(69, 'JAN', 'KIEŁBASA', 48492613256, 'jan4095@gmail.com', '1987-01-17'),
(70, 'SYLWESTER', 'NIZIO', 48201467046, 'syl6956@gmail.com', '1967-06-20'),
(71, 'BERNARD', 'KOSZYK', 48221764466, 'ber3388@gmail.com', '1946-05-04'),
(72, 'ANDRZEJ', 'BARTOSIEWICZ', 48758356208, 'and9372@gmail.com', '1997-01-09'),
(73, 'ALAN', 'TARKOWSKI', 48724342956, 'ala7721@gmail.com', '1999-12-19'),
(74, 'ROMAN', 'RYBACKI', 48682200992, 'rom2213@gmail.com', '1953-08-12'),
(75, 'LEON', 'JĘDRZEJEK', 48140680797, 'leo3479@gmail.com', '1979-01-14'),
(76, 'IGNACY', 'FRĄTCZAK', 48564300702, 'ign9123@gmail.com', '1969-05-02'),
(77, 'SEBASTIAN', 'OSIKA', 48538046191, 'seb5078@gmail.com', '1940-04-06'),
(78, 'ALAN', 'TALAGA', 48620178034, 'ala1418@gmail.com', '1960-01-14'),
(79, 'JULIAN', 'SKÓRSKI', 48144365967, 'jul8126@gmail.com', '1954-04-04'),
(80, 'HENRYK', 'ROMANOWSKI', 48811005946, 'hen7650@gmail.com', '1953-06-18'),
(81, 'KONRAD', 'ŁOZIŃSKI', 48130576452, 'kon8597@gmail.com', '2003-09-10'),
(82, 'RAFAŁ', 'KOPROWSKI', 48502344085, 'raf6455@gmail.com', '1998-05-15'),
(83, 'ROMAN', 'CZERNIAWSKI', 48681991563, 'rom4608@gmail.com', '1948-03-19'),
(84, 'PAWEŁ', 'DENIS', 48213391605, 'paw4894@gmail.com', '1984-04-14'),
(85, 'KRZYSZTOF', 'BOCIAN', 48619489655, 'krz7500@gmail.com', '1954-05-29'),
(86, 'MATEUSZ', 'MAŃKA', 48297807681, 'mat6912@gmail.com', '1996-10-25'),
(87, 'NORBERT', 'JELIŃSKI', 48382505643, 'nor2612@gmail.com', '1953-04-16'),
(88, 'MIKOŁAJ', 'PRZYBYLSKI', 48965219233, 'mik5850@gmail.com', '1944-12-29'),
(89, 'WALDEMAR', 'OLEJARZ', 48474630619, 'wal7194@gmail.com', '1988-04-20'),
(90, 'HUBERT', 'ZIÓŁEK', 48569459849, 'hub7249@gmail.com', '1965-08-08'),
(91, 'WŁADYSŁAW', 'BRONISZ', 48944436921, 'wła2565@gmail.com', '1973-01-12'),
(92, 'ARTUR', 'KĘSICKI', 48380150363, 'art8723@gmail.com', '1991-03-27'),
(93, 'WŁODZIMIERZ', 'GROMADA', 48931514517, 'wło9825@gmail.com', '1995-04-15'),
(94, 'RADOSŁAW', 'PIEKUT', 48923216237, 'rad5662@gmail.com', '1986-12-15'),
(95, 'WŁODZIMIERZ', 'DĄBROWSKI', 48562087964, 'wło8041@gmail.com', '1963-02-05'),
(96, 'ZENON', 'MAKAR', 48529670303, 'zen3641@gmail.com', '1972-05-05'),
(97, 'ROBERT', 'BOBAK', 48895972136, 'rob2219@gmail.com', '1986-04-16'),
(98, 'MIROSŁAW', 'KACZOREK', 48971990944, 'mir2712@gmail.com', '1959-09-09'),
(99, 'ROMAN', 'ARCHACKI', 48386992267, 'rom6988@gmail.com', '1980-03-08'),
(100, 'JÓZEF', 'FRĄTCZAK', 48433781125, 'józ7949@gmail.com', '2004-02-18'),
(101, 'DARIUSZ', 'STASIEWICZ', 48208177399, 'dar6385@gmail.com', '1941-07-28'),
(102, 'MACIEJ', 'ROSIEK', 48609885730, 'mac8445@gmail.com', '1941-06-26'),
(103, 'PRZEMYSŁAW', 'PIWOŃSKI', 48231898691, 'prz7996@gmail.com', '1945-10-25'),
(104, 'BRONISŁAW', 'KIEŁBASA', 48146369222, 'bro3318@gmail.com', '1943-12-07'),
(105, 'ZDZISŁAW', 'MINDA', 48353646552, 'zdz3888@gmail.com', '1953-12-20'),
(106, 'SZYMON', 'SZYMONIAK', 48824612904, 'szy6719@gmail.com', '1941-12-19'),
(107, 'TADEUSZ', 'SZKLARZ', 48101484111, 'tad3108@gmail.com', '1986-04-28'),
(108, 'LEON', 'FRONCZAK', 48707319512, 'leo8727@gmail.com', '1972-03-20'),
(109, 'MARIAN', 'SKULSKI', 48721263609, 'mar8043@gmail.com', '1946-10-14'),
(110, 'BRONISŁAW', 'PLEWKA', 48391926556, 'bro1552@gmail.com', '1941-10-08'),
(111, 'WOJCIECH', 'RABIEGA', 48792026893, 'woj4790@gmail.com', '2005-11-01'),
(112, 'OLIWIER', 'ZELEK', 48556143032, 'oli4577@gmail.com', '2001-07-18'),
(113, 'ADAM', 'SMOŁKA', 48335738062, 'ada4674@gmail.com', '2005-03-25'),
(114, 'EUGENIUSZ', 'STAWOWY', 48118801814, 'eug2102@gmail.com', '1968-04-25'),
(115, 'ADRIAN', 'SULEWSKI', 48941877456, 'adr8390@gmail.com', '1998-11-04'),
(116, 'HUBERT', 'JAGUSIAK', 48509289426, 'hub5423@gmail.com', '1959-04-12'),
(117, 'BOGDAN', 'BULANDA', 48991077017, 'bog1128@gmail.com', '1958-12-16'),
(118, 'KRYSTIAN', 'BUJNOWSKI', 48853696550, 'kry5023@gmail.com', '1945-03-27'),
(119, 'OSKAR', 'TYSZKA', 48635785897, 'osk9702@gmail.com', '1995-05-22'),
(120, 'HUBERT', 'MIROCHA', 48681567719, 'hub9741@gmail.com', '1979-09-04'),
(121, 'ZDZISŁAW', 'FIUK', 48369361262, 'zdz5277@gmail.com', '1957-07-26'),
(122, 'LUCJAN', 'REGUŁA', 48847123825, 'luc4119@gmail.com', '1961-01-20'),
(123, 'JAROSŁAW', 'ZDYBEL', 48120161645, 'jar3188@gmail.com', '1984-03-07'),
(124, 'MARCEL', 'SIWIAK', 48529958473, 'mar7975@gmail.com', '1953-04-23'),
(125, 'JACEK', 'KOC', 48614068172, 'jac1960@gmail.com', '1997-01-28'),
(126, 'ROBERT', 'ŻMUDA', 48395829867, 'rob2332@gmail.com', '1958-06-10'),
(127, 'BERNARD', 'SERAFIN', 48197898765, 'ber9608@gmail.com', '1964-09-05'),
(128, 'ANTONI', 'PAWLACZYK', 48882245826, 'ant5013@gmail.com', '1942-05-16'),
(129, 'BERNARD', 'MARCINOWSKI', 48966332506, 'ber8602@gmail.com', '2002-07-14'),
(130, 'ROMAN', 'PLATA', 48463003312, 'rom7244@gmail.com', '1944-04-25'),
(131, 'JAN', 'DRWAL', 48623419242, 'jan6637@gmail.com', '2005-12-16'),
(132, 'KRYSTIAN', 'ROMAŃCZYK', 48110776382, 'kry1557@gmail.com', '1990-04-21'),
(133, 'WACŁAW', 'STANEK', 48709630915, 'wac3499@gmail.com', '1941-10-29'),
(134, 'KONRAD', 'WRZOS', 48221803809, 'kon2227@gmail.com', '1972-11-01'),
(135, 'MARIAN', 'ŚLEDZIEWSKI', 48339976654, 'mar1477@gmail.com', '1993-08-19'),
(136, 'MIECZYSŁAW', 'MIGDAŁ', 48865621235, 'mie8513@gmail.com', '1993-01-12'),
(137, 'ROBERT', 'KRAJNIK', 48387122736, 'rob3991@gmail.com', '1941-11-12'),
(138, 'ROBERT', 'KOZUBEK', 48956350132, 'rob3818@gmail.com', '1991-05-01'),
(139, 'ARTUR', 'KOC', 48530654276, 'art2388@gmail.com', '1965-05-13'),
(140, 'IRENEUSZ', 'GRONOWSKI', 48435998725, 'ire4233@gmail.com', '1981-11-25'),
(141, 'JAN', 'KSIĘŻOPOLSKI', 48238837834, 'jan8674@gmail.com', '1982-09-19'),
(142, 'PIOTR', 'MACIĄG', 48486122744, 'pio2975@gmail.com', '1968-07-15'),
(143, 'LECH', 'JAGUŚ', 48380009451, 'lec2844@gmail.com', '1947-02-03'),
(144, 'WŁODZIMIERZ', 'STRZELEC', 48516408511, 'wło7149@gmail.com', '1987-04-24'),
(145, 'DARIUSZ', 'KUMOR', 48247192282, 'dar8988@gmail.com', '1943-01-19'),
(146, 'MIECZYSŁAW', 'KULIK', 48768207807, 'mie3194@gmail.com', '1970-06-23'),
(147, 'PATRYK', 'SEWERYN', 48279820605, 'pat3617@gmail.com', '1979-11-01'),
(148, 'MARIUSZ', 'GRZANKA', 48957036621, 'mar2093@gmail.com', '1973-10-03'),
(149, 'WOJCIECH', 'DAWIDZIUK', 48133229889, 'woj2826@gmail.com', '1968-07-14'),
(150, 'BOGUSŁAW', 'SZWEDO', 48833168217, 'bog4597@gmail.com', '1945-02-24'),
(151, 'RADOSŁAW', 'RĘBACZ', 48986857962, 'rad5017@gmail.com', '1943-11-16'),
(152, 'MIŁOSZ', 'NAKIELSKI', 48529319394, 'mił2828@gmail.com', '1943-06-19'),
(153, 'KONRAD', 'KIEŁB', 48194691658, 'kon1961@gmail.com', '1993-08-26'),
(154, 'MIECZYSŁAW', 'SZOŁTYSEK', 48613722724, 'mie7444@gmail.com', '1953-05-17'),
(155, 'ZENON', 'MALIK', 48133701682, 'zen9133@gmail.com', '1956-02-18'),
(156, 'PRZEMYSŁAW', 'MIKOŚ', 48388366067, 'prz7370@gmail.com', '1940-10-23'),
(157, 'DANIEL', 'BIENIEK', 48540768799, 'dan7143@gmail.com', '1940-04-21'),
(158, 'HUBERT', 'EJSMONT', 48766452328, 'hub7916@gmail.com', '1984-07-13'),
(159, 'CZESŁAW', 'FRĄTCZAK', 48650437899, 'cze8572@gmail.com', '1956-09-13'),
(160, 'MATEUSZ', 'CWALINA', 48379275705, 'mat5247@gmail.com', '2001-08-08'),
(161, 'LECH', 'JAŚKOWSKI', 48772515612, 'lec9460@gmail.com', '1994-12-15'),
(162, 'KRZYSZTOF', 'ZĄBEK', 48235315227, 'krz2300@gmail.com', '1969-07-02'),
(163, 'JAROSŁAW', 'GÓRSKI', 48904306613, 'jar7895@gmail.com', '1953-03-12'),
(164, 'KAZIMIERZ', 'GOLA', 48751129129, 'kaz8131@gmail.com', '1989-04-11'),
(165, 'MIROSŁAW', 'KROGULEC', 48135000793, 'mir6156@gmail.com', '1960-03-04'),
(166, 'WŁADYSŁAW', 'MIGAS', 48859677965, 'wła1086@gmail.com', '1986-04-06'),
(167, 'ZDZISŁAW', 'PASZKOWSKI', 48288233688, 'zdz7375@gmail.com', '1972-04-23'),
(168, 'BARTŁOMIEJ', 'AUGUSTYNOWICZ', 48296901004, 'bar1507@gmail.com', '1958-03-29'),
(169, 'WOJCIECH', 'OŁDAK', 48385413047, 'woj8094@gmail.com', '1962-06-16'),
(170, 'ANTONI', 'SZYMANKIEWICZ', 48668087236, 'ant2472@gmail.com', '1978-12-07'),
(171, 'MIŁOSZ', 'MIERZEJEWSKI', 48424391248, 'mił7159@gmail.com', '1952-10-16'),
(172, 'FELIKS', 'KRUPKA', 48121243094, 'fel1968@gmail.com', '1969-07-29'),
(173, 'BOLESŁAW', 'BANASZCZYK', 48336063209, 'bol8391@gmail.com', '1954-09-18'),
(174, 'ROMAN', 'WINIARSKI', 48724426865, 'rom8494@gmail.com', '1940-07-05'),
(175, 'BOGUSŁAW', 'CIEŚLIK', 48893491485, 'bog7465@gmail.com', '2003-02-22'),
(176, 'JAKUB', 'DZIUBAK', 48881923458, 'jak2140@gmail.com', '1946-08-25'),
(177, 'IRENEUSZ', 'ŁĘCZYCKI', 48970009280, 'ire2659@gmail.com', '1995-09-12'),
(178, 'IRENEUSZ', 'GRZESZCZUK', 48974014821, 'ire4997@gmail.com', '1987-08-20'),
(179, 'SEBASTIAN', 'DANIELAK', 48394439657, 'seb6511@gmail.com', '1948-03-27'),
(180, 'IGOR', 'WODECKI', 48526500174, 'igo9445@gmail.com', '1975-10-27'),
(181, 'JACEK', 'GRYC', 48835945438, 'jac7115@gmail.com', '1951-02-11'),
(182, 'EDMUND', 'SKRZEK', 48882487356, 'edm9427@gmail.com', '1964-07-03'),
(183, 'HENRYK', 'WRZOSEK', 48260085648, 'hen7187@gmail.com', '1966-11-07'),
(184, 'GRZEGORZ', 'BAKUN', 48501962643, 'grz4316@gmail.com', '1940-12-17'),
(185, 'SZYMON', 'PALUSZKIEWICZ', 48606675326, 'szy6694@gmail.com', '2003-09-20'),
(186, 'MAREK', 'KIEŁBOWICZ', 48941373942, 'mar3089@gmail.com', '1995-01-17'),
(187, 'MAREK', 'KRAUZE', 48603820334, 'mar3165@gmail.com', '2004-10-15'),
(188, 'EDWARD', 'MATECKI', 48234698751, 'edw6931@gmail.com', '1953-07-11'),
(189, 'OLIWIER', 'JUSKOWIAK', 48395172661, 'oli3867@gmail.com', '1940-04-22'),
(190, 'STEFAN', 'KUBERA', 48261464382, 'ste1353@gmail.com', '1965-05-18'),
(191, 'BOGUSŁAW', 'WALKIEWICZ', 48273627023, 'bog5425@gmail.com', '1966-05-03'),
(192, 'ŁUKASZ', 'WARDĘGA', 48907017337, 'łuk6954@gmail.com', '2000-04-19'),
(193, 'JAN', 'STĘPIŃSKI', 48243741853, 'jan5091@gmail.com', '1966-09-03'),
(194, 'MARCIN', 'CUPIAŁ', 48849906697, 'mar6528@gmail.com', '1974-11-13'),
(195, 'JAN', 'KORDOWSKI', 48184888135, 'jan6929@gmail.com', '2002-03-01'),
(196, 'JACEK', 'STODULSKI', 48402700276, 'jac3965@gmail.com', '2004-03-26'),
(197, 'ROMAN', 'OWCZARZAK', 48390055397, 'rom4809@gmail.com', '1971-06-19'),
(198, 'KAZIMIERZ', 'MILEWSKI', 48126117785, 'kaz2582@gmail.com', '2003-12-01'),
(199, 'MATEUSZ', 'ROŻEK', 48904791882, 'mat9716@gmail.com', '1964-07-04'),
(200, 'MIROSŁAW', 'TWAROWSKI', 48786287857, 'mir6581@gmail.com', '1948-07-20'),
(201, 'SEBASTIAN', 'KOSIOROWSKI', 48934126788, 'seb8009@gmail.com', '1954-02-02'),
(202, 'MARIAN', 'STRZAŁA', 48449327659, 'mar2898@gmail.com', '1946-02-06'),
(203, 'MIKOŁAJ', 'PAROL', 48951826448, 'mik2465@gmail.com', '1987-01-04'),
(204, 'NORBERT', 'POŁOMSKI', 48808825057, 'nor2201@gmail.com', '1979-09-10'),
(205, 'STEFAN', 'MOROZOV', 48948969994, 'ste7392@gmail.com', '1942-07-13'),
(206, 'IRENEUSZ', 'WIDERA', 48421525369, 'ire3533@gmail.com', '1954-09-18'),
(207, 'MARIUSZ', 'CHODKOWSKI', 48400115540, 'mar3599@gmail.com', '0000-00-00'),
(208, 'ROBERT', 'MIKRUT', 48298335751, 'rob7942@gmail.com', '1956-03-11'),
(209, 'PRZEMYSŁAW', 'CEGŁOWSKI', 48290341600, 'prz3633@gmail.com', '1959-11-01'),
(210, 'KONRAD', 'PIOTROWSKI', 48191766209, 'kon3692@gmail.com', '1967-07-01'),
(211, 'MARIUSZ', 'LENDZION', 48690995249, 'mar7251@gmail.com', '1995-07-11'),
(212, 'DAMIAN', 'SZAFRAN', 48330402810, 'dam9342@gmail.com', '1971-03-16'),
(213, 'ZENON', 'PIASKOWSKI', 48313635578, 'zen3760@gmail.com', '1996-04-04'),
(214, 'BERNARD', 'LEWICKI', 48853088988, 'ber2562@gmail.com', '1988-11-19'),
(215, 'HUBERT', 'JERZAK', 48466235001, 'hub3355@gmail.com', '1983-04-11'),
(216, 'ARTUR', 'RACZKOWSKI', 48626420668, 'art7433@gmail.com', '1950-08-01'),
(217, 'ZDZISŁAW', 'BĘBENEK', 48553639737, 'zdz1581@gmail.com', '1976-10-22'),
(218, 'ANTONI', 'FISZER', 48555047950, 'ant5387@gmail.com', '1955-12-18'),
(219, 'LESZEK', 'OKRASA', 48855095712, 'les3841@gmail.com', '1970-06-01'),
(220, 'PAWEŁ', 'KILIAN', 48359078239, 'paw6427@gmail.com', '1969-08-09'),
(221, 'EUGENIUSZ', 'SADKOWSKI', 48258086880, 'eug6859@gmail.com', '1999-04-24'),
(222, 'ARTUR', 'CIEĆWIERZ', 48483856987, 'art8662@gmail.com', '1973-01-25'),
(223, 'WOJCIECH', 'BRZEZIŃSKI', 48920655798, 'woj7696@gmail.com', '1992-08-19'),
(224, 'ZDZISŁAW', 'ŻYŁKA', 48525510722, 'zdz1464@gmail.com', '1984-02-06'),
(225, 'KACPER', 'ŚCIBOR', 48704918579, 'kac2449@gmail.com', '1986-03-22'),
(226, 'JÓZEF', 'KĘDZIORA', 48720044890, 'józ3597@gmail.com', '1961-01-21'),
(227, 'JULIAN', 'SUDOŁ', 48278189952, 'jul7714@gmail.com', '1942-04-03'),
(228, 'WŁODZIMIERZ', 'SZUMIŃSKI', 48887335022, 'wło2416@gmail.com', '1948-11-03'),
(229, 'WALDEMAR', 'OŻÓG', 48476468205, 'wal7935@gmail.com', '1967-08-22'),
(230, 'LUDWIK', 'PARA', 48713546134, 'lud4695@gmail.com', '1978-09-27'),
(231, 'JAKUB', 'RUSINEK', 48700034944, 'jak4367@gmail.com', '1955-02-16'),
(232, 'RADOSŁAW', 'FUS', 48948972126, 'rad1238@gmail.com', '1968-10-16'),
(233, 'ROMAN', 'PIKUŁA', 48531059651, 'rom1475@gmail.com', '1978-06-03'),
(234, 'BOLESŁAW', 'SOBAŃSKI', 48162316899, 'bol1693@gmail.com', '1943-02-17'),
(235, 'DARIUSZ', 'TRZASKA', 48278643218, 'dar6389@gmail.com', '1964-03-19'),
(236, 'WALDEMAR', 'KRASNODĘBSKI', 48973232939, 'wal8409@gmail.com', '1979-02-20'),
(237, 'JAROSŁAW', 'MROCZKA', 48222423225, 'jar6791@gmail.com', '1995-09-17'),
(238, 'LECH', 'LEMAŃCZYK', 48447706997, 'lec5069@gmail.com', '1977-11-02'),
(239, 'JAN', 'MARKOWSKI', 48840087367, 'jan8770@gmail.com', '1974-06-06'),
(240, 'ADAM', 'POCIASK', 48223000175, 'ada3439@gmail.com', '1991-06-20'),
(241, 'JULIAN', 'GACKOWSKI', 48436411364, 'jul8365@gmail.com', '1962-05-07'),
(242, 'ROMAN', 'INGLOT', 48504139884, 'rom9868@gmail.com', '1979-06-02'),
(243, 'ANTONI', 'HAVRYLIUK', 48257501490, 'ant8611@gmail.com', '1954-02-24'),
(244, 'MIECZYSŁAW', 'NITECKI', 48864206201, 'mie3187@gmail.com', '1987-02-07'),
(245, 'IGOR', 'SOCHA', 48831728973, 'igo9273@gmail.com', '2005-05-19'),
(246, 'EUGENIUSZ', 'KARASEK', 48874466157, 'eug8900@gmail.com', '1954-03-07'),
(247, 'FELIKS', 'KOWOL', 48696694576, 'fel3183@gmail.com', '1959-05-05'),
(248, 'WOJCIECH', 'CIERNIAK', 48864310699, 'woj3658@gmail.com', '1991-05-14'),
(249, 'DARIUSZ', 'DOMAŃSKI', 48714853272, 'dar5687@gmail.com', '1945-08-01'),
(250, 'JAN', 'TOMASZEWICZ', 48527820598, 'jan1246@gmail.com', '1952-10-24'),
(251, 'PIOTR', 'WALCZYK', 48470887596, 'pio8727@gmail.com', '1952-01-28'),
(252, 'OLIWIER', 'LECH', 48406605590, 'oli5872@gmail.com', '1946-12-27'),
(253, 'JÓZEF', 'KUZMENKO', 48725735148, 'józ9939@gmail.com', '1982-10-05'),
(254, 'ZBIGNIEW', 'KŁUSEK', 48706498687, 'zbi2319@gmail.com', '1987-01-03'),
(255, 'DANIEL', 'SZAFRAN', 48508530043, 'dan7083@gmail.com', '1982-05-22'),
(256, 'ZYGMUNT', 'KOSZEWSKI', 48687208219, 'zyg9137@gmail.com', '1940-11-21'),
(257, 'MAREK', 'PĄCZEK', 48108993695, 'mar6287@gmail.com', '1968-11-01'),
(258, 'DARIUSZ', 'MĄDRY', 48233570983, 'dar1010@gmail.com', '1957-06-13'),
(259, 'CZESŁAW', 'JĘDRZEJEWSKI', 48334048917, 'cze8201@gmail.com', '1953-05-11'),
(260, 'ALAN', 'TCHÓRZEWSKI', 48607027685, 'ala5930@gmail.com', '1987-08-22'),
(261, 'JAROSŁAW', 'NIEWIADOMSKI', 48981372383, 'jar8849@gmail.com', '1991-07-18'),
(262, 'TOMASZ', 'ROŻEK', 48520984830, 'tom4458@gmail.com', '1971-01-26'),
(263, 'WŁADYSŁAW', 'BŁACHOWICZ', 48257524240, 'wła8360@gmail.com', '1970-05-02'),
(264, 'JERZY', 'CUPIAŁ', 48451171325, 'jer2916@gmail.com', '1976-08-18'),
(265, 'ŁUKASZ', 'SOBOŃ', 48920138480, 'łuk7536@gmail.com', '1942-07-09'),
(266, 'LUDWIK', 'MAJEWSKI', 48668934341, 'lud7949@gmail.com', '1947-06-22'),
(267, 'IGOR', 'KUTA', 48764742024, 'igo8867@gmail.com', '1987-07-25'),
(268, 'MAKSYMILIAN', 'LUBIŃSKI', 48663031672, 'mak5263@gmail.com', '1992-11-13'),
(269, 'BRONISŁAW', 'ŁUKASIAK', 48762148791, 'bro8414@gmail.com', '1948-06-03'),
(270, 'WITOLD', 'WOLANIN', 48510942031, 'wit7089@gmail.com', '1965-03-26'),
(271, 'LUCJAN', 'GAWĘDA', 48658643091, 'luc1772@gmail.com', '1954-04-20'),
(272, 'WŁADYSŁAW', 'KORUS', 48645801061, 'wła6700@gmail.com', '1996-12-17'),
(273, 'CEZARY', 'GÓRKA', 48607561598, 'cez6464@gmail.com', '1963-10-27'),
(274, 'PAWEŁ', 'TWOREK', 48788385164, 'paw3149@gmail.com', '1947-07-09'),
(275, 'RADOSŁAW', 'RADZISZEWSKI', 48820218335, 'rad4899@gmail.com', '1981-08-20'),
(276, 'LECH', 'SZWED', 48362144907, 'lec2410@gmail.com', '1960-11-05'),
(277, 'HENRYK', 'SORDYL', 48718362791, 'hen7147@gmail.com', '1984-01-11'),
(278, 'OSKAR', 'CHORZĘPA', 48494803364, 'osk5692@gmail.com', '1989-10-24'),
(279, 'JAKUB', 'BALCER', 48747471971, 'jak4664@gmail.com', '1996-12-08'),
(280, 'WIKTOR', 'ZAWIŚLAK', 48148497075, 'wik3114@gmail.com', '1989-12-01'),
(281, 'FRANCISZEK', 'SZCZUR', 48419519668, 'fra6454@gmail.com', '1953-11-08'),
(282, 'KAROL', 'CENDROWSKI', 48937586739, 'kar4500@gmail.com', '1973-09-13'),
(283, 'PIOTR', 'ROGOZIŃSKI', 48138773179, 'pio7989@gmail.com', '1975-11-09'),
(284, 'FRANCISZEK', 'SOWA', 48878325901, 'fra6965@gmail.com', '1958-08-10'),
(285, 'ANDRZEJ', 'BANIAK', 48699062581, 'and1023@gmail.com', '1969-11-16'),
(286, 'OSKAR', 'GÓRNIAK', 48965269497, 'osk9316@gmail.com', '1997-11-28'),
(287, 'WOJCIECH', 'KĘPSKI', 48760660635, 'woj2366@gmail.com', '1989-07-29'),
(288, 'DANIEL', 'ŁASZKIEWICZ', 48120313422, 'dan5751@gmail.com', '2002-01-22'),
(289, 'RADOSŁAW', 'STRUSKI', 48984941954, 'rad7798@gmail.com', '1999-11-18'),
(290, 'ZDZISŁAW', 'FREJ', 48842675627, 'zdz5054@gmail.com', '1961-12-22'),
(291, 'ARTUR', 'NIŻNIK', 48498110350, 'art7429@gmail.com', '1946-11-14'),
(292, 'ROMAN', 'ŁYSEK', 48944411449, 'rom6340@gmail.com', '1957-01-20'),
(293, 'JULIAN', 'MAJCHER', 48622956030, 'jul9209@gmail.com', '1980-05-21'),
(294, 'ROMAN', 'ZBLEWSKI', 48136562179, 'rom3547@gmail.com', '1940-11-17'),
(295, 'JANUSZ', 'PAMUŁA', 48996768352, 'jan2759@gmail.com', '1945-03-10'),
(296, 'MACIEJ', 'WRZESZCZ', 48157643686, 'mac6140@gmail.com', '1986-01-25'),
(297, 'JAKUB', 'MALESA', 48877137514, 'jak1433@gmail.com', '1986-09-22'),
(298, 'FRANCISZEK', 'MAJCHERCZYK', 48167319920, 'fra8435@gmail.com', '1949-07-20'),
(299, 'SZYMON', 'SALAMON', 48491835087, 'szy3746@gmail.com', '1990-04-10'),
(300, 'IGOR', 'NIECKARZ', 48397014552, 'igo7073@gmail.com', '1983-05-21'),
(301, 'BARTŁOMIEJ', 'KOVALOV', 48895989701, 'bar4710@gmail.com', '2003-11-06'),
(302, 'ALAN', 'WIKA', 48978700334, 'ala8746@gmail.com', '2003-03-27'),
(303, 'WACŁAW', 'CZARNOCKI', 48891776268, 'wac5275@gmail.com', '1945-12-22'),
(304, 'JÓZEF', 'TYBURSKI', 48893686735, 'józ7100@gmail.com', '1975-01-18'),
(305, 'ALAN', 'KOZIKOWSKI', 48575756120, 'ala5851@gmail.com', '1961-04-26'),
(306, 'SYLWESTER', 'KAISER', 48405808550, 'syl8984@gmail.com', '1973-12-12'),
(307, 'EUGENIUSZ', 'RĄCZKA', 48452277165, 'eug9856@gmail.com', '1957-04-14'),
(308, 'ZYGMUNT', 'CHYŁA', 48798616679, 'zyg6169@gmail.com', '1943-07-18'),
(309, 'RYSZARD', 'GAŁAN', 48637296892, 'rys9719@gmail.com', '2002-02-17'),
(310, 'MATEUSZ', 'LABUDA', 48575789244, 'mat9955@gmail.com', '1952-05-14'),
(311, 'KAZIMIERZ', 'BUDZISZEWSKI', 48627025379, 'kaz9817@gmail.com', '2005-06-16'),
(312, 'BARTŁOMIEJ', 'PYCH', 48430871433, 'bar1384@gmail.com', '1947-10-25'),
(313, 'MACIEJ', 'GRUDZIŃSKI', 48791268459, 'mac2506@gmail.com', '1991-07-03'),
(314, 'BARTOSZ', 'RUSAK', 48189302072, 'bar1130@gmail.com', '1996-01-11'),
(315, 'FELIKS', 'DZIERŻANOWSKI', 48184801413, 'fel3954@gmail.com', '1981-06-15'),
(316, 'TADEUSZ', 'KLIMA', 48757444708, 'tad8785@gmail.com', '1961-07-21'),
(317, 'ROBERT', 'PĘDZICH', 48777637470, 'rob2970@gmail.com', '2003-11-22'),
(318, 'KAZIMIERZ', 'NADOLNY', 48776941206, 'kaz3879@gmail.com', '1977-05-17'),
(319, 'EUGENIUSZ', 'JĘDRZEJOWSKI', 48481247245, 'eug9926@gmail.com', '1990-03-09'),
(320, 'ZDZISŁAW', 'GNIADEK', 48970478254, 'zdz8420@gmail.com', '1956-11-01'),
(321, 'RYSZARD', 'WIEJAK', 48427689830, 'rys4474@gmail.com', '1986-07-20'),
(322, 'DANIEL', 'BEDNARCZUK', 48654764333, 'dan6929@gmail.com', '1968-03-14'),
(323, 'JANUSZ', 'BABIAK', 48425423984, 'jan3690@gmail.com', '1959-02-22'),
(324, 'FRANCISZEK', 'BROL', 48483466107, 'fra9919@gmail.com', '1942-09-26'),
(325, 'SŁAWOMIR', 'TOPOLEWSKI', 48293937257, 'sła6723@gmail.com', '2003-08-22'),
(326, 'ZYGMUNT', 'KUŚMIERZ', 48261191808, 'zyg1006@gmail.com', '1981-12-27'),
(327, 'PAWEŁ', 'DUSZYŃSKI', 48322423508, 'paw6232@gmail.com', '1985-04-09'),
(328, 'SYLWESTER', 'KOWOLIK', 48182405530, 'syl3897@gmail.com', '1998-05-23'),
(329, 'ROBERT', 'CISOWSKI', 48568462065, 'rob1471@gmail.com', '1981-06-06'),
(330, 'ZBIGNIEW', 'POZNAŃSKI', 48874565684, 'zbi5627@gmail.com', '2001-04-21'),
(331, 'MIKOŁAJ', 'MYŚLIWIEC', 48368916430, 'mik4798@gmail.com', '1969-03-25'),
(332, 'WŁODZIMIERZ', 'DWORAKOWSKI', 48448675872, 'wło7169@gmail.com', '1981-11-22'),
(333, 'KAROL', 'KACZOR', 48643583690, 'kar5595@gmail.com', '1968-02-23'),
(334, 'EDWARD', 'GLAPA', 48423139134, 'edw8450@gmail.com', '1952-10-18'),
(335, 'DAMIAN', 'WOJNAROWSKI', 48720920464, 'dam4945@gmail.com', '1957-03-16'),
(336, 'HENRYK', 'DYBOWSKI', 48610611614, 'hen4968@gmail.com', '1961-05-13'),
(337, 'ROBERT', 'KANTOR', 48238542807, 'rob4746@gmail.com', '2002-01-06'),
(338, 'KAROL', 'MIELNICZUK', 48333345811, 'kar7861@gmail.com', '1981-03-06'),
(339, 'WŁODZIMIERZ', 'SZAFRANIEC', 48344578085, 'wło7967@gmail.com', '1999-05-21'),
(340, 'LUDWIK', 'CHODAKOWSKI', 48333890998, 'lud3911@gmail.com', '1965-12-10'),
(341, 'JAN', 'PAPIEŻ', 48379174828, 'jan7434@gmail.com', '1948-05-25'),
(342, 'MAREK', 'GAJOWNICZEK', 48455473631, 'mar2872@gmail.com', '1980-01-21'),
(343, 'DAWID', 'RAWSKI', 48557286671, 'daw9114@gmail.com', '1940-06-11'),
(344, 'WŁADYSŁAW', 'PRUSZYŃSKI', 48727164358, 'wła4618@gmail.com', '1998-11-03'),
(345, 'LUCJAN', 'STASIOWSKI', 48797133333, 'luc8902@gmail.com', '1979-10-29'),
(346, 'DAWID', 'KURA', 48832752698, 'daw6759@gmail.com', '1971-11-22'),
(347, 'EDWARD', 'WASILEWSKI', 48653078161, 'edw6477@gmail.com', '1951-04-15'),
(348, 'SZYMON', 'BASTA', 48471987343, 'szy8284@gmail.com', '1976-10-22'),
(349, 'DAWID', 'SZYMURA', 48750065510, 'daw7772@gmail.com', '2002-12-01'),
(350, 'JAN', 'BARTYZEL', 48141404014, 'jan5663@gmail.com', '1971-03-07'),
(351, 'BRONISŁAW', 'WINNICKI', 48620834126, 'bro3945@gmail.com', '1966-05-03'),
(352, 'ARKADIUSZ', 'ŁAKOMY', 48414599386, 'ark6663@gmail.com', '1954-02-25'),
(353, 'JÓZEF', 'BRATEK', 48849043244, 'józ9745@gmail.com', '1965-08-11'),
(354, 'ZYGMUNT', 'PRYKHODKO', 48969905900, 'zyg2715@gmail.com', '2001-03-05'),
(355, 'WALDEMAR', 'WIDERA', 48205461376, 'wal6515@gmail.com', '1984-03-18'),
(356, 'WITOLD', 'TARAN', 48389054539, 'wit9529@gmail.com', '1978-08-15'),
(357, 'MIROSŁAW', 'NIEDZIÓŁKA', 48986262079, 'mir3092@gmail.com', '1959-10-16'),
(358, 'SEBASTIAN', 'KONDRATIUK', 48802358098, 'seb3708@gmail.com', '1977-01-17'),
(359, 'KACPER', 'BOJDA', 48479648858, 'kac6615@gmail.com', '1943-12-27'),
(360, 'MIECZYSŁAW', 'MIŚKOWIEC', 48316502524, 'mie5252@gmail.com', '1979-06-06'),
(361, 'IGNACY', 'DOLNY', 48717802821, 'ign7602@gmail.com', '2002-10-27'),
(362, 'SZYMON', 'FREJ', 48156267907, 'szy2215@gmail.com', '1942-07-15'),
(363, 'MATEUSZ', 'RÓŻYCKI', 48441572001, 'mat9377@gmail.com', '1975-05-04'),
(364, 'DANIEL', 'PIERÓG', 48728335364, 'dan2353@gmail.com', '2000-09-11'),
(365, 'FRANCISZEK', 'KOWALCZYK', 48429866292, 'fra1455@gmail.com', '1982-06-25'),
(366, 'FRANCISZEK', 'KAMROWSKI', 48749897444, 'fra3652@gmail.com', '1949-06-24'),
(367, 'ADAM', 'KRZYŻAK', 48586211014, 'ada1209@gmail.com', '1945-07-28'),
(368, 'ZENON', 'JABŁOŃSKI', 48556245725, 'zen9215@gmail.com', '1979-10-22'),
(369, 'SYLWESTER', 'KABAŁA', 48230759264, 'syl2593@gmail.com', '1970-12-28'),
(370, 'MIŁOSZ', 'DRYJA', 48190398404, 'mił7457@gmail.com', '1981-09-03'),
(371, 'ZYGMUNT', 'LITWIŃSKI', 48948739559, 'zyg9250@gmail.com', '1980-09-04'),
(372, 'MATEUSZ', 'SKOWRON', 48253295054, 'mat8411@gmail.com', '1945-08-26'),
(373, 'JÓZEF', 'WINIAREK', 48966918958, 'józ1506@gmail.com', '1973-05-10'),
(374, 'STEFAN', 'BIAŁKOWSKI', 48186640559, 'ste7346@gmail.com', '1967-07-13'),
(375, 'MIKOŁAJ', 'ZIĘBA', 48738290622, 'mik6781@gmail.com', '1957-05-20'),
(376, 'WACŁAW', 'WOLNY', 48344350243, 'wac2168@gmail.com', '1962-03-14'),
(377, 'WACŁAW', 'SROCZYŃSKI', 48386298292, 'wac7074@gmail.com', '1989-08-16'),
(378, 'ALAN', 'ZABŁOCKI', 48569179732, 'ala1659@gmail.com', '1985-10-13'),
(379, 'KAZIMIERZ', 'KANTOR', 48650598369, 'kaz5925@gmail.com', '1963-06-18'),
(380, 'ROMAN', 'ZABAWA', 48352864701, 'rom3756@gmail.com', '1999-08-10'),
(381, 'KRZYSZTOF', 'STAŃKO', 48304218341, 'krz8122@gmail.com', '1947-01-09'),
(382, 'RAFAŁ', 'TROJNAR', 48552885385, 'raf4646@gmail.com', '1972-09-09'),
(383, 'ADRIAN', 'JANCZEWSKI', 48148309546, 'adr1124@gmail.com', '1997-03-13'),
(384, 'KRZYSZTOF', 'BIENIAS', 48574930476, 'krz3198@gmail.com', '1987-02-27'),
(385, 'EDMUND', 'SHAPOVAL', 48927306238, 'edm5618@gmail.com', '1987-12-01'),
(386, 'TOMASZ', 'CZYŻYK', 48476209475, 'tom5120@gmail.com', '1977-02-09'),
(387, 'ANDRZEJ', 'KOWOLIK', 48840209174, 'and5670@gmail.com', '1980-10-03'),
(388, 'ZBIGNIEW', 'CIEŚLAK', 48809721317, 'zbi1896@gmail.com', '2004-12-06'),
(389, 'CZESŁAW', 'KAŁKA', 48814962867, 'cze4509@gmail.com', '1944-01-27'),
(390, 'DOMINIK', 'BIELSKI', 48850218309, 'dom2489@gmail.com', '1973-01-20'),
(391, 'STANISŁAW', 'MIKOŁAJCZYK', 48145898213, 'sta4182@gmail.com', '1965-09-18'),
(392, 'KONRAD', 'ŁUC', 48424552947, 'kon7158@gmail.com', '1998-03-15'),
(393, 'BARTŁOMIEJ', 'JATCZAK', 48968210815, 'bar4465@gmail.com', '1954-07-26'),
(394, 'FRANCISZEK', 'PŁOSZAJ', 48824414693, 'fra6350@gmail.com', '1947-10-12'),
(395, 'SZYMON', 'CIEŚLA', 48608927073, 'szy5805@gmail.com', '1965-11-17'),
(396, 'MARCEL', 'KIJAS', 48702296059, 'mar4276@gmail.com', '1975-04-13'),
(397, 'MIROSŁAW', 'STARCZEWSKI', 48742975841, 'mir1579@gmail.com', '1975-03-26'),
(398, 'BOGDAN', 'JASZCZYK', 48416721559, 'bog7392@gmail.com', '1983-03-17'),
(399, 'ADRIAN', 'JADACH', 48363716747, 'adr3299@gmail.com', '1944-08-05'),
(400, 'MARIAN', 'BARA', 48171333510, 'mar1763@gmail.com', '1951-03-25'),
(401, 'JAN', 'ZACZYK', 48815652848, 'jan8129@gmail.com', '1950-11-21'),
(402, 'LEON', 'BIENIEK', 48549722622, 'leo1276@gmail.com', '1990-12-09'),
(403, 'KRYSTIAN', 'ZABROCKI', 48214750094, 'kry2405@gmail.com', '1963-12-12'),
(404, 'STEFAN', 'CICHOWSKI', 48964222318, 'ste2140@gmail.com', '1961-03-26'),
(405, 'RADOSŁAW', 'MIREK', 48739762730, 'rad6842@gmail.com', '1960-11-27'),
(406, 'JULIAN', 'ROGACKI', 48188250404, 'jul2268@gmail.com', '1993-07-07'),
(407, 'SEBASTIAN', 'JANOTA', 48870923152, 'seb8325@gmail.com', '1999-05-13'),
(408, 'BOGDAN', 'HONCHAROV', 48540616921, 'bog6726@gmail.com', '1984-01-18'),
(409, 'WŁODZIMIERZ', 'JURASZ', 48593130018, 'wło3289@gmail.com', '1944-08-17'),
(410, 'ŁUKASZ', 'NEJMAN', 48517191526, 'łuk5710@gmail.com', '1967-06-29'),
(411, 'LESZEK', 'SZEFLER', 48654053020, 'les5639@gmail.com', '1948-04-14'),
(412, 'WIESŁAW', 'WARDĘGA', 48929213812, 'wie4038@gmail.com', '1983-05-01'),
(413, 'MIECZYSŁAW', 'GURGUL', 48790962271, 'mie7225@gmail.com', '1952-02-22'),
(414, 'HUBERT', 'TYMOSZUK', 48375478277, 'hub8883@gmail.com', '1974-02-22'),
(415, 'BOLESŁAW', 'DUSZA', 48923908393, 'bol9720@gmail.com', '1996-12-27'),
(416, 'ZDZISŁAW', 'SHVETS', 48219702424, 'zdz3218@gmail.com', '1980-02-12'),
(417, 'CEZARY', 'RADEK', 48711630931, 'cez3196@gmail.com', '1948-06-16'),
(418, 'SYLWESTER', 'PASTUSIAK', 48533624421, 'syl5895@gmail.com', '1970-12-08'),
(419, 'WIESŁAW', 'SZYMANEK', 48751113067, 'wie1364@gmail.com', '1971-08-03'),
(420, 'MAREK', 'DUDZIK', 48518502356, 'mar4080@gmail.com', '1975-03-09'),
(421, 'BERNARD', 'WZOREK', 48446727469, 'ber4410@gmail.com', '1948-01-14'),
(422, 'DOMINIK', 'ZIĘTEK', 48651877402, 'dom6337@gmail.com', '1964-08-25'),
(423, 'KAZIMIERZ', 'KOPER', 48886494986, 'kaz1173@gmail.com', '1978-12-15'),
(424, 'IGOR', 'MAZURKIEWICZ', 48588802696, 'igo7543@gmail.com', '1960-12-22'),
(425, 'STEFAN', 'OCHOCKI', 48225027047, 'ste6786@gmail.com', '2005-09-07'),
(426, 'JANUSZ', 'HRYNIEWICKI', 48316681246, 'jan8695@gmail.com', '2003-12-09'),
(427, 'KACPER', 'KIEŁTYKA', 48607975049, 'kac1320@gmail.com', '1949-03-29'),
(428, 'ZDZISŁAW', 'AMBROZIAK', 48880152203, 'zdz9731@gmail.com', '1968-11-21'),
(429, 'SZYMON', 'GRYC', 48669745062, 'szy1735@gmail.com', '1981-09-01'),
(430, 'BOGDAN', 'PERZYŃSKI', 48743121350, 'bog3510@gmail.com', '1968-06-26'),
(431, 'MAKSYMILIAN', 'SUCHODOLSKI', 48337799526, 'mak3572@gmail.com', '1998-06-17'),
(432, 'JÓZEF', 'KACZMAREK', 48770947352, 'józ3355@gmail.com', '1946-01-22'),
(433, 'BARTŁOMIEJ', 'CHLEBOWSKI', 48715399100, 'bar9994@gmail.com', '1987-12-15'),
(434, 'KAZIMIERZ', 'PAŁCZYŃSKI', 48162465673, 'kaz9801@gmail.com', '1950-04-25'),
(435, 'OLIWIER', 'WĄŻ', 48522333327, 'oli8748@gmail.com', '1993-05-07'),
(436, 'HENRYK', 'KĘPSKI', 48516061952, 'hen7168@gmail.com', '1959-10-12'),
(437, 'DAMIAN', 'AHMED', 48524093510, 'dam2931@gmail.com', '1960-05-20'),
(438, 'ADAM', 'ŚWITOŃ', 48943459135, 'ada7186@gmail.com', '1959-06-18'),
(439, 'LESZEK', 'CHMURA', 48946354305, 'les2394@gmail.com', '2000-12-07'),
(440, 'ALEKSANDER', 'KOSECKI', 48959693867, 'ale1939@gmail.com', '1943-04-10'),
(441, 'ZDZISŁAW', 'KRUPSKI', 48659804451, 'zdz7388@gmail.com', '2000-10-22'),
(442, 'BOGUSŁAW', 'KORZENIOWSKI', 48616126247, 'bog3258@gmail.com', '1964-04-07'),
(443, 'WOJCIECH', 'KĘPKA', 48323664018, 'woj7289@gmail.com', '1995-10-18'),
(444, 'JANUSZ', 'MASZTALERZ', 48686871955, 'jan4145@gmail.com', '1978-10-22'),
(445, 'WALDEMAR', 'ŁUPIŃSKI', 48158784218, 'wal4673@gmail.com', '1940-06-21'),
(446, 'KACPER', 'CHŁOPEK', 48833124817, 'kac2018@gmail.com', '2000-08-24'),
(447, 'KAROL', 'GRODZICKI', 48230932539, 'kar8498@gmail.com', '1944-01-22'),
(448, 'EDWARD', 'MAROSZEK', 48647415969, 'edw4913@gmail.com', '1949-07-19'),
(449, 'TADEUSZ', 'WAJDA', 48662747034, 'tad8711@gmail.com', '1979-12-13'),
(450, 'ARKADIUSZ', 'BOGUCKI', 48561198192, 'ark3904@gmail.com', '1962-03-05'),
(451, 'ANDRZEJ', 'BUDZISZ', 48336746354, 'and9309@gmail.com', '1982-04-21'),
(452, 'DARIUSZ', 'KUROWSKI', 48972936576, 'dar2338@gmail.com', '1986-05-24'),
(453, 'TADEUSZ', 'STOPYRA', 48734149657, 'tad5467@gmail.com', '1961-06-01'),
(454, 'KRZYSZTOF', 'GALA', 48274988649, 'krz6927@gmail.com', '1968-07-11'),
(455, 'MARCEL', 'STOLARZ', 48975075368, 'mar2482@gmail.com', '1952-11-02'),
(456, 'SEBASTIAN', 'IWANOWSKI', 48437102386, 'seb6579@gmail.com', '1985-07-29'),
(457, 'BARTŁOMIEJ', 'BYRSKI', 48324099001, 'bar1021@gmail.com', '1957-05-23'),
(458, 'JÓZEF', 'BAKALARZ', 48290842244, 'józ6951@gmail.com', '1959-09-06'),
(459, 'BOLESŁAW', 'DRWAL', 48804147615, 'bol5706@gmail.com', '1948-02-11'),
(460, 'RAFAŁ', 'MIECZKOWSKI', 48541997027, 'raf7264@gmail.com', '1964-12-05'),
(461, 'PIOTR', 'RAJCHEL', 48853141485, 'pio7131@gmail.com', '1996-05-26'),
(462, 'SŁAWOMIR', 'SUSKI', 48402340597, 'sła3437@gmail.com', '1949-01-25'),
(463, 'ROBERT', 'HOJKA', 48476240213, 'rob1433@gmail.com', '1977-08-19'),
(464, 'WŁODZIMIERZ', 'KAŹMIERCZAK', 48539752317, 'wło5608@gmail.com', '1943-01-09'),
(465, 'MACIEJ', 'WACHOWSKI', 48997850539, 'mac1115@gmail.com', '1954-05-29'),
(466, 'WŁODZIMIERZ', 'JĘDRASIK', 48884379806, 'wło2386@gmail.com', '1999-10-27'),
(467, 'JANUSZ', 'KULPIŃSKI', 48692913271, 'jan5001@gmail.com', '1952-06-15'),
(468, 'MACIEJ', 'JARZYŃSKI', 48922301560, 'mac3599@gmail.com', '1985-04-07'),
(469, 'PATRYK', 'KRZYSZTOFIK', 48141700482, 'pat2038@gmail.com', '1964-07-08'),
(470, 'ALAN', 'MICHAŁKIEWICZ', 48366792851, 'ala6444@gmail.com', '1968-08-23'),
(471, 'FRANCISZEK', 'WARZOCHA', 48152755510, 'fra4920@gmail.com', '1990-10-07'),
(472, 'STANISŁAW', 'SIEROŃ', 48312871537, 'sta8522@gmail.com', '1993-04-06'),
(473, 'WIKTOR', 'PASIK', 48901999510, 'wik9711@gmail.com', '1966-03-05'),
(474, 'KONRAD', 'SCHMIDT', 48621066230, 'kon8530@gmail.com', '1964-09-02'),
(475, 'ARTUR', 'PYTEL', 48478499417, 'art1491@gmail.com', '1982-11-23'),
(476, 'MIŁOSZ', 'DEMCHUK', 48736267543, 'mił6264@gmail.com', '1976-06-29'),
(477, 'MARCIN', 'OLEKSIUK', 48967013045, 'mar1924@gmail.com', '1978-07-19'),
(478, 'ZENON', 'LUBECKI', 48103838477, 'zen8243@gmail.com', '1955-02-06'),
(479, 'MICHAŁ', 'KUPIEC', 48133154772, 'mic1635@gmail.com', '1985-09-04'),
(480, 'MAREK', 'LOREK', 48227937457, 'mar1548@gmail.com', '1942-07-12'),
(481, 'WOJCIECH', 'DUŚ', 48560925829, 'woj3725@gmail.com', '1992-09-14'),
(482, 'WALDEMAR', 'ŁOZOWSKI', 48819582415, 'wal7733@gmail.com', '1967-03-16'),
(483, 'WŁADYSŁAW', 'KOŚMIDER', 48315352827, 'wła4278@gmail.com', '1960-06-06'),
(484, 'MIKOŁAJ', 'JAROS', 48492824017, 'mik6935@gmail.com', '1956-09-21'),
(485, 'WACŁAW', 'SUPRUN', 48616674433, 'wac1188@gmail.com', '1986-07-12'),
(486, 'IGOR', 'BŁAŻEJEWSKI', 48980972091, 'igo6794@gmail.com', '1965-09-14'),
(487, 'WIESŁAW', 'KOZIARA', 48526248162, 'wie2591@gmail.com', '1995-05-23'),
(488, 'MIECZYSŁAW', 'JEŻEWSKI', 48618281053, 'mie5160@gmail.com', '1991-07-10'),
(489, 'IGOR', 'KOZIOŁ', 48526716924, 'igo7977@gmail.com', '1998-11-01'),
(490, 'EUGENIUSZ', 'RASZKA', 48334351621, 'eug2524@gmail.com', '1960-12-24'),
(491, 'ARTUR', 'KUŚMIREK', 48173952016, 'art9625@gmail.com', '1994-03-01'),
(492, 'RADOSŁAW', 'SOSNA', 48759637190, 'rad3259@gmail.com', '1989-04-20'),
(493, 'KAROL', 'MATYS', 48733636518, 'kar1962@gmail.com', '1971-08-20'),
(494, 'JAKUB', 'NAJDA', 48611718889, 'jak1436@gmail.com', '1940-06-22'),
(495, 'SŁAWOMIR', 'NIEWIAROWSKI', 48546351120, 'sła1450@gmail.com', '1945-12-17'),
(496, 'KAROL', 'GONDEK', 48398760107, 'kar7852@gmail.com', '1954-02-17'),
(497, 'MARCIN', 'KRÓLICKI', 48284955658, 'mar1904@gmail.com', '1994-03-02'),
(498, 'BOGDAN', 'JURASZ', 48413296067, 'bog8562@gmail.com', '1963-08-19'),
(499, 'EUGENIUSZ', 'MŁODAWSKI', 48299645038, 'eug7917@gmail.com', '1975-08-07'),
(500, 'WITOLD', 'KOZANECKI', 48473109618, 'wit3777@gmail.com', '1987-03-12'),
(501, 'TOMASZ', 'KOŚCIUK', 48204103422, 'tom7367@gmail.com', '1998-11-06'),
(502, 'JULIAN', 'STRZAŁKOWSKI', 48419602583, 'jul3769@gmail.com', '2002-12-17'),
(503, 'EUGENIUSZ', 'FEDOROWICZ', 48874702968, 'eug5461@gmail.com', '1951-07-27'),
(504, 'IRENEUSZ', 'KOVAL', 48966420601, 'ire2591@gmail.com', '1982-12-14'),
(505, 'OLIWIER', 'SĘK', 48568483025, 'oli6585@gmail.com', '1990-12-28'),
(506, 'KRZYSZTOF', 'KRASZEWSKI', 48323653032, 'krz7313@gmail.com', '1985-04-05'),
(507, 'JAN', 'CZERNIAK', 48491765794, 'jan4062@gmail.com', '1977-07-21'),
(508, 'BRONISŁAW', 'BAJOR', 48166914687, 'bro5421@gmail.com', '1984-06-01'),
(509, 'DARIUSZ', 'SAŁEK', 48315302545, 'dar8978@gmail.com', '1989-07-07'),
(510, 'EUGENIUSZ', 'SIEMIŃSKI', 48250290990, 'eug2532@gmail.com', '1986-05-26'),
(511, 'MIROSŁAW', 'JAŚKIEWICZ', 48901680198, 'mir7374@gmail.com', '1960-10-20'),
(512, 'MIKOŁAJ', 'POCHEĆ', 48682920698, 'mik6856@gmail.com', '1940-04-10'),
(513, 'NORBERT', 'DUSZAK', 48931276071, 'nor3744@gmail.com', '1942-05-03'),
(514, 'KACPER', 'SZYDEŁKO', 48659088562, 'kac8082@gmail.com', '1969-10-09'),
(515, 'WIESŁAW', 'LYTVYN', 48527377590, 'wie7949@gmail.com', '1952-01-28'),
(516, 'EUGENIUSZ', 'STYPUŁKOWSKI', 48807858628, 'eug3143@gmail.com', '1984-07-24'),
(517, 'MIŁOSZ', 'OWCZAREK', 48816530862, 'mił3246@gmail.com', '1987-05-16'),
(518, 'PAWEŁ', 'GRUCA', 48778632897, 'paw6563@gmail.com', '1991-12-22'),
(519, 'EUGENIUSZ', 'FREJ', 48724901870, 'eug7259@gmail.com', '1985-09-13'),
(520, 'EDMUND', 'RUCKI', 48109807669, 'edm3022@gmail.com', '1961-08-20'),
(521, 'IGNACY', 'TARASIUK', 48893877465, 'ign7629@gmail.com', '1977-09-15'),
(522, 'STANISŁAW', 'SKONECZNY', 48377245559, 'sta8260@gmail.com', '1947-10-01'),
(523, 'SYLWESTER', 'WOJTKOWIAK', 48569621273, 'syl8886@gmail.com', '1948-10-06'),
(524, 'JAKUB', 'FIC', 48482359095, 'jak1008@gmail.com', '1942-05-29'),
(525, 'RAFAŁ', 'MACIASZEK', 48459196777, 'raf6295@gmail.com', '1964-11-29'),
(526, 'JAROSŁAW', 'CZUPRYŃSKI', 48197070695, 'jar4158@gmail.com', '1943-05-03'),
(527, 'PIOTR', 'GOŁUŃSKI', 48328458048, 'pio3942@gmail.com', '1986-10-28'),
(528, 'DAWID', 'SOROKA', 48462425097, 'daw2170@gmail.com', '1966-01-15'),
(529, 'FILIP', 'CHOJNICKI', 48545243499, 'fil2239@gmail.com', '1952-02-02'),
(530, 'BARTOSZ', 'WIERZCHOWSKI', 48487598968, 'bar4319@gmail.com', '1960-10-20'),
(531, 'MAREK', 'PUK', 48320855928, 'mar6716@gmail.com', '2004-04-27'),
(532, 'GRZEGORZ', 'LIU', 48822090424, 'grz2969@gmail.com', '1957-11-08'),
(533, 'MARIUSZ', 'DOBRZYCKI', 48856787849, 'mar9208@gmail.com', '1984-12-24'),
(534, 'SYLWESTER', 'BEM', 48343535602, 'syl8768@gmail.com', '2002-11-26'),
(535, 'DARIUSZ', 'RUDENKO', 48822571465, 'dar2638@gmail.com', '1964-04-14'),
(536, 'ANDRZEJ', 'WAŚKIEWICZ', 48794943792, 'and4157@gmail.com', '1989-01-11'),
(537, 'JACEK', 'JACHIMOWSKI', 48607840882, 'jac4951@gmail.com', '1977-03-04'),
(538, 'WOJCIECH', 'WINNICKI', 48668713661, 'woj7993@gmail.com', '1955-07-26'),
(539, 'KRZYSZTOF', 'BUGAJSKI', 48109048222, 'krz8626@gmail.com', '1983-11-11'),
(540, 'MATEUSZ', 'KARASZEWSKI', 48104631948, 'mat8335@gmail.com', '1991-07-21'),
(541, 'EDWARD', 'SKROBEK', 48252863684, 'edw1327@gmail.com', '1969-11-14'),
(542, 'RAFAŁ', 'PRZYGODZKI', 48457420867, 'raf2103@gmail.com', '1989-02-26'),
(543, 'ANDRZEJ', 'WYCHOWANIEC', 48811264132, 'and4557@gmail.com', '0000-00-00'),
(544, 'IGOR', 'SZYMANEK', 48438024608, 'igo1293@gmail.com', '1996-01-25'),
(545, 'PAWEŁ', 'KOZIEŁ', 48686961701, 'paw6004@gmail.com', '1983-09-23'),
(546, 'WIESŁAW', 'JANECZEK', 48190915535, 'wie1231@gmail.com', '1985-02-23'),
(547, 'BRONISŁAW', 'RYCZEK', 48541104862, 'bro3848@gmail.com', '1993-09-16'),
(548, 'NORBERT', 'KACZOR', 48406444830, 'nor3027@gmail.com', '1966-05-24'),
(549, 'LUDWIK', 'GRENDA', 48440302321, 'lud9278@gmail.com', '1942-10-19'),
(550, 'IGOR', 'MAKSYMOWICZ', 48998136314, 'igo9590@gmail.com', '1995-02-27'),
(551, 'ADAM', 'DZIEKAN', 48499037994, 'ada2411@gmail.com', '1971-10-11'),
(552, 'DAMIAN', 'DRĄG', 48115383392, 'dam2512@gmail.com', '1972-05-14'),
(553, 'OLIWIER', 'GAWĘDA', 48543303737, 'oli8288@gmail.com', '1941-04-10'),
(554, 'MARCIN', 'GAŁKA', 48279355508, 'mar4868@gmail.com', '1964-12-14'),
(555, 'KAROL', 'BOBOWSKI', 48730879427, 'kar5393@gmail.com', '1955-01-27'),
(556, 'EDWARD', 'MORDARSKI', 48693681387, 'edw5487@gmail.com', '1994-06-29'),
(557, 'JANUSZ', 'KOSTRZEWA', 48172887301, 'jan5448@gmail.com', '1958-07-03'),
(558, 'SZYMON', 'BAL', 48832849333, 'szy7561@gmail.com', '2002-11-20'),
(559, 'MICHAŁ', 'PODSIADŁY', 48626244744, 'mic6106@gmail.com', '1968-03-05'),
(560, 'DANIEL', 'GALA', 48477480170, 'dan3660@gmail.com', '1982-01-16'),
(561, 'MARIUSZ', 'PANASIUK', 48120060366, 'mar4828@gmail.com', '1951-03-03'),
(562, 'DAMIAN', 'FERENS', 48850910738, 'dam9023@gmail.com', '1966-09-13'),
(563, 'WITOLD', 'BIGOS', 48868541882, 'wit3826@gmail.com', '1966-12-02'),
(564, 'SYLWESTER', 'FELCZAK', 48164442142, 'syl5377@gmail.com', '1970-04-26'),
(565, 'BOLESŁAW', 'BALCERZAK', 48826718501, 'bol4679@gmail.com', '1949-04-19'),
(566, 'WALDEMAR', 'JESIONEK', 48493263801, 'wal2915@gmail.com', '1968-03-15'),
(567, 'LESZEK', 'PRUSAK', 48874302249, 'les9008@gmail.com', '1958-07-19'),
(568, 'DAMIAN', 'ANDRYSIAK', 48336151444, 'dam8394@gmail.com', '1950-10-17'),
(569, 'WITOLD', 'TWARDOWSKI', 48500158971, 'wit8668@gmail.com', '1946-06-17'),
(570, 'MIROSŁAW', 'ORCZYK', 48904842868, 'mir1664@gmail.com', '2005-09-23'),
(571, 'WACŁAW', 'PAWŁOWSKI', 48114364566, 'wac2837@gmail.com', '1969-11-11'),
(572, 'MARIUSZ', 'BORYCKI', 48727889055, 'mar3604@gmail.com', '1990-12-17'),
(573, 'ROMAN', 'SULIŃSKI', 48151386795, 'rom3668@gmail.com', '2004-02-21'),
(574, 'CZESŁAW', 'KWIECIEŃ', 48599458411, 'cze1021@gmail.com', '2000-07-07'),
(575, 'MAREK', 'RUTKIEWICZ', 48587194348, 'mar2956@gmail.com', '1944-11-20'),
(576, 'FRANCISZEK', 'WOREK', 48816023058, 'fra6530@gmail.com', '1990-02-07'),
(577, 'BARTOSZ', 'ŁUSZCZ', 48795051013, 'bar2074@gmail.com', '1982-01-21'),
(578, 'ANDRZEJ', 'DERKACZ', 48803614588, 'and5994@gmail.com', '1996-10-25'),
(579, 'RADOSŁAW', 'CEGIEŁKA', 48367589511, 'rad8647@gmail.com', '2003-02-01'),
(580, 'KRYSTIAN', 'GÓRAK', 48340411782, 'kry1076@gmail.com', '1951-03-11'),
(581, 'DOMINIK', 'GLINKOWSKI', 48171382827, 'dom4977@gmail.com', '1952-01-12'),
(582, 'WALDEMAR', 'KOCUR', 48306228770, 'wal5286@gmail.com', '1976-06-28'),
(583, 'IRENEUSZ', 'CIURA', 48727179626, 'ire5773@gmail.com', '1945-10-12'),
(584, 'STEFAN', 'KLASA', 48447040676, 'ste9783@gmail.com', '1949-03-08'),
(585, 'ANTONI', 'ZDANOWICZ', 48184851924, 'ant7986@gmail.com', '1950-03-16'),
(586, 'BOGDAN', 'WITEK', 48544779015, 'bog9948@gmail.com', '1978-05-11'),
(587, 'ARTUR', 'PACHOLCZYK', 48827374437, 'art5703@gmail.com', '2003-12-16'),
(588, 'RADOSŁAW', 'OSIŃSKI', 48153691422, 'rad3357@gmail.com', '2001-09-21'),
(589, 'LESZEK', 'BARTNICKI', 48879753647, 'les9247@gmail.com', '0000-00-00'),
(590, 'ZDZISŁAW', 'WYKA', 48405050414, 'zdz8347@gmail.com', '1982-01-25'),
(591, 'WŁADYSŁAW', 'LUDWICZAK', 48421806014, 'wła3549@gmail.com', '1994-08-24'),
(592, 'SŁAWOMIR', 'SZYMCZAK', 48562478808, 'sła2022@gmail.com', '1969-07-07'),
(593, 'MAREK', 'KOPACZ', 48648271863, 'mar9912@gmail.com', '1989-10-20'),
(594, 'JACEK', 'JAMKA', 48211840272, 'jac8518@gmail.com', '1959-07-01'),
(595, 'JAKUB', 'RYKOWSKI', 48235191389, 'jak2667@gmail.com', '1957-03-09'),
(596, 'PATRYK', 'POKORSKI', 48238412339, 'pat2563@gmail.com', '1941-08-16'),
(597, 'BOGDAN', 'TOPCZEWSKI', 48172873793, 'bog9172@gmail.com', '1975-09-08'),
(598, 'FELIKS', 'TKACH', 48928762792, 'fel2489@gmail.com', '1944-12-04'),
(599, 'ZENON', 'GRZELKA', 48140639101, 'zen4528@gmail.com', '2000-02-18'),
(600, 'TOMASZ', 'BODZIOCH', 48650042077, 'tom1368@gmail.com', '1974-07-23'),
(601, 'DANIEL', 'SKÓRKA', 48192152821, 'dan5925@gmail.com', '1949-12-21'),
(602, 'LUCJAN', 'GROBELNY', 48612307643, 'luc5817@gmail.com', '2004-12-18'),
(603, 'KAZIMIERZ', 'ZIENTARA', 48290746052, 'kaz3756@gmail.com', '1993-01-10'),
(604, 'MICHAŁ', 'LITWIŃSKI', 48439808672, 'mic1681@gmail.com', '1950-02-24'),
(605, 'FILIP', 'SYLWESTRZAK', 48490978333, 'fil7618@gmail.com', '1954-03-16'),
(606, 'PAWEŁ', 'MADEJA', 48593791017, 'paw5617@gmail.com', '1980-02-12'),
(607, 'ADRIAN', 'ZWIERZ', 48603412915, 'adr9262@gmail.com', '1986-04-09'),
(608, 'DOMINIK', 'LECHOWSKI', 48854287229, 'dom9075@gmail.com', '1950-02-17'),
(609, 'WACŁAW', 'RAKOCZY', 48764798650, 'wac5991@gmail.com', '1989-08-27'),
(610, 'ARKADIUSZ', 'GŁOWACKI', 48339727967, 'ark7553@gmail.com', '1956-04-13'),
(611, 'PATRYK', 'PIECZYŃSKI', 48471027603, 'pat6014@gmail.com', '1999-11-27'),
(612, 'JANUSZ', 'GAWĘDA', 48383173123, 'jan2233@gmail.com', '2000-01-03'),
(613, 'LESZEK', 'KOPERA', 48449031713, 'les6712@gmail.com', '1981-11-21'),
(614, 'OLIWIER', 'WYSZYŃSKI', 48620553863, 'oli1641@gmail.com', '1972-09-13'),
(615, 'MICHAŁ', 'BUCHTA', 48432733861, 'mic6958@gmail.com', '1981-07-08'),
(616, 'ROBERT', 'KORNAS', 48343266239, 'rob5541@gmail.com', '1962-12-16'),
(617, 'ZENON', 'SZYMCZYK', 48693295251, 'zen7899@gmail.com', '1971-01-21'),
(618, 'ZENON', 'CIEPLIŃSKI', 48709943087, 'zen4159@gmail.com', '1978-10-17'),
(619, 'CEZARY', 'GRAF', 48830910747, 'cez4950@gmail.com', '1942-01-15'),
(620, 'GRZEGORZ', 'ZAJDEL', 48642915486, 'grz2561@gmail.com', '1944-11-14'),
(621, 'BOGUSŁAW', 'SMOLAREK', 48760793806, 'bog1297@gmail.com', '1951-04-27'),
(622, 'ARTUR', 'JUCHA', 48962135848, 'art9542@gmail.com', '1996-06-29'),
(623, 'MARIAN', 'WOJCIESZEK', 48187325777, 'mar6263@gmail.com', '2001-10-02'),
(624, 'SŁAWOMIR', 'NEJMAN', 48143632045, 'sła1393@gmail.com', '1978-01-19'),
(625, 'OLIWIER', 'MYSZKA', 48671631269, 'oli4930@gmail.com', '1973-06-02'),
(626, 'KAMIL', 'BARAN', 48687903586, 'kam3191@gmail.com', '1966-08-03'),
(627, 'PATRYK', 'MAC', 48266640538, 'pat6249@gmail.com', '1943-12-19'),
(628, 'BOGUSŁAW', 'STELMASZCZYK', 48811104022, 'bog5453@gmail.com', '1953-04-19'),
(629, 'MIECZYSŁAW', 'RAJCHEL', 48298044373, 'mie3070@gmail.com', '1976-03-15'),
(630, 'BOGDAN', 'FIGURA', 48685455819, 'bog5906@gmail.com', '1962-01-27'),
(631, 'DAMIAN', 'KOSZAŁKA', 48386692449, 'dam4335@gmail.com', '1981-11-29'),
(632, 'WŁADYSŁAW', 'GZIK', 48681058847, 'wła8526@gmail.com', '1940-02-09'),
(633, 'MAREK', 'SZCZEŚNIAK', 48667128914, 'mar7072@gmail.com', '1965-10-28'),
(634, 'ROBERT', 'KAPUŚNIAK', 48386801892, 'rob6786@gmail.com', '1965-03-18'),
(635, 'ADRIAN', 'GAWRYŚ', 48879452243, 'adr6190@gmail.com', '1965-11-23'),
(636, 'OLIWIER', 'KRZEMIŃSKI', 48923045124, 'oli9705@gmail.com', '1953-03-17'),
(637, 'RAFAŁ', 'WRZESIŃSKI', 48589660170, 'raf5969@gmail.com', '1977-02-26'),
(638, 'JÓZEF', 'MORAWIEC', 48920457419, 'józ5719@gmail.com', '1991-08-02'),
(639, 'BOLESŁAW', 'CHRZĄSTEK', 48643793375, 'bol8917@gmail.com', '1941-08-28'),
(640, 'DARIUSZ', 'ROGUSKI', 48317522736, 'dar3534@gmail.com', '1997-12-17'),
(641, 'ZDZISŁAW', 'KRAMARCZYK', 48564354654, 'zdz3242@gmail.com', '1992-06-04'),
(642, 'MIECZYSŁAW', 'RYBCZYŃSKI', 48790119808, 'mie3218@gmail.com', '1947-03-29'),
(643, 'EDMUND', 'JARECKI', 48405321808, 'edm7389@gmail.com', '1969-09-26'),
(644, 'SYLWESTER', 'PIECHACZEK', 48385484967, 'syl2303@gmail.com', '2002-06-23'),
(645, 'WIESŁAW', 'KROLL', 48388794939, 'wie4821@gmail.com', '1963-07-29'),
(646, 'WALDEMAR', 'ŻUKOWSKI', 48859801945, 'wal7465@gmail.com', '1979-02-10'),
(647, 'MAKSYMILIAN', 'PIERZCHAŁA', 48962808506, 'mak5242@gmail.com', '1971-05-23'),
(648, 'ANTONI', 'SMOLEŃ', 48823085405, 'ant3351@gmail.com', '1943-06-04'),
(649, 'MAKSYMILIAN', 'EJSMONT', 48742879469, 'mak1839@gmail.com', '1995-01-11'),
(650, 'WŁADYSŁAW', 'PYCH', 48453621755, 'wła1139@gmail.com', '1957-10-17'),
(651, 'ANDRZEJ', 'ŁAPKA', 48553164580, 'and6917@gmail.com', '1948-09-26'),
(652, 'JACEK', 'GAJEWSKI', 48779862329, 'jac7047@gmail.com', '1948-01-14'),
(653, 'WIKTOR', 'DERDA', 48635298748, 'wik7932@gmail.com', '1952-10-14'),
(654, 'LEON', 'SHAPOVAL', 48847357923, 'leo6394@gmail.com', '1979-08-23'),
(655, 'IRENEUSZ', 'BERNACKI', 48116188770, 'ire6058@gmail.com', '1979-06-07'),
(656, 'MARCIN', 'MAJKA', 48245405422, 'mar3179@gmail.com', '1965-05-19'),
(657, 'SŁAWOMIR', 'BAŁDYGA', 48528965635, 'sła9450@gmail.com', '1948-05-18'),
(658, 'MARIUSZ', 'WITAS', 48218870598, 'mar4086@gmail.com', '1995-08-05'),
(659, 'BRONISŁAW', 'ZDYB', 48349963814, 'bro5282@gmail.com', '1969-09-27'),
(660, 'MIROSŁAW', 'WALTER', 48994995075, 'mir2179@gmail.com', '1975-02-05'),
(661, 'MIECZYSŁAW', 'RUDENKO', 48474145073, 'mie4977@gmail.com', '2003-10-05'),
(662, 'WŁODZIMIERZ', 'TERLECKI', 48547300552, 'wło9593@gmail.com', '1950-05-29'),
(663, 'LESZEK', 'TATARA', 48541118016, 'les3958@gmail.com', '1972-06-25'),
(664, 'MAKSYMILIAN', 'MIKUŁA', 48307222145, 'mak8016@gmail.com', '1949-09-07'),
(665, 'DOMINIK', 'POŚPIECH', 48466034057, 'dom5513@gmail.com', '1976-01-12'),
(666, 'CZESŁAW', 'TOMKIEWICZ', 48282987996, 'cze2926@gmail.com', '1962-06-22');
INSERT INTO `klienci` (`id`, `imie`, `nazwisko`, `nr_tel`, `email`, `data_ur`) VALUES
(667, 'MIKOŁAJ', 'RUSZKOWSKI', 48512879671, 'mik5933@gmail.com', '1995-02-05'),
(668, 'MIKOŁAJ', 'PLEWKA', 48421832979, 'mik7758@gmail.com', '1985-10-15'),
(669, 'ROBERT', 'OCHOCKI', 48346031086, 'rob4848@gmail.com', '1947-04-03'),
(670, 'EDMUND', 'ZIARKO', 48788146360, 'edm1139@gmail.com', '1980-08-11'),
(671, 'ADRIAN', 'SZYMICZEK', 48491241477, 'adr6555@gmail.com', '1979-09-22'),
(672, 'PATRYK', 'KLIMCZYK', 48153191111, 'pat1487@gmail.com', '1995-04-04'),
(673, 'DANIEL', 'DEMSKI', 48221092232, 'dan9734@gmail.com', '1970-04-01'),
(674, 'STANISŁAW', 'BAJOREK', 48292467239, 'sta2833@gmail.com', '1988-07-09'),
(675, 'JAKUB', 'NOWOSIELSKI', 48871301522, 'jak9946@gmail.com', '1994-02-11'),
(676, 'MARCEL', 'GAJEWSKI', 48987053713, 'mar7244@gmail.com', '1974-12-27'),
(677, 'BOLESŁAW', 'DANKOWSKI', 48953992022, 'bol5632@gmail.com', '2003-02-12'),
(678, 'WŁODZIMIERZ', 'WODZIŃSKI', 48119309587, 'wło2230@gmail.com', '1975-05-14'),
(679, 'HENRYK', 'GRABARCZYK', 48776038602, 'hen2435@gmail.com', '1978-07-13'),
(680, 'LUCJAN', 'ŁUGOWSKI', 48231715700, 'luc4493@gmail.com', '1953-01-26'),
(681, 'MARCEL', 'NITA', 48208205681, 'mar2311@gmail.com', '1972-05-13'),
(682, 'IRENEUSZ', 'SKŁODOWSKI', 48689329690, 'ire7619@gmail.com', '1942-05-05'),
(683, 'JULIAN', 'KRĘŻEL', 48935042659, 'jul2853@gmail.com', '1952-02-17'),
(684, 'WITOLD', 'WOJNICKI', 48434117773, 'wit8630@gmail.com', '1982-09-29'),
(685, 'HENRYK', 'JAROSZEWSKI', 48935425205, 'hen2450@gmail.com', '1975-04-12'),
(686, 'EDMUND', 'ŚLĘCZKA', 48898905680, 'edm1303@gmail.com', '1972-05-06'),
(687, 'LUDWIK', 'SOPATA', 48195198128, 'lud2804@gmail.com', '1968-04-27'),
(688, 'FILIP', 'BIEŃ', 48358736944, 'fil4535@gmail.com', '1956-09-06'),
(689, 'CEZARY', 'BRZOZA', 48406146104, 'cez1900@gmail.com', '1991-05-15'),
(690, 'ANTONI', 'CZEPIEL', 48453269002, 'ant7532@gmail.com', '1990-04-11'),
(691, 'ŁUKASZ', 'NIEWIADOMSKI', 48411041558, 'łuk3234@gmail.com', '1941-08-06'),
(692, 'RAFAŁ', 'MATUSZAK', 48192051206, 'raf8491@gmail.com', '1955-01-25'),
(693, 'WALDEMAR', 'LUDWICZAK', 48806367547, 'wal7358@gmail.com', '1970-09-17'),
(694, 'ZBIGNIEW', 'ZDUŃCZYK', 48362699768, 'zbi3364@gmail.com', '1943-03-26'),
(695, 'DAMIAN', 'GÓRZYŃSKI', 48643803570, 'dam7085@gmail.com', '1982-11-11'),
(696, 'ADRIAN', 'GIERA', 48217568172, 'adr2761@gmail.com', '1960-10-10'),
(697, 'MARCIN', 'CHROBAK', 48727838088, 'mar3547@gmail.com', '1971-02-07'),
(698, 'PIOTR', 'SPAŁEK', 48531667629, 'pio1280@gmail.com', '1950-01-05'),
(699, 'SZYMON', 'RAKOCZY', 48375116298, 'szy3725@gmail.com', '2004-06-20'),
(700, 'CZESŁAW', 'SZPONAR', 48102186152, 'cze3992@gmail.com', '1998-12-13'),
(701, 'IGOR', 'STEFANIK', 48576679701, 'igo9095@gmail.com', '1981-07-13'),
(702, 'LECH', 'ŚWIETLIK', 48709081674, 'lec2051@gmail.com', '1955-09-23'),
(703, 'HENRYK', 'KIERZEK', 48238485499, 'hen8040@gmail.com', '1984-12-09'),
(704, 'KRZYSZTOF', 'DERKACH', 48615038864, 'krz8798@gmail.com', '2003-10-20'),
(705, 'RADOSŁAW', 'POLISHCHUK', 48731169511, 'rad8468@gmail.com', '1998-07-15'),
(706, 'RAFAŁ', 'BOGDANOWICZ', 48833995153, 'raf5432@gmail.com', '2002-04-15'),
(707, 'TADEUSZ', 'GÓRCZAK', 48531118852, 'tad9888@gmail.com', '1991-04-28'),
(708, 'MIECZYSŁAW', 'KUBACKI', 48667133540, 'mie7154@gmail.com', '1958-07-05'),
(709, 'KONRAD', 'STENKA', 48282888830, 'kon6281@gmail.com', '1965-10-07'),
(710, 'EUGENIUSZ', 'SMOCZYŃSKI', 48188860672, 'eug8011@gmail.com', '1961-03-17'),
(711, 'HUBERT', 'HOFFMAN', 48734860755, 'hub8792@gmail.com', '1942-02-19'),
(712, 'ANDRZEJ', 'BERENT', 48524490168, 'and8645@gmail.com', '1996-07-12'),
(713, 'JAN', 'URBANIK', 48340461593, 'jan4906@gmail.com', '1945-02-04'),
(714, 'CZESŁAW', 'ZAPOTOCZNY', 48626955286, 'cze3113@gmail.com', '2004-05-27'),
(715, 'KRYSTIAN', 'SZERSZEŃ', 48848283996, 'kry2088@gmail.com', '1994-12-05'),
(716, 'JAKUB', 'ZGODA', 48530583432, 'jak9357@gmail.com', '1959-01-24'),
(717, 'OLIWIER', 'KUPIEC', 48701201439, 'oli6528@gmail.com', '1947-07-15'),
(718, 'EDMUND', 'GRACZ', 48962342794, 'edm4418@gmail.com', '1948-05-22'),
(719, 'HUBERT', 'MICHAŁEK', 48791477769, 'hub7514@gmail.com', '1993-04-18'),
(720, 'WIKTOR', 'BOBER', 48252427402, 'wik5953@gmail.com', '1962-03-19'),
(721, 'JACEK', 'GRABIEC', 48152061506, 'jac9588@gmail.com', '1946-02-27'),
(722, 'PAWEŁ', 'CHOJNICKI', 48573534193, 'paw6036@gmail.com', '1981-02-21'),
(723, 'MARCEL', 'HYJEK', 48271665162, 'mar8037@gmail.com', '1993-07-23'),
(724, 'GRZEGORZ', 'GROMEK', 48883934961, 'grz9080@gmail.com', '1986-04-29'),
(725, 'ARTUR', 'STANISZEWSKI', 48441301324, 'art4480@gmail.com', '1979-05-16'),
(726, 'CZESŁAW', 'JANUSZEK', 48916592756, 'cze1313@gmail.com', '1963-11-22'),
(727, 'HENRYK', 'GAWRYŚ', 48178510235, 'hen9376@gmail.com', '1995-06-20'),
(728, 'MIKOŁAJ', 'KUREK', 48361863298, 'mik7388@gmail.com', '1983-04-23'),
(729, 'ZBIGNIEW', 'MURAWSKI', 48853491260, 'zbi5260@gmail.com', '1959-02-09'),
(730, 'MARCIN', 'KOZAKIEWICZ', 48631089704, 'mar1443@gmail.com', '2004-07-06'),
(731, 'KAMIL', 'ADAMKIEWICZ', 48790658675, 'kam6057@gmail.com', '1956-05-24'),
(732, 'MIKOŁAJ', 'JANISZEWSKI', 48974091160, 'mik7641@gmail.com', '1964-05-14'),
(733, 'RYSZARD', 'KRAJNIK', 48956526874, 'rys6286@gmail.com', '1972-11-19'),
(734, 'ŁUKASZ', 'KONSEK', 48468459987, 'łuk5200@gmail.com', '1965-02-17'),
(735, 'PAWEŁ', 'TKACZYK', 48276753190, 'paw5508@gmail.com', '1996-05-28'),
(736, 'LUDWIK', 'SEREMAK', 48647227282, 'lud8066@gmail.com', '1980-01-15'),
(737, 'CEZARY', 'ZAJDA', 48761241660, 'cez2938@gmail.com', '1990-11-20'),
(738, 'MACIEJ', 'BAJOR', 48820203843, 'mac2127@gmail.com', '1941-11-20'),
(739, 'JAN', 'JANICZEK', 48133126097, 'jan1614@gmail.com', '2002-11-01'),
(740, 'RYSZARD', 'MIROCHA', 48336201391, 'rys7618@gmail.com', '1994-12-06'),
(741, 'HENRYK', 'DYMIŃSKI', 48199283008, 'hen5234@gmail.com', '1993-03-19'),
(742, 'IRENEUSZ', 'WOLF', 48788480850, 'ire7827@gmail.com', '1956-04-04'),
(743, 'MIKOŁAJ', 'JEZIORSKI', 48580794910, 'mik9766@gmail.com', '1951-11-26'),
(744, 'ANDRZEJ', 'PAWELCZYK', 48596122553, 'and4645@gmail.com', '1988-06-03'),
(745, 'ZDZISŁAW', 'CHORNYI', 48824914778, 'zdz2020@gmail.com', '1986-12-02'),
(746, 'WACŁAW', 'BRZYSKI', 48726671888, 'wac6491@gmail.com', '1958-01-27'),
(747, 'OSKAR', 'KOZERA', 48270980386, 'osk8109@gmail.com', '1964-01-20'),
(748, 'STEFAN', 'DRZAZGA', 48377804147, 'ste3529@gmail.com', '1949-01-16'),
(749, 'MIROSŁAW', 'RYCHERT', 48723053325, 'mir3212@gmail.com', '1977-08-22'),
(750, 'PIOTR', 'KOPAŃSKI', 48358931579, 'pio6892@gmail.com', '1953-09-14'),
(751, 'JACEK', 'MARECKI', 48489221863, 'jac2116@gmail.com', '2004-12-27'),
(752, 'PATRYK', 'PIECHOTA', 48740783330, 'pat2031@gmail.com', '1998-10-03'),
(753, 'WITOLD', 'KOTAS', 48564038071, 'wit6769@gmail.com', '2004-03-09'),
(754, 'HENRYK', 'PIELA', 48130589812, 'hen2304@gmail.com', '1957-08-29'),
(755, 'MARIAN', 'POLISHCHUK', 48403244581, 'mar6855@gmail.com', '1946-07-09'),
(756, 'KONRAD', 'KUŁAKOWSKI', 48674719259, 'kon8031@gmail.com', '1983-05-26'),
(757, 'WALDEMAR', 'KASZTELAN', 48541842460, 'wal3267@gmail.com', '1953-02-14'),
(758, 'NORBERT', 'BRONK', 48422492908, 'nor3246@gmail.com', '1949-11-19'),
(759, 'FRANCISZEK', 'ŁOŚ', 48662822584, 'fra4614@gmail.com', '1972-12-10'),
(760, 'CEZARY', 'JURKOWSKI', 48528412021, 'cez1308@gmail.com', '1972-03-06'),
(761, 'BOGUSŁAW', 'BŁASZCZYK', 48191954665, 'bog7799@gmail.com', '1970-09-03'),
(762, 'BOGDAN', 'EKIERT', 48857527258, 'bog9985@gmail.com', '1942-11-25'),
(763, 'MARIAN', 'WOŁOWSKI', 48406178258, 'mar9938@gmail.com', '1945-12-28'),
(764, 'JANUSZ', 'ROSIEK', 48961832430, 'jan7426@gmail.com', '1973-10-02'),
(765, 'SEBASTIAN', 'PODSIADŁO', 48852643969, 'seb2042@gmail.com', '1940-02-07'),
(766, 'WALDEMAR', 'MALEC', 48309966872, 'wal4570@gmail.com', '1994-06-29'),
(767, 'MARIAN', 'KUSIAK', 48361038166, 'mar3629@gmail.com', '1992-03-12'),
(768, 'EDMUND', 'MENDEL', 48209867840, 'edm4348@gmail.com', '1968-08-24'),
(769, 'ADRIAN', 'NITECKI', 48904397741, 'adr9690@gmail.com', '1990-04-08'),
(770, 'KAMIL', 'RAJCHEL', 48919077600, 'kam4899@gmail.com', '1949-02-23'),
(771, 'WŁADYSŁAW', 'WIECZORKOWSKI', 48404320414, 'wła5058@gmail.com', '2000-09-02'),
(772, 'BOLESŁAW', 'OGRODOWCZYK', 48964684884, 'bol5882@gmail.com', '1965-11-21'),
(773, 'GRZEGORZ', 'WOJTALA', 48919184080, 'grz5872@gmail.com', '1971-08-07'),
(774, 'DARIUSZ', 'SKULSKI', 48604454200, 'dar1587@gmail.com', '1985-12-28'),
(775, 'EUGENIUSZ', 'URBAŚ', 48784741054, 'eug5678@gmail.com', '1974-02-11'),
(776, 'KRYSTIAN', 'CHROSTEK', 48815876187, 'kry1518@gmail.com', '1958-02-13'),
(777, 'JANUSZ', 'ADAMIEC', 48961585297, 'jan2507@gmail.com', '2001-02-20'),
(778, 'TOMASZ', 'KWAŚNIAK', 48240163191, 'tom3563@gmail.com', '1977-04-21'),
(779, 'WALDEMAR', 'CIOŁEK', 48541296490, 'wal4487@gmail.com', '1983-11-26'),
(780, 'ZBIGNIEW', 'KRYGIER', 48683663048, 'zbi9294@gmail.com', '1995-02-27'),
(781, 'PRZEMYSŁAW', 'OLECHOWSKI', 48659115016, 'prz2248@gmail.com', '1949-11-29'),
(782, 'BARTOSZ', 'PIENIAK', 48124044331, 'bar9691@gmail.com', '1941-05-04'),
(783, 'NORBERT', 'ALBRECHT', 48590713995, 'nor3559@gmail.com', '1972-07-11'),
(784, 'SŁAWOMIR', 'PAWELEC', 48402786025, 'sła5574@gmail.com', '1965-12-21'),
(785, 'JÓZEF', 'MURAS', 48890596267, 'józ1101@gmail.com', '1968-08-08'),
(786, 'PRZEMYSŁAW', 'CIESZYŃSKI', 48991349920, 'prz9229@gmail.com', '1957-09-26'),
(787, 'ZYGMUNT', 'GAŁA', 48280129007, 'zyg6281@gmail.com', '1965-05-01'),
(788, 'MICHAŁ', 'GANCARCZYK', 48204669130, 'mic3230@gmail.com', '2002-09-06'),
(789, 'MARIAN', 'SKUZA', 48623352824, 'mar1939@gmail.com', '1972-06-22'),
(790, 'KONRAD', 'PASZKOWSKI', 48424311581, 'kon6722@gmail.com', '1977-05-11'),
(791, 'DARIUSZ', 'BUCHTA', 48217738590, 'dar6620@gmail.com', '1984-04-11'),
(792, 'ROBERT', 'JAWOROWSKI', 48871985939, 'rob2940@gmail.com', '1966-09-07'),
(793, 'NORBERT', 'TEODORCZYK', 48644443043, 'nor7840@gmail.com', '1946-04-18'),
(794, 'ARTUR', 'KOCJAN', 48591898799, 'art7762@gmail.com', '1957-06-22'),
(795, 'ZBIGNIEW', 'GOLUCH', 48861701045, 'zbi9701@gmail.com', '1964-10-15'),
(796, 'MIROSŁAW', 'MILLER', 48770285782, 'mir2539@gmail.com', '1981-07-15'),
(797, 'ROMAN', 'DĘBICKI', 48136261111, 'rom2090@gmail.com', '1977-11-05'),
(798, 'BRONISŁAW', 'TKACZ', 48505056396, 'bro9039@gmail.com', '1971-07-24'),
(799, 'KAZIMIERZ', 'MILLER', 48943183614, 'kaz4390@gmail.com', '1980-07-05'),
(800, 'JAROSŁAW', 'RZESZUTEK', 48317933496, 'jar7038@gmail.com', '1992-11-15'),
(801, 'STANISŁAW', 'LITWIŃSKI', 48791964927, 'sta7573@gmail.com', '2004-06-02'),
(802, 'MAKSYMILIAN', 'PIĄTKOWSKI', 48794754239, 'mak2686@gmail.com', '1988-03-12'),
(803, 'DAMIAN', 'MIROCHA', 48138279982, 'dam9808@gmail.com', '1971-09-04'),
(804, 'TOMASZ', 'WRZEŚNIEWSKI', 48533379207, 'tom9813@gmail.com', '2002-11-08'),
(805, 'TOMASZ', 'ZASTAWNY', 48817783609, 'tom1423@gmail.com', '1987-04-03'),
(806, 'MARIUSZ', 'KUŹMICZ', 48923339161, 'mar9267@gmail.com', '1953-02-19'),
(807, 'ARKADIUSZ', 'ROSSA', 48827303935, 'ark2361@gmail.com', '1946-02-27'),
(808, 'HUBERT', 'SŁOMA', 48899505345, 'hub7872@gmail.com', '1974-03-19'),
(809, 'HENRYK', 'GOSK', 48191544131, 'hen2891@gmail.com', '1940-04-29'),
(810, 'IRENEUSZ', 'SZMIGIELSKI', 48753984532, 'ire1154@gmail.com', '1949-04-24'),
(811, 'WITOLD', 'WĘGRZYNOWSKI', 48745185167, 'wit5261@gmail.com', '1956-05-11'),
(812, 'KONRAD', 'JAMROŻY', 48693892129, 'kon2962@gmail.com', '1978-07-20'),
(813, 'MARCIN', 'KORDEK', 48969813119, 'mar3239@gmail.com', '1960-06-01'),
(814, 'JACEK', 'CHOŁUJ', 48235847065, 'jac1965@gmail.com', '1982-11-05'),
(815, 'KRZYSZTOF', 'SROCZYŃSKI', 48909334785, 'krz5803@gmail.com', '1954-11-14'),
(816, 'EDWARD', 'RESZKA', 48689770096, 'edw1830@gmail.com', '1999-08-08'),
(817, 'BARTOSZ', 'SIEŃKOWSKI', 48181525057, 'bar1285@gmail.com', '1960-10-13'),
(818, 'LEON', 'TARNOWSKI', 48886050473, 'leo5170@gmail.com', '1967-05-16'),
(819, 'LESZEK', 'PIASECKI', 48956565075, 'les3964@gmail.com', '1983-05-17'),
(820, 'IRENEUSZ', 'GRACA', 48789473560, 'ire2790@gmail.com', '1958-04-05'),
(821, 'WIESŁAW', 'IWANOWSKI', 48943108180, 'wie6349@gmail.com', '1977-02-16'),
(822, 'KRZYSZTOF', 'ANTONIK', 48289833868, 'krz7478@gmail.com', '1978-01-17'),
(823, 'MAREK', 'WÓJCICKI', 48816746268, 'mar9939@gmail.com', '1947-02-04'),
(824, 'PRZEMYSŁAW', 'JASIŃSKI', 48881923933, 'prz7190@gmail.com', '2000-11-06'),
(825, 'JANUSZ', 'ŚLEZIAK', 48565535857, 'jan8669@gmail.com', '1967-11-09'),
(826, 'KAROL', 'PUZIO', 48101477306, 'kar1415@gmail.com', '1997-11-20'),
(827, 'RYSZARD', 'RADZISZEWSKI', 48377930604, 'rys2294@gmail.com', '1941-11-28'),
(828, 'RADOSŁAW', 'STRUZIK', 48953392114, 'rad6020@gmail.com', '1992-07-15'),
(829, 'MACIEJ', 'MORAWSKI', 48481595431, 'mac8694@gmail.com', '2005-03-05'),
(830, 'BOGUSŁAW', 'JAGUSIAK', 48522324175, 'bog2137@gmail.com', '1966-08-03'),
(831, 'SYLWESTER', 'RADCHENKO', 48735297219, 'syl5316@gmail.com', '1990-07-14'),
(832, 'WOJCIECH', 'TUSIŃSKI', 48720330315, 'woj3203@gmail.com', '1998-11-20'),
(833, 'BARTŁOMIEJ', 'WARZOCHA', 48243161605, 'bar7970@gmail.com', '1997-11-05'),
(834, 'BOGUSŁAW', 'YAVORSKYI', 48460276387, 'bog2112@gmail.com', '1987-03-09'),
(835, 'BERNARD', 'WOJTYNIAK', 48399843108, 'ber1425@gmail.com', '2002-02-27'),
(836, 'KACPER', 'DOLIŃSKI', 48451102307, 'kac6959@gmail.com', '1973-09-11'),
(837, 'ADRIAN', 'ŁOJEWSKI', 48439970315, 'adr4073@gmail.com', '1982-02-21'),
(838, 'DAMIAN', 'KELLER', 48200546637, 'dam2389@gmail.com', '1968-09-02'),
(839, 'DAWID', 'SEMENOV', 48137364103, 'daw1422@gmail.com', '1955-03-12'),
(840, 'OLIWIER', 'TRAWIŃSKI', 48316381084, 'oli7097@gmail.com', '1941-09-01'),
(841, 'TOMASZ', 'PORĘBA', 48187018176, 'tom6151@gmail.com', '1994-02-13'),
(842, 'WOJCIECH', 'MRÓWKA', 48544646059, 'woj6672@gmail.com', '1958-08-13'),
(843, 'IRENEUSZ', 'KOLASA', 48100161661, 'ire3539@gmail.com', '1942-09-04'),
(844, 'FELIKS', 'FIL', 48381845588, 'fel2430@gmail.com', '1941-12-03'),
(845, 'JULIAN', 'MACHNICKI', 48401383591, 'jul7642@gmail.com', '1952-04-03'),
(846, 'KAROL', 'SARNOWSKI', 48471675520, 'kar3379@gmail.com', '1997-05-04'),
(847, 'KONRAD', 'ZMUDA', 48276038167, 'kon6633@gmail.com', '1975-06-27'),
(848, 'JACEK', 'STRUGAŁA', 48211759079, 'jac8100@gmail.com', '1956-04-17'),
(849, 'BOLESŁAW', 'SZCZYRBA', 48312440288, 'bol6324@gmail.com', '1940-06-12'),
(850, 'NORBERT', 'MARCINEK', 48518071245, 'nor2850@gmail.com', '1965-05-15'),
(851, 'JAKUB', 'SITEK', 48256770535, 'jak3961@gmail.com', '1982-02-26'),
(852, 'ALAN', 'PIWOWARCZYK', 48552026220, 'ala9277@gmail.com', '1961-04-14'),
(853, 'MIKOŁAJ', 'GIL', 48232146761, 'mik3817@gmail.com', '2005-06-10'),
(854, 'BARTŁOMIEJ', 'KULYK', 48580115865, 'bar1447@gmail.com', '1991-04-07'),
(855, 'BOGDAN', 'KLOCEK', 48238482441, 'bog9232@gmail.com', '1946-07-04'),
(856, 'OSKAR', 'LANGE', 48763384298, 'osk3877@gmail.com', '1965-01-24'),
(857, 'JERZY', 'JANKIEWICZ', 48543812109, 'jer7826@gmail.com', '2001-11-28'),
(858, 'ZDZISŁAW', 'SZYMANOWICZ', 48357880546, 'zdz3480@gmail.com', '1977-02-02'),
(859, 'JULIAN', 'SZCZEPANIK', 48504287910, 'jul5598@gmail.com', '2003-08-19'),
(860, 'LUDWIK', 'FRANCZAK', 48860592206, 'lud7360@gmail.com', '1945-09-13'),
(861, 'RYSZARD', 'SZCZUKA', 48830349131, 'rys4497@gmail.com', '1948-07-18'),
(862, 'ROMAN', 'SUSZYŃSKI', 48979810246, 'rom7860@gmail.com', '1994-05-18'),
(863, 'WŁADYSŁAW', 'POLAK', 48668785315, 'wła8778@gmail.com', '1955-10-20'),
(864, 'HUBERT', 'PETROV', 48989606935, 'hub6635@gmail.com', '1977-09-08'),
(865, 'ROMAN', 'JAROCKI', 48884641325, 'rom5542@gmail.com', '1973-01-29'),
(866, 'WŁODZIMIERZ', 'RUSNAK', 48331691010, 'wło5003@gmail.com', '1957-06-15'),
(867, 'HENRYK', 'GINTER', 48494122724, 'hen4915@gmail.com', '1985-07-21'),
(868, 'LUCJAN', 'ROWICKI', 48770238073, 'luc8662@gmail.com', '1982-07-19'),
(869, 'WACŁAW', 'ŚWIEBODA', 48739759807, 'wac7003@gmail.com', '2004-10-04'),
(870, 'WALDEMAR', 'PONICHTERA', 48673427230, 'wal6530@gmail.com', '1988-05-05'),
(871, 'ANTONI', 'GAWRYLUK', 48194859201, 'ant3839@gmail.com', '1941-08-27'),
(872, 'WŁODZIMIERZ', 'SOBECKI', 48210797241, 'wło4317@gmail.com', '1946-09-20'),
(873, 'BOGDAN', 'DEJA', 48593700499, 'bog1380@gmail.com', '1974-06-27'),
(874, 'ROMAN', 'KŁYS', 48839567249, 'rom6067@gmail.com', '1986-06-21'),
(875, 'KAMIL', 'WIJATA', 48361563264, 'kam8434@gmail.com', '1953-09-24'),
(876, 'BRONISŁAW', 'SZEWC', 48974415835, 'bro7413@gmail.com', '1949-08-25'),
(877, 'MACIEJ', 'DAWIDOWSKI', 48469062256, 'mac1275@gmail.com', '1955-02-27'),
(878, 'ROMAN', 'GABRYSIAK', 48613795662, 'rom6777@gmail.com', '1975-01-09'),
(879, 'ADRIAN', 'SULOWSKI', 48720210476, 'adr5582@gmail.com', '1993-11-22'),
(880, 'ZENON', 'MĄKOSA', 48373559453, 'zen8609@gmail.com', '1961-03-10'),
(881, 'STANISŁAW', 'JĘDRAS', 48401906601, 'sta5912@gmail.com', '2005-07-26'),
(882, 'OSKAR', 'BARCZYK', 48787395310, 'osk7027@gmail.com', '1997-03-23'),
(883, 'MATEUSZ', 'KACZOR', 48785876327, 'mat8026@gmail.com', '1984-07-26'),
(884, 'KAROL', 'GUTOWSKI', 48125961949, 'kar4615@gmail.com', '2000-08-16'),
(885, 'KAMIL', 'WARCHOŁ', 48631650208, 'kam4943@gmail.com', '1954-05-07'),
(886, 'DANIEL', 'KACZMARSKI', 48313599538, 'dan9977@gmail.com', '1977-10-22'),
(887, 'KACPER', 'BARTOSZ', 48817650173, 'kac4635@gmail.com', '1978-05-13'),
(888, 'FELIKS', 'NIEDZIELA', 48743431429, 'fel4064@gmail.com', '1945-02-24'),
(889, 'ADRIAN', 'SZYMANEK', 48487731646, 'adr1141@gmail.com', '1972-12-24'),
(890, 'MAKSYMILIAN', 'DUSZA', 48895121183, 'mak1993@gmail.com', '1962-12-27'),
(891, 'OLIWIER', 'KRUSZYNA', 48852119197, 'oli2200@gmail.com', '1998-01-19'),
(892, 'EDMUND', 'ALEKSANDROWICZ', 48507330090, 'edm2634@gmail.com', '1986-01-27'),
(893, 'PATRYK', 'PEPLIŃSKI', 48490579853, 'pat4672@gmail.com', '1996-06-04'),
(894, 'PRZEMYSŁAW', 'SZMYT', 48460796180, 'prz3630@gmail.com', '1956-04-19'),
(895, 'OSKAR', 'TROCHA', 48915545586, 'osk6007@gmail.com', '1952-09-03'),
(896, 'JERZY', 'ŻELECHOWSKI', 48592298778, 'jer3733@gmail.com', '1982-08-09'),
(897, 'WOJCIECH', 'DĄBKOWSKI', 48260626810, 'woj6167@gmail.com', '1989-02-24'),
(898, 'GRZEGORZ', 'STAWIŃSKI', 48565316592, 'grz4606@gmail.com', '1951-04-28'),
(899, 'WALDEMAR', 'GÓRNIK', 48152293562, 'wal3786@gmail.com', '1948-04-06'),
(900, 'KAMIL', 'CHMIELARZ', 48765878162, 'kam6959@gmail.com', '1942-11-12'),
(901, 'TADEUSZ', 'KUFEL', 48126795949, 'tad8321@gmail.com', '1947-06-17'),
(902, 'KAROL', 'LASOCKI', 48701852306, 'kar9376@gmail.com', '1967-12-15'),
(903, 'SZYMON', 'LATOCHA', 48176775135, 'szy5606@gmail.com', '2001-07-21'),
(904, 'ZYGMUNT', 'LATOCHA', 48290774470, 'zyg4461@gmail.com', '1969-05-23'),
(905, 'STANISŁAW', 'OCHOCKI', 48420254297, 'sta3385@gmail.com', '1940-02-15'),
(906, 'PRZEMYSŁAW', 'KIERZEK', 48268922467, 'prz9750@gmail.com', '1962-10-02'),
(907, 'LECH', 'BORUCH', 48764603981, 'lec5498@gmail.com', '1986-10-06'),
(908, 'BARTŁOMIEJ', 'RYCHLIK', 48744189207, 'bar2473@gmail.com', '1967-09-09'),
(909, 'MATEUSZ', 'VASYLIEV', 48815791717, 'mat8900@gmail.com', '1997-08-18'),
(910, 'TOMASZ', 'KORBEL', 48705197654, 'tom8799@gmail.com', '1994-11-25'),
(911, 'JULIAN', 'WILCZEK', 48329688710, 'jul7682@gmail.com', '1983-11-27'),
(912, 'MARCIN', 'NIEDŹWIEDŹ', 48639440366, 'mar5314@gmail.com', '1978-07-14'),
(913, 'IGNACY', 'JASZCZUK', 48128786592, 'ign8685@gmail.com', '2003-06-26'),
(914, 'JACEK', 'CIERNIAK', 48409148435, 'jac2573@gmail.com', '1947-03-18'),
(915, 'MIECZYSŁAW', 'NAPIERAŁA', 48468356591, 'mie2563@gmail.com', '1975-07-11'),
(916, 'FILIP', 'KRZYKOWSKI', 48911242565, 'fil6473@gmail.com', '1969-03-22'),
(917, 'EDWARD', 'KOŁTUN', 48546762313, 'edw1257@gmail.com', '1977-04-09'),
(918, 'MIROSŁAW', 'LELEK', 48505274308, 'mir2964@gmail.com', '1986-09-20'),
(919, 'WACŁAW', 'KUSY', 48953901562, 'wac6500@gmail.com', '1981-07-19'),
(920, 'TOMASZ', 'SZCZECHOWICZ', 48587655530, 'tom3157@gmail.com', '1959-08-26'),
(921, 'DOMINIK', 'GAŁCZYŃSKI', 48663796943, 'dom5268@gmail.com', '1983-06-09'),
(922, 'ANTONI', 'JURA', 48991595951, 'ant6994@gmail.com', '1986-01-06'),
(923, 'TADEUSZ', 'MACIEJOWSKI', 48714127435, 'tad4814@gmail.com', '1974-10-16'),
(924, 'RYSZARD', 'BAJERSKI', 48495012352, 'rys2539@gmail.com', '1950-04-07'),
(925, 'GRZEGORZ', 'ZAGAJEWSKI', 48329696761, 'grz3069@gmail.com', '1959-11-06'),
(926, 'BOGUSŁAW', 'REGULSKI', 48586252028, 'bog9815@gmail.com', '1951-04-26'),
(927, 'DAWID', 'SMOCZYŃSKI', 48377767355, 'daw3635@gmail.com', '1947-07-24'),
(928, 'ADRIAN', 'JAKUBIK', 48698267556, 'adr6350@gmail.com', '1995-12-08'),
(929, 'IGOR', 'CZARNIECKI', 48429292938, 'igo1725@gmail.com', '1981-01-24'),
(930, 'MIKOŁAJ', 'SALWA', 48847161863, 'mik6535@gmail.com', '1986-03-04'),
(931, 'KRZYSZTOF', 'NATKANIEC', 48802297241, 'krz1213@gmail.com', '1978-04-28'),
(932, 'NORBERT', 'WOLAK', 48517066903, 'nor1742@gmail.com', '1957-09-19'),
(933, 'WALDEMAR', 'SIERAKOWSKI', 48931144539, 'wal8432@gmail.com', '1953-04-21'),
(934, 'DARIUSZ', 'MILEWICZ', 48131440703, 'dar7284@gmail.com', '1963-09-26'),
(935, 'FRANCISZEK', 'FURMAN', 48120930932, 'fra8504@gmail.com', '1998-10-05'),
(936, 'SEBASTIAN', 'DURAJ', 48440329681, 'seb3399@gmail.com', '1984-09-18'),
(937, 'KAZIMIERZ', 'MAŁYSA', 48995741895, 'kaz2890@gmail.com', '1972-07-26'),
(938, 'MATEUSZ', 'SZATAN', 48387670243, 'mat6609@gmail.com', '1976-04-14'),
(939, 'FILIP', 'CHWASTEK', 48187834857, 'fil7317@gmail.com', '1965-04-12'),
(940, 'ZENON', 'REJMAN', 48824125392, 'zen5822@gmail.com', '1949-10-04'),
(941, 'ZYGMUNT', 'STAWOWY', 48323541648, 'zyg3337@gmail.com', '2004-10-28'),
(942, 'STEFAN', 'KULAK', 48463890038, 'ste9914@gmail.com', '1955-04-19'),
(943, 'BARTOSZ', 'MIELNIK', 48972362107, 'bar7292@gmail.com', '1969-06-06'),
(944, 'JERZY', 'SZYMANEK', 48922360919, 'jer7293@gmail.com', '1956-12-18'),
(945, 'ŁUKASZ', 'PIECHOWIAK', 48213048303, 'łuk7629@gmail.com', '1948-10-03'),
(946, 'MACIEJ', 'SADŁOWSKI', 48237417181, 'mac8300@gmail.com', '1964-07-06'),
(947, 'ŁUKASZ', 'WILGA', 48202833465, 'łuk6645@gmail.com', '1944-02-11'),
(948, 'JERZY', 'DUDKIEWICZ', 48404529883, 'jer7937@gmail.com', '1981-05-18'),
(949, 'OSKAR', 'GUNIA', 48680906295, 'osk5175@gmail.com', '1982-09-13'),
(950, 'KRYSTIAN', 'CHORNYI', 48847184066, 'kry2664@gmail.com', '1986-10-06'),
(951, 'KAMIL', 'WASILEWSKI', 48572457501, 'kam4087@gmail.com', '1972-03-02'),
(952, 'JERZY', 'GOŁASZEWSKI', 48386303696, 'jer4578@gmail.com', '1957-01-25'),
(953, 'IGNACY', 'KARAŚ', 48499669301, 'ign7124@gmail.com', '1986-06-26'),
(954, 'PIOTR', 'KULIG', 48147746335, 'pio8546@gmail.com', '1965-08-27'),
(955, 'HENRYK', 'WIATER', 48450772575, 'hen6456@gmail.com', '1956-08-27'),
(956, 'WIKTOR', 'WOJTALA', 48850363079, 'wik2450@gmail.com', '1976-04-05'),
(957, 'WŁADYSŁAW', 'BOROWY', 48854511834, 'wła5874@gmail.com', '1973-07-15'),
(958, 'OLIWIER', 'MRÓWKA', 48927513159, 'oli1799@gmail.com', '1991-01-02'),
(959, 'MAKSYMILIAN', 'SZYMANOWICZ', 48872886753, 'mak7842@gmail.com', '1964-04-01'),
(960, 'FRANCISZEK', 'NIEDZIÓŁKA', 48215774290, 'fra4549@gmail.com', '1983-07-25'),
(961, 'RYSZARD', 'FABIAŃSKI', 48224851794, 'rys4511@gmail.com', '1959-05-14'),
(962, 'WALDEMAR', 'PALUCH', 48832885191, 'wal1016@gmail.com', '1983-01-08'),
(963, 'MARCIN', 'JOKIEL', 48869852314, 'mar5682@gmail.com', '1990-01-04'),
(964, 'ARTUR', 'KANIOWSKI', 48120343257, 'art5203@gmail.com', '1968-06-14'),
(965, 'MAKSYMILIAN', 'MARCHEWKA', 48667138863, 'mak5712@gmail.com', '1984-05-07'),
(966, 'NORBERT', 'WĄSIK', 48281215288, 'nor2527@gmail.com', '1974-06-15'),
(967, 'MACIEJ', 'ŻABA', 48859469173, 'mac5346@gmail.com', '1950-01-07'),
(968, 'ROMAN', 'ZDANOWICZ', 48604769847, 'rom5852@gmail.com', '1984-01-26'),
(969, 'LUCJAN', 'KUMOR', 48333537063, 'luc1935@gmail.com', '1998-08-21'),
(970, 'MIKOŁAJ', 'SULEWSKI', 48901546614, 'mik8801@gmail.com', '1954-04-25'),
(971, 'BARTŁOMIEJ', 'WĘGLIŃSKI', 48584538898, 'bar6276@gmail.com', '2003-09-19'),
(972, 'IGOR', 'DOBRZYŃSKI', 48810732740, 'igo7327@gmail.com', '1993-08-03'),
(973, 'MIŁOSZ', 'KUROWSKI', 48274476025, 'mił1138@gmail.com', '1985-12-22'),
(974, 'WŁADYSŁAW', 'KĘDRA', 48520740315, 'wła1175@gmail.com', '1991-03-18'),
(975, 'WOJCIECH', 'GĘBALA', 48705268983, 'woj3055@gmail.com', '2004-09-21'),
(976, 'ALEKSANDER', 'KUPIEC', 48613149060, 'ale5280@gmail.com', '2004-01-16'),
(977, 'JULIAN', 'ŁYSIK', 48936920192, 'jul9910@gmail.com', '1957-10-23'),
(978, 'WALDEMAR', 'SUKIENNIK', 48434023981, 'wal1478@gmail.com', '1942-01-24'),
(979, 'MATEUSZ', 'STRUGAŁA', 48849134386, 'mat1189@gmail.com', '1961-10-18'),
(980, 'MACIEJ', 'GOLIS', 48844830194, 'mac8236@gmail.com', '1942-01-21'),
(981, 'PRZEMYSŁAW', 'ZASTAWNY', 48853543136, 'prz7498@gmail.com', '1983-03-21'),
(982, 'ALEKSANDER', 'CYWIŃSKI', 48210246442, 'ale2388@gmail.com', '1962-04-24'),
(983, 'JAROSŁAW', 'SAMBORSKI', 48615859904, 'jar3865@gmail.com', '1961-02-09'),
(984, 'MATEUSZ', 'ŚWIERK', 48499384405, 'mat7431@gmail.com', '1990-05-08'),
(985, 'LUCJAN', 'BRAUN', 48102357214, 'luc8883@gmail.com', '1959-06-07'),
(986, 'ZDZISŁAW', 'JUSKOWIAK', 48374651226, 'zdz2331@gmail.com', '1992-08-14'),
(987, 'MIKOŁAJ', 'GŁOWALA', 48828427996, 'mik9073@gmail.com', '1996-10-26'),
(988, 'EDMUND', 'MENCEL', 48139400681, 'edm4981@gmail.com', '1955-06-24'),
(989, 'WOJCIECH', 'SKAWIŃSKI', 48893493736, 'woj9720@gmail.com', '1944-02-03'),
(990, 'WACŁAW', 'BIELEC', 48154811134, 'wac5883@gmail.com', '1993-05-26'),
(991, 'WITOLD', 'SOJKA', 48555416074, 'wit6718@gmail.com', '1965-10-11'),
(992, 'WŁODZIMIERZ', 'GRYCZKA', 48862919202, 'wło4683@gmail.com', '1985-10-19'),
(993, 'BOLESŁAW', 'WIERZCHOWSKI', 48500929445, 'bol2346@gmail.com', '1952-11-08'),
(994, 'BRONISŁAW', 'DUDZIŃSKI', 48961810574, 'bro5427@gmail.com', '1956-10-07'),
(995, 'SEBASTIAN', 'TARASENKO', 48923778331, 'seb1021@gmail.com', '1982-09-04'),
(996, 'LUCJAN', 'JUNG', 48508754642, 'luc6410@gmail.com', '1999-05-24'),
(997, 'WŁADYSŁAW', 'MIELNIK', 48260615943, 'wła1695@gmail.com', '1992-11-27'),
(998, 'TADEUSZ', 'DROZDOWSKI', 48204337725, 'tad2446@gmail.com', '1950-11-13'),
(999, 'OLIWIER', 'MIĘTUS', 48862224146, 'oli7845@gmail.com', '1988-09-19'),
(1000, 'HUBERT', 'GRUNWALD', 48542730693, 'hub7352@gmail.com', '1958-09-05');

-- --------------------------------------------------------

--
-- Table structure for table `wypozyczenia`
--

CREATE TABLE `wypozyczenia` (
  `id` int(11) NOT NULL,
  `id_auta` int(11) NOT NULL,
  `id_klienta` int(11) NOT NULL,
  `data_wypozyczenia` date NOT NULL,
  `data_zwrotu` date DEFAULT NULL
) ENGINE=InnoDB DEFAULT CHARSET=utf8 COLLATE=utf8_bin;

--
-- Dumping data for table `wypozyczenia`
--

INSERT INTO `wypozyczenia` (`id`, `id_auta`, `id_klienta`, `data_wypozyczenia`, `data_zwrotu`) VALUES
(1, 113, 306, '2022-05-15', '2022-05-26'),
(2, 184, 680, '2022-02-08', '2022-02-21'),
(3, 179, 519, '2022-07-17', '2022-07-22'),
(4, 48, 491, '2022-06-02', '2022-06-14'),
(5, 15, 280, '2022-03-16', '2022-03-27'),
(6, 107, 776, '2022-10-05', '2022-10-07'),
(7, 125, 3, '2022-02-24', '2022-03-05'),
(8, 20, 103, '2022-06-29', '2022-07-05'),
(9, 198, 983, '2022-11-23', '2022-12-04'),
(10, 73, 265, '2022-03-02', '2022-03-09'),
(11, 49, 285, '2022-08-22', '2022-09-05'),
(12, 104, 970, '2022-08-27', '2022-09-06'),
(13, 179, 525, '2022-09-19', '2022-09-22'),
(14, 5, 863, '2022-06-30', '2022-07-10'),
(15, 103, 772, '2022-05-13', '2022-05-24'),
(16, 17, 459, '2022-01-31', '2022-02-13'),
(17, 156, 763, '2022-08-26', '2022-08-31'),
(18, 178, 480, '2022-09-28', '2022-10-04'),
(19, 159, 591, '2022-03-27', '2022-03-30'),
(20, 200, 995, '2022-12-10', '2022-12-21'),
(21, 69, 426, '2022-08-03', '2022-08-09'),
(22, 148, 799, '2022-08-18', '2022-08-31'),
(23, 155, 879, '2022-02-20', '2022-02-24'),
(24, 58, 476, '2022-06-20', '2022-06-30'),
(25, 89, 434, '2022-02-02', '2022-02-06'),
(26, 51, 578, '2022-01-07', '2022-01-19'),
(27, 105, 746, '2022-01-31', '2022-02-05'),
(28, 78, 239, '2022-08-10', '2022-08-18'),
(29, 125, 842, '2022-12-02', '2022-12-04'),
(30, 55, 267, '2022-11-12', '2022-11-21'),
(31, 142, 48, '2022-05-17', '2022-05-24'),
(32, 34, 595, '2022-06-24', '2022-06-26'),
(33, 176, 701, '2022-11-01', '2022-11-03'),
(34, 62, 306, '2022-07-06', '2022-07-17'),
(35, 89, 510, '2022-12-16', '2022-12-26'),
(36, 163, 977, '2022-12-04', '2022-12-11'),
(37, 140, 404, '2022-12-16', '2022-12-29'),
(38, 70, 232, '2022-11-09', '2022-11-17'),
(39, 157, 175, '2022-12-04', '2022-12-15'),
(40, 156, 779, '2022-02-19', '2022-02-26'),
(41, 99, 614, '2022-06-06', '2022-06-08'),
(42, 166, 811, '2022-01-27', '2022-02-05'),
(43, 180, 160, '2022-01-27', '2022-02-08'),
(44, 11, 41, '2022-05-09', '2022-05-13'),
(45, 185, 232, '2022-12-24', '2022-12-31'),
(46, 125, 578, '2022-10-23', '2022-11-04'),
(47, 169, 117, '2022-01-21', '2022-01-24'),
(48, 82, 565, '2022-07-05', '2022-07-10'),
(49, 181, 87, '2022-07-20', '2022-07-28'),
(50, 162, 511, '2022-06-17', '2022-06-29'),
(51, 111, 570, '2022-04-04', '2022-04-16'),
(52, 78, 410, '2022-08-04', '2022-08-17'),
(53, 11, 168, '2022-07-12', '2022-07-26'),
(54, 190, 434, '2022-12-19', '2022-12-28'),
(55, 181, 789, '2022-03-06', '2022-03-09'),
(56, 12, 523, '2022-01-18', '2022-01-23'),
(57, 32, 581, '2022-12-12', '2022-12-16'),
(58, 98, 697, '2022-01-07', '2022-01-19'),
(59, 123, 661, '2022-05-24', '2022-05-29'),
(60, 69, 487, '2022-11-26', '2022-12-07'),
(61, 161, 496, '2022-03-18', '2022-03-29'),
(62, 183, 449, '2022-07-12', '2022-07-21'),
(63, 186, 103, '2022-06-09', '2022-06-16'),
(64, 72, 73, '2022-05-16', '2022-05-29'),
(65, 134, 286, '2022-04-12', '2022-04-20'),
(66, 150, 704, '2022-01-27', '2022-02-06'),
(67, 127, 197, '2022-07-17', '2022-07-23'),
(68, 121, 349, '2022-11-26', '2022-12-06'),
(69, 67, 513, '2022-07-31', '2022-08-10'),
(70, 68, 638, '2022-08-26', '2022-09-02'),
(71, 60, 43, '2022-10-03', '2022-10-06'),
(72, 44, 552, '2022-07-24', '2022-08-07'),
(73, 121, 345, '2022-04-16', '2022-04-22'),
(74, 99, 57, '2022-01-20', '2022-01-24'),
(75, 48, 466, '2022-02-24', '2022-03-02'),
(76, 104, 163, '2022-08-15', '2022-08-21'),
(77, 192, 277, '2022-07-31', '2022-08-13'),
(78, 63, 383, '2022-10-23', '2022-10-29'),
(79, 83, 980, '2022-01-10', '2022-01-16'),
(80, 133, 404, '2022-04-30', '2022-05-09'),
(81, 178, 972, '2022-01-29', '2022-02-09'),
(82, 25, 360, '2022-03-25', '2022-04-07'),
(83, 154, 767, '2022-02-12', '2022-02-19'),
(84, 50, 187, '2022-02-20', '2022-03-05'),
(85, 7, 322, '2022-12-05', '2022-12-19'),
(86, 38, 749, '2022-07-12', '2022-07-20'),
(87, 70, 598, '2022-08-27', '2022-08-29'),
(88, 116, 321, '2022-08-21', '2022-09-02'),
(89, 57, 735, '2022-02-03', '2022-02-10'),
(90, 143, 766, '2022-11-28', '2022-12-02'),
(91, 69, 292, '2022-11-09', '2022-11-22'),
(92, 164, 842, '2022-09-11', '2022-09-19'),
(93, 77, 840, '2022-09-06', '2022-09-14'),
(94, 23, 372, '2022-04-20', '2022-04-30'),
(95, 65, 808, '2022-01-14', '2022-01-16'),
(96, 119, 833, '2022-06-01', '2022-06-10'),
(97, 198, 726, '2022-06-21', '2022-07-05'),
(98, 84, 75, '2022-09-16', '2022-09-22'),
(99, 141, 880, '2022-12-03', '2022-12-06'),
(100, 74, 801, '2022-10-17', '2022-10-28'),
(101, 123, 158, '2022-12-21', '2023-01-03'),
(102, 188, 876, '2022-05-29', '2022-06-11'),
(103, 46, 70, '2022-09-02', '2022-09-05'),
(104, 96, 747, '2022-11-05', '2022-11-11'),
(105, 53, 383, '2022-12-08', '2022-12-10'),
(106, 154, 353, '2022-03-11', '2022-03-15'),
(107, 158, 743, '2022-06-30', '2022-07-11'),
(108, 132, 136, '2022-11-04', '2022-11-14'),
(109, 108, 338, '2022-11-17', '2022-11-21'),
(110, 55, 972, '2022-06-19', '2022-06-26'),
(111, 79, 184, '2022-01-30', '2022-02-03'),
(112, 118, 505, '2022-02-25', '2022-03-03'),
(113, 39, 95, '2022-01-08', '2022-01-16'),
(114, 140, 812, '2022-01-23', '2022-01-29'),
(115, 81, 424, '2022-01-31', '2022-02-13'),
(116, 80, 624, '2022-12-26', '2023-01-02'),
(117, 122, 473, '2022-08-27', '2022-09-06'),
(118, 147, 112, '2022-01-12', '2022-01-15'),
(119, 136, 276, '2022-10-08', '2022-10-18'),
(120, 161, 838, '2022-08-21', '2022-08-23'),
(121, 66, 108, '2022-09-21', '2022-09-24'),
(122, 40, 119, '2022-02-02', '2022-02-11'),
(123, 102, 122, '2022-10-18', '2022-10-30'),
(124, 31, 781, '2022-07-24', '2022-07-31'),
(125, 177, 892, '2022-01-16', '2022-01-25'),
(126, 78, 735, '2022-06-14', '2022-06-27'),
(127, 45, 705, '2022-07-01', '2022-07-10'),
(128, 153, 481, '2022-09-02', '2022-09-06'),
(129, 121, 482, '2022-06-03', '2022-06-16'),
(130, 25, 426, '2022-01-25', '2022-02-06'),
(131, 172, 339, '2022-02-17', '2022-02-26'),
(132, 161, 365, '2022-07-20', '2022-07-31'),
(133, 21, 935, '2022-09-22', '2022-10-04'),
(134, 51, 615, '2022-07-26', '2022-08-08'),
(135, 19, 281, '2022-09-18', '2022-10-02'),
(136, 142, 945, '2022-07-31', '2022-08-05'),
(137, 184, 341, '2022-12-26', '2023-01-08'),
(138, 138, 901, '2022-12-12', '2022-12-20'),
(139, 81, 709, '2022-03-10', '2022-03-20'),
(140, 114, 969, '2022-06-27', '2022-07-04'),
(141, 195, 838, '2022-02-20', '2022-02-27'),
(142, 181, 971, '2022-01-31', '2022-02-09'),
(143, 61, 135, '2022-01-24', '2022-01-31'),
(144, 176, 46, '2022-10-27', '2022-10-31'),
(145, 195, 210, '2022-04-16', '2022-04-21'),
(146, 62, 690, '2022-07-30', '2022-08-09'),
(147, 88, 204, '2022-03-12', '2022-03-19'),
(148, 80, 619, '2022-08-24', '2022-09-03'),
(149, 163, 90, '2022-08-21', '2022-08-29'),
(150, 42, 179, '2022-05-08', '2022-05-13'),
(151, 35, 736, '2021-04-03', '2021-04-11'),
(152, 192, 358, '2021-10-21', '2021-10-28'),
(153, 133, 404, '2021-09-21', '2021-10-03'),
(154, 40, 906, '2021-10-30', '2021-11-04'),
(155, 71, 319, '2021-12-05', '2021-12-12'),
(156, 63, 236, '2021-06-30', '2021-07-04'),
(157, 126, 835, '2021-03-29', '2021-04-01'),
(158, 92, 299, '2021-09-24', '2021-09-28'),
(159, 31, 492, '2021-12-27', '2022-01-07'),
(160, 139, 460, '2021-12-12', '2021-12-23'),
(161, 186, 925, '2021-07-18', '2021-07-30'),
(162, 14, 502, '2021-10-03', '2021-10-11'),
(163, 140, 621, '2021-01-31', '2021-02-04'),
(164, 75, 613, '2021-04-10', '2021-04-13'),
(165, 171, 965, '2021-08-01', '2021-08-08'),
(166, 193, 684, '2021-12-26', '2021-12-30'),
(167, 36, 263, '2021-09-24', '2021-10-01'),
(168, 154, 866, '2021-03-03', '2021-03-15'),
(169, 49, 183, '2021-02-08', '2021-02-14'),
(170, 27, 924, '2021-10-02', '2021-10-09'),
(171, 164, 399, '2021-01-25', '2021-01-31'),
(172, 185, 169, '2021-04-28', '2021-05-11'),
(173, 7, 361, '2021-07-12', '2021-07-21'),
(174, 200, 885, '2021-06-17', '2021-06-22'),
(175, 176, 794, '2021-10-02', '2021-10-11'),
(176, 152, 315, '2021-01-14', '2021-01-23'),
(177, 94, 943, '2021-11-23', '2021-11-26'),
(178, 129, 191, '2021-12-22', '2022-01-03'),
(179, 121, 280, '2021-07-24', '2021-08-07'),
(180, 175, 221, '2021-12-28', '2022-01-08'),
(181, 57, 684, '2021-08-31', '2021-09-05'),
(182, 24, 719, '2021-08-27', '2021-09-02'),
(183, 20, 927, '2021-06-13', '2021-06-22'),
(184, 92, 91, '2021-08-24', '2021-08-31'),
(185, 134, 467, '2021-10-20', '2021-10-31'),
(186, 95, 738, '2021-08-04', '2021-08-14'),
(187, 115, 627, '2021-08-05', '2021-08-17'),
(188, 110, 748, '2021-09-03', '2021-09-05'),
(189, 25, 874, '2021-12-01', '2021-12-03'),
(190, 191, 952, '2021-10-19', '2021-10-23'),
(191, 128, 277, '2021-01-16', '2021-01-24'),
(192, 114, 833, '2021-01-02', '2021-01-13'),
(193, 190, 336, '2021-06-10', '2021-06-19'),
(194, 165, 433, '2021-01-21', '2021-02-03'),
(195, 25, 220, '2021-09-18', '2021-09-30'),
(196, 87, 22, '2021-09-29', '2021-10-05'),
(197, 7, 198, '2021-09-26', '2021-10-02'),
(198, 64, 486, '2021-07-19', '2021-07-24'),
(199, 38, 505, '2021-06-07', '2021-06-14'),
(200, 157, 558, '2021-10-13', '2021-10-22'),
(201, 116, 959, '2021-07-08', '2021-07-20'),
(202, 117, 790, '2021-07-31', '2021-08-14'),
(203, 85, 627, '2021-06-14', '2021-06-25'),
(204, 143, 358, '2021-08-04', '2021-08-13'),
(205, 189, 117, '2021-11-04', '2021-11-14'),
(206, 102, 197, '2021-07-22', '2021-07-27'),
(207, 136, 477, '2021-10-19', '2021-10-23'),
(208, 34, 803, '2021-07-29', '2021-08-09'),
(209, 197, 842, '2021-11-20', '2021-12-01'),
(210, 168, 362, '2021-09-02', '2021-09-12'),
(211, 34, 810, '2021-12-21', '2022-01-01'),
(212, 89, 774, '2021-08-05', '2021-08-16'),
(213, 178, 979, '2021-06-20', '2021-06-24'),
(214, 200, 905, '2021-12-19', '2022-01-01'),
(215, 55, 632, '2021-06-23', '2021-07-03'),
(216, 198, 187, '2021-04-30', '2021-05-10'),
(217, 156, 178, '2021-03-16', '2021-03-29'),
(218, 140, 4, '2021-11-22', '2021-11-24'),
(219, 26, 629, '2021-07-22', '2021-07-28'),
(220, 129, 41, '2021-06-08', '2021-06-11'),
(221, 108, 638, '2021-03-07', '2021-03-20'),
(222, 189, 11, '2021-05-22', '2021-05-26'),
(223, 199, 790, '2021-11-02', '2021-11-07'),
(224, 173, 515, '2021-08-04', '2021-08-09'),
(225, 168, 600, '2021-06-27', '2021-06-30'),
(226, 199, 469, '2021-03-01', '2021-03-11'),
(227, 93, 361, '2021-06-08', '2021-06-13'),
(228, 175, 907, '2021-11-10', '2021-11-22'),
(229, 199, 888, '2021-09-01', '2021-09-04'),
(230, 151, 130, '2021-06-18', '2021-06-21'),
(231, 144, 744, '2021-06-19', '2021-06-25'),
(232, 41, 840, '2021-12-12', '2021-12-26'),
(233, 192, 740, '2021-06-08', '2021-06-19'),
(234, 8, 650, '2021-02-09', '2021-02-14'),
(235, 146, 274, '2021-01-26', '2021-01-31'),
(236, 69, 416, '2021-10-10', '2021-10-13'),
(237, 39, 353, '2021-08-10', '2021-08-20'),
(238, 67, 135, '2021-01-20', '2021-01-30'),
(239, 14, 259, '2021-03-22', '2021-04-05'),
(240, 52, 442, '2021-12-15', '2021-12-25'),
(241, 89, 702, '2021-03-19', '2021-03-28'),
(242, 69, 204, '2021-04-03', '2021-04-15'),
(243, 77, 389, '2021-04-16', '2021-04-19'),
(244, 9, 355, '2021-11-19', '2021-11-23'),
(245, 176, 342, '2021-10-21', '2021-10-24'),
(246, 153, 30, '2021-03-23', '2021-04-04'),
(247, 177, 231, '2021-06-19', '2021-06-26'),
(248, 51, 516, '2021-06-28', '2021-07-09'),
(249, 15, 192, '2021-01-08', '2021-01-21'),
(250, 50, 621, '2021-11-08', '2021-11-12'),
(251, 111, 674, '2021-02-19', '2021-02-27'),
(252, 113, 95, '2021-07-08', '2021-07-18'),
(253, 130, 264, '2021-02-26', '2021-03-03'),
(254, 153, 970, '2021-07-03', '2021-07-14'),
(255, 97, 269, '2021-01-25', '2021-01-28'),
(256, 147, 419, '2021-12-05', '2021-12-11'),
(257, 28, 65, '2021-05-07', '2021-05-11'),
(258, 103, 614, '2021-02-17', '2021-02-27'),
(259, 4, 809, '2021-04-27', '2021-05-10'),
(260, 156, 632, '2021-08-02', '2021-08-12'),
(261, 106, 368, '2021-10-29', '2021-11-03'),
(262, 120, 364, '2021-08-17', '2021-08-21'),
(263, 174, 924, '2021-07-24', '2021-08-06'),
(264, 4, 548, '2021-05-01', '2021-05-03'),
(265, 47, 361, '2021-07-06', '2021-07-13'),
(266, 174, 245, '2021-09-11', '2021-09-19'),
(267, 34, 216, '2021-03-12', '2021-03-14'),
(268, 147, 456, '2021-06-20', '2021-06-27'),
(269, 141, 350, '2021-02-25', '2021-03-06'),
(270, 12, 787, '2021-03-15', '2021-03-19'),
(271, 200, 493, '2021-12-09', '2021-12-11'),
(272, 76, 724, '2021-05-21', '2021-05-27'),
(273, 82, 978, '2021-07-21', '2021-07-29'),
(274, 17, 390, '2021-05-07', '2021-05-09'),
(275, 52, 622, '2021-03-18', '2021-03-22'),
(276, 115, 415, '2021-12-25', '2021-12-28'),
(277, 117, 743, '2021-05-18', '2021-05-20'),
(278, 107, 988, '2021-04-26', '2021-04-30'),
(279, 134, 741, '2021-05-18', '2021-05-23'),
(280, 165, 78, '2021-06-17', '2021-06-26'),
(281, 50, 221, '2021-10-02', '2021-10-09'),
(282, 18, 359, '2021-11-12', '2021-11-21'),
(283, 67, 523, '2021-05-07', '2021-05-18'),
(284, 63, 67, '2021-02-22', '2021-02-28'),
(285, 118, 469, '2021-12-19', '2021-12-28'),
(286, 198, 717, '2021-07-30', '2021-08-04'),
(287, 192, 473, '2021-11-18', '2021-11-24'),
(288, 41, 260, '2021-12-09', '2021-12-21'),
(289, 40, 514, '2021-06-07', '2021-06-19'),
(290, 55, 922, '2021-10-19', '2021-10-26'),
(291, 177, 508, '2021-07-18', '2021-07-25'),
(292, 129, 738, '2021-08-09', '2021-08-12'),
(293, 130, 607, '2021-11-10', '2021-11-15'),
(294, 121, 786, '2021-04-02', '2021-04-06'),
(295, 43, 215, '2021-10-25', '2021-11-01'),
(296, 18, 906, '2021-07-06', '2021-07-16'),
(297, 120, 152, '2021-05-29', '2021-06-09'),
(298, 132, 125, '2021-08-10', '2021-08-22'),
(299, 9, 426, '2021-03-12', '2021-03-21'),
(300, 195, 379, '2021-03-25', '2021-04-03'),
(301, 193, 590, '2023-12-08', NULL),
(302, 165, 976, '2023-12-07', NULL),
(303, 157, 325, '2023-12-09', NULL),
(304, 122, 4, '2023-12-10', NULL),
(305, 63, 774, '2023-12-07', NULL),
(306, 187, 478, '2023-12-09', NULL),
(307, 13, 119, '2023-12-09', NULL),
(308, 144, 23, '2023-12-09', NULL),
(309, 47, 125, '2023-12-11', NULL),
(310, 107, 745, '2023-12-11', NULL),
(311, 90, 240, '2023-12-09', NULL),
(312, 25, 530, '2023-12-11', NULL),
(313, 137, 568, '2023-12-09', NULL),
(314, 42, 328, '2023-12-07', NULL),
(315, 161, 323, '2023-12-12', NULL),
(316, 159, 454, '2023-12-12', NULL),
(317, 190, 423, '2023-12-09', NULL),
(318, 5, 796, '2023-12-10', NULL),
(319, 67, 540, '2023-12-09', NULL),
(320, 1, 697, '2023-12-09', NULL),
(321, 36, 53, '2023-12-12', NULL),
(322, 7, 230, '2023-12-10', NULL),
(323, 120, 368, '2023-12-10', NULL),
(324, 22, 565, '2023-12-10', NULL),
(325, 18, 332, '2023-12-06', NULL),
(326, 7, 644, '2023-12-09', NULL),
(327, 48, 6, '2023-12-11', NULL),
(328, 64, 672, '2023-12-07', NULL),
(329, 102, 103, '2023-12-09', NULL),
(330, 119, 91, '2023-12-11', NULL),
(331, 146, 46, '2023-12-09', NULL),
(332, 9, 574, '2023-12-11', NULL),
(333, 42, 357, '2023-12-07', NULL),
(334, 74, 116, '2023-12-12', NULL),
(335, 161, 137, '2023-12-07', NULL);

--
-- Indexes for dumped tables
--

--
-- Indexes for table `flota`
--
ALTER TABLE `flota`
  ADD PRIMARY KEY (`id`);
ALTER TABLE `flota` ADD FULLTEXT KEY `marka` (`marka`,`model`,`kolor`);

--
-- Indexes for table `klienci`
--
ALTER TABLE `klienci`
  ADD PRIMARY KEY (`id`);

--
-- Indexes for table `wypozyczenia`
--
ALTER TABLE `wypozyczenia`
  ADD PRIMARY KEY (`id`),
  ADD KEY `id_auta` (`id_auta`),
  ADD KEY `id_klienta` (`id_klienta`);

--
-- AUTO_INCREMENT for dumped tables
--

--
-- AUTO_INCREMENT for table `flota`
--
ALTER TABLE `flota`
  MODIFY `id` int(11) NOT NULL AUTO_INCREMENT, AUTO_INCREMENT=201;

--
-- AUTO_INCREMENT for table `klienci`
--
ALTER TABLE `klienci`
  MODIFY `id` int(11) NOT NULL AUTO_INCREMENT, AUTO_INCREMENT=1001;

--
-- AUTO_INCREMENT for table `wypozyczenia`
--
ALTER TABLE `wypozyczenia`
  MODIFY `id` int(11) NOT NULL AUTO_INCREMENT, AUTO_INCREMENT=336;

--
-- Constraints for dumped tables
--

--
-- Constraints for table `wypozyczenia`
--
ALTER TABLE `wypozyczenia`
  ADD CONSTRAINT `id_auta` FOREIGN KEY (`id_auta`) REFERENCES `flota` (`id`),
  ADD CONSTRAINT `id_klienta` FOREIGN KEY (`id_klienta`) REFERENCES `klienci` (`id`);
COMMIT;

/*!40101 SET CHARACTER_SET_CLIENT=@OLD_CHARACTER_SET_CLIENT */;
/*!40101 SET CHARACTER_SET_RESULTS=@OLD_CHARACTER_SET_RESULTS */;
/*!40101 SET COLLATION_CONNECTION=@OLD_COLLATION_CONNECTION */;
